{"label": "Y", "features": [0.0, 0.0, -0.19907233710789757, 0.767500277951718, -0.5350275039291655, 1.4257764840709042, -0.7780876251208005, 2.074117611491217, -0.9080649915298229, 2.7139586508471174, -1.0431978535974606, 0.22907668673752826, -1.0172770478905353, -0.2722620089533108, -0.9252419667439942, -0.7215908766248244, -0.8268601417327186, -1.0916811406377198, -0.9212511136038974, -0.3889682867375339, -0.7953581493655677, -0.9069192304670209, -0.6956297332625045, -1.2462859330370812, -0.5857061893204717, -1.5136027170886206, -0.7194632798647599, -0.8285320088116236, -0.5792530227053346, -1.243896570640946, -0.49931752168117716, -1.5546870482319393, -0.4186825485475189, -1.7772359007794511, -0.48363990570050025, -1.1086469868470603, -0.31853959866667797, -1.4837425531208257, -0.2218013185507325, -1.7277664868019937, -0.13362835334622053, -1.882488000927603], "timestamp": 1767299820}