{"label": "Y", "features": [0.0, 0.0, 0.15354459687654426, -0.4514434295264388, 0.327016718683269, -0.920440613718431, 0.5006356716403829, -1.2218951167570737, 0.6359501841944571, -1.359489318875711, 0.1212263355837586, -1.2225375483582832, 0.49718332687598266, -1.3421404027286017, 0.5637748790380337, -1.0623560022111176, 0.5022466450150863, -0.900613695317221, 0.06546729685993447, -0.9978547093023246, 0.48223156521374777, -1.0936216110467294, 0.5248198497476517, -0.8434028409347946, 0.46063795990921175, -0.7508422964596314, 0.059783118609616825, -0.7130707987505972, 0.45346389866500564, -0.7578488614285787, 0.4630360207592118, -0.5585580226466095, 0.3839725219192785, -0.5013942992507276, 0.08686911530383858, -0.40858396054687757, 0.44859871194241496, -0.45593863800465345, 0.5049971006260207, -0.3473731355910063, 0.4796718088252943, -0.30204944110725723], "timestamp": 1767299760}