{"label": "Y", "features": [0.0, 0.0, 0.303574401348568, -0.10580842398660271, 0.4780168419282294, -0.4608947319828492, 0.5390002036254115, -0.7929503523900517, 0.552927374894945, -1.0759851009746255, 0.21356312032047056, -0.8798856268795157, 0.3243952765388441, -1.202945520786067, 0.4655539166249954, -1.337227897101943, 0.5828226994872864, -1.3727999906713229, 0.11512291768190243, -0.9933512458184203, 0.2540811921174555, -1.3704014855334734, 0.40336645787264785, -1.4750835664690765, 0.5335947258778608, -1.456782066348359, -0.0008061225104789475, -1.0889402260799308, 0.13902512834567693, -1.4755747973738995, 0.29124591053851784, -1.539944454953442, 0.40636131926674696, -1.4583541021335178, -0.1457727710062575, -1.167706243421434, -0.04716010465751477, -1.5409506547456686, 0.09320815749844034, -1.6467910523414608, 0.22754939432214272, -1.6088296581580892], "timestamp": 1767299934}