{"label": "Y", "features": [0.0, 0.0, 0.1481745689839085, -0.39977483612007914, 0.32625015351763675, -0.8040491628079555, 0.5118034754668784, -1.0611069000683435, 0.6570002943086825, -1.20000367049996, 0.2168951149100481, -1.1709102982747543, 0.5760280077645027, -1.2255661281001715, 0.583711878008869, -0.9734045836227868, 0.5141608402999774, -0.8900828795352953, 0.16956171921222152, -0.9855195646290739, 0.5709369408131781, -0.9535724530961499, 0.5540179886991256, -0.7217178897101814, 0.47020388378190825, -0.65578949159591, 0.1591883536490703, -0.7231709191929231, 0.5434558750035308, -0.6356931136838521, 0.5140611680405641, -0.46038583509263076, 0.42495151902854167, -0.42549259700821346, 0.1742050888388727, -0.42640322396298547, 0.4974134171904964, -0.3950958692579232, 0.6300627900067652, -0.3142007376520933, 0.7083695886700586, -0.2912691641084869], "timestamp": 1767299945}