{"label": "Y", "features": [0.0, 0.0, 0.2319607664044831, -0.2773889562313526, 0.2998564456782943, -0.5664804933457187, 0.3700199874936582, -0.8011392950175594, 0.4406247967592909, -1.0127751986117202, -0.00653966766392605, -0.9995163304698159, 0.182416938107164, -1.384368115450965, 0.33788445428774216, -1.3891455710458749, 0.4297882767920048, -1.2900838021416525, -0.02355981550097843, -0.9997224233818272, 0.21503240219708664, -1.4484556146034853, 0.3735487822807218, -1.4012320966360936, 0.4472683513886516, -1.2852851657091298, 0.0269127757154778, -0.9621358503245339, 0.24535815050030035, -1.4261037792539855, 0.3978080697285834, -1.379114931519194, 0.46722456676337804, -1.2324201484537305, 0.12647178999794598, -0.893122965917585, 0.28842316401635903, -1.2751966991337278, 0.4125324501110375, -1.3106023183244355, 0.4871703598211838, -1.247251441635564], "timestamp": 1767299932}