{"label": "Y", "features": [0.0, 0.0, 0.1684481807394727, -0.29329049125168843, 0.3438496104056188, -0.6259830036175524, 0.5071934973770716, -0.812024449234018, 0.6259322766837223, -0.8820938124102716, 0.2692908304264925, -1.1264958469681066, 0.6552070396738022, -1.115879448147636, 0.6589797930082356, -0.8751700017370013, 0.5641001359723992, -0.7885955911527726, 0.24042238186050102, -0.9706683610477493, 0.6677552199252128, -0.9576340338206487, 0.6532978774658159, -0.70495735528932, 0.5454377801752098, -0.6103205222646048, 0.2313324479537771, -0.7360498056886761, 0.6214555000348533, -0.7010868070791747, 0.607528212454527, -0.4738374615041818, 0.5123091007565684, -0.399278182571608, 0.23549554920197863, -0.44938109195669906, 0.5502004571495017, -0.5108235500255175, 0.5917163777029582, -0.3732560971058411, 0.5572293806823807, -0.2929894560050245], "timestamp": 1767299900}