{"label": "Y", "features": [0.0, 0.0, -0.23790833996412247, -0.19891485367138143, -0.4171204006088433, -0.6289595309422163, -0.5407826614550679, -0.9608132861818137, -0.6636088107430062, -1.1614239034240887, -0.19775853521034564, -1.0079157499382472, -0.20986144855049285, -1.2935845519000597, -0.20335634179986325, -0.9953329516738733, -0.19030018186968875, -0.7502890178512275, -0.05508948464954824, -0.9984814165342996, -0.06796668040289822, -1.169682915831585, -0.06981559873684286, -0.7756985275211309, -0.06271772632921921, -0.522343395223579, 0.08591443329296583, -0.973097432658238, 0.07683349032376205, -1.148961360010703, 0.04929229324813262, -0.7570133628089654, 0.034576673098306324, -0.48321717480286025, 0.21885730554022378, -0.9469241345126002, 0.2685333365557789, -1.3485795911123932, 0.30974302899385564, -1.6025481933219443, 0.3419653730401487, -1.8507064158032613], "timestamp": 1767299748}