{"label": "Y", "features": [0.0, 0.0, 0.24501368099152715, -0.2875822461250706, 0.3190965876126306, -0.611088915950957, 0.38892641175239695, -0.8387784481051306, 0.43543439537295264, -1.042494993416046, 0.027304199103841714, -1.011858575643083, 0.19610440659944514, -1.4264562886465129, 0.36167018478886376, -1.4899029666343908, 0.4765428294527006, -1.4536051653659992, 0.012416565336842421, -0.9999229058526198, 0.215230865393494, -1.4921130397837086, 0.3939587899116127, -1.5290106605407128, 0.5024549978138141, -1.4789136563391045, 0.060293264568997355, -0.9445996221134858, 0.2509407563409721, -1.4499368062452056, 0.4311972476934663, -1.502973865255651, 0.5413612422777916, -1.4391118760111161, 0.15909792598558686, -0.8564610461167473, 0.3084091998787265, -1.2683907700860968, 0.4374470447140776, -1.373020691855043, 0.5283265743638973, -1.3741408245577709], "timestamp": 1767299931}