{"label": "Y", "features": [0.0, 0.0, 0.2200597880707902, -0.22571412098678975, 0.3479463142418029, -0.5998496166578345, 0.4149852564977687, -0.9162448149554203, 0.4683366256921073, -1.1778950885769612, 0.19987262393435098, -0.9753908790333911, 0.35691995273271676, -1.3106434258849695, 0.4962483946724964, -1.4115132254504588, 0.6002407783553958, -1.443392299950024, 0.14803329933971057, -0.9889823725837134, 0.32386538030154377, -1.3487212391348415, 0.46814889491513023, -1.4349002667189892, 0.582612469248389, -1.4566276552000623, 0.12605900261729508, -0.9579771385556812, 0.30095591861504445, -1.3160523266415043, 0.44433835233699326, -1.3989823638238155, 0.5551865995842502, -1.4105062692314194, 0.1287645265096553, -0.8979118780357569, 0.2631184383326962, -1.2007821406567736, 0.37679539521446137, -1.3086539358925018, 0.4682514155109919, -1.3489971322566892], "timestamp": 1767299929}