{"label": "Y", "features": [0.0, 0.0, 0.21757028033223852, -0.3097808033347102, 0.25945697659249284, -0.651735408453526, 0.2969174370949922, -0.8941415697602995, 0.3551676417485316, -1.1069973167713483, 0.027285980482031957, -0.9813820971999212, 0.12735927370442987, -1.280034305143226, 0.26540120130977624, -1.3722180097677037, 0.37087186501613256, -1.3885851283272572, -0.018932227649601396, -0.9998207635468266, 0.10182920933028271, -1.3833008763863759, 0.2560570595310441, -1.4674844525600481, 0.3854163653481753, -1.4719868456347986, -0.03758647249653491, -0.9980455932188436, 0.08556919237002547, -1.4132545978280864, 0.24949859081009199, -1.5057749074789237, 0.38341031629169325, -1.4936983855730406, -0.030809502760004027, -0.9953565350869135, 0.08287944658737759, -1.3570903816269724, 0.2165872836311532, -1.4503437269429773, 0.3382703444855596, -1.4676931545528984], "timestamp": 1767299933}