{"label": "Y", "features": [0.0, 0.0, 0.13930282185752849, -0.40554625764508195, 0.3455557909728213, -0.8154854977984016, 0.5626736986247594, -1.077123934547397, 0.7239623750644305, -1.239987937076028, 0.26110969348358426, -1.1793030946326284, 0.654292185528695, -1.2153701352476962, 0.6450288804382412, -0.9552544098731977, 0.5611779869063688, -0.879390914606047, 0.2207272078342243, -0.9753355771768296, 0.6490028490526785, -0.9220887938412239, 0.6142799067024822, -0.6847396631046025, 0.5223036743551407, -0.6170861401903305, 0.2163181293771541, -0.6958548676843851, 0.6118893986887805, -0.5783651718398076, 0.5649726501123065, -0.39950283461999947, 0.4688831240020316, -0.3612173222615468, 0.23103796112181996, -0.3852934002205701, 0.5579404512196974, -0.34527194843426995, 0.6877721052496988, -0.25423291568830375, 0.7747646510741223, -0.21767711206782792], "timestamp": 1767299945}