{"label": "Y", "features": [0.0, 0.0, 0.2655294948229689, -0.2777541691227816, 0.38635600152320937, -0.5728132253516866, 0.4848030406403125, -0.7983648914852052, 0.5692426250160477, -0.9391002000568868, 0.17491569178466113, -1.0866390659804361, 0.4862452133786175, -1.1992651976632605, 0.5588102171860792, -0.99361255093451, 0.5358147506409278, -0.8424867805642, 0.13658102105788802, -0.9906288985992501, 0.4791240222982617, -1.0630310095146873, 0.5266797053986656, -0.8230377546263892, 0.48975193124249794, -0.6729670084648413, 0.13637944295674775, -0.815664146262032, 0.46377310880047073, -0.8327724947195436, 0.49857423398960865, -0.6053405199161239, 0.46223311139543594, -0.45873602777903644, 0.16752355602130212, -0.5987225329926588, 0.4322937239235787, -0.6294160597134878, 0.5279490545590811, -0.4942872902989618, 0.5707042144685066, -0.3763303071561297], "timestamp": 1767299884}