{"label": "Y", "features": [0.0, 0.0, 0.404601014376901, -0.1644152303668993, 0.6209597684957048, -0.3986361377435298, 0.7101823384131373, -0.7546629208065713, 0.7205242385908105, -1.1541205265608887, 0.24360442820838465, -0.8031499109440913, 0.3616143575286671, -1.1511205763292445, 0.5053406931649592, -1.3758003556394929, 0.6408915117031906, -1.5652983793993525, 0.1072598423248457, -0.9942310118162131, 0.2502777414014469, -1.4391922141960038, 0.3873062471637347, -1.7674202650552246, 0.5595919689099605, -2.0203031426056115, -0.0503056821055897, -1.155305605605909, 0.09933012883311355, -1.6046906361027093, 0.24904426579145006, -1.8960462356218968, 0.4221434955871188, -2.106993489620023, -0.23605106168903667, -1.2717400993768202, -0.12213955726598676, -1.6755253769151017, 0.01265602013984585, -1.9153679273919137, 0.17843304069362081, -2.0575793231850557], "timestamp": 1767299934}