{"label": "Y", "features": [0.0, 0.0, 0.15920470329956973, -0.6213993484906383, 0.268797051673717, -1.2551338677557617, 0.37896448887332035, -1.6622192311307897, 0.5852405968201204, -1.7663373754731977, -0.2521298346858594, -1.4137180365121171, 0.4076611205198628, -1.5797706743265463, 0.43456531959246747, -1.1880446269150673, 0.280935402391146, -0.936712431407804, -0.37670623769236, -0.9263327631356834, 0.42524894745201536, -1.0623016724328738, 0.40874413207320587, -0.7036180034285748, 0.23664153308220254, -0.5197252481164966, -0.38199431477710366, -0.41119886915153303, 0.36625038101105634, -0.5597923315142285, 0.31878867784660764, -0.2505248656976746, 0.13291602637483854, -0.08099763543287158, -0.31517741408326955, 0.0853403747563047, 0.21974274342959127, -0.07649249450039042, 0.24177556255013316, 0.11373058196766798, 0.15422706056627797, 0.268128398135229], "timestamp": 1767299759}