{"label": "Y", "features": [0.0, 0.0, 0.2289409719474187, -0.8488431748781697, 0.7014098470026164, -1.4640365666870898, 1.1866320431916966, -1.6553429023698747, 1.547899780368897, -1.6085965559457323, 0.7254553749323702, -1.310660535721659, 1.3607486340909594, -1.6095669072141883, 1.7806443989151726, -1.5988464813001135, 2.0729818089415897, -1.5657129898109905, 0.7542194919957774, -0.6566223622801988, 1.4973167283535465, -0.6239852212959579, 1.8668846007090087, -0.6321801264422278, 2.0880446033439664, -0.6760610497828393, 0.7434250325636198, 0.048127374189133196, 1.4564893384191415, 0.1520899896009991, 1.8022016556459681, 0.14662082165508514, 2.003666879992464, 0.12995908950996465, 0.6933690619474497, 0.6965250316679847, 1.2315624731345634, 0.8570418049813243, 1.5283512066381588, 0.9073380353165554, 1.728234255547892, 0.9252997774144252], "timestamp": 1767299897}