{"label": "Y", "features": [0.0, 0.0, 0.10154202623316047, -0.5360375825395434, 0.31702353052360055, -1.0406201880416426, 0.5591230261110304, -1.3498177416364037, 0.7315881920983487, -1.5113111725267894, 0.2998096045264653, -1.2549784398295034, 0.758654833235499, -1.4239670579262302, 0.7624374267354889, -1.1370242294217008, 0.6516917299605428, -1.008698328659648, 0.31467300256929026, -0.9492001319686807, 0.8217957866293961, -1.079616584707273, 0.7967469302414442, -0.8125032326287107, 0.6708192549675068, -0.6793212996707249, 0.3553996964595459, -0.5835550703638702, 0.8232385963294482, -0.6550776036998393, 0.7743294149334474, -0.45894371679078155, 0.6374352138495462, -0.37063555852061736, 0.39968368218840455, -0.20138647607546645, 0.7803868389364869, -0.22443822207187605, 0.9400483915063621, -0.205887300016236, 1.0282188292522971, -0.2345634480364299], "timestamp": 1767299987}