{"label": "Y", "features": [0.0, 0.0, 0.15038653571736474, -0.46842525053364864, 0.4017166679532315, -0.8982571760717964, 0.640624011735188, -1.1660233877791506, 0.813770156970234, -1.3621091454982444, 0.35624757414582353, -1.2012788204471436, 0.7724282125160664, -1.2284125881733468, 0.7488993271631775, -0.9703534455249452, 0.6373172969549645, -0.9050855756820282, 0.3390179313575424, -0.9407799055349985, 0.7789369130779003, -0.9125509618660614, 0.742699129292982, -0.6855174405535088, 0.6395005865230914, -0.6430670567801382, 0.3429526756261596, -0.6205299963845098, 0.7661265584284643, -0.5085664287882572, 0.7431793668721487, -0.3243353736062547, 0.6580581172230642, -0.30676363905605636, 0.3614525020259096, -0.2716225814786541, 0.7101513201927514, -0.19024263750370893, 0.6924982828673139, -0.09769906458120511, 0.6201806700536094, -0.10881653008858562], "timestamp": 1767299786}