{"label": "Y", "features": [0.0, 0.0, 0.1581490139650877, -0.4587853363744426, 0.4119440883270061, -0.8537185216234547, 0.6612293321808523, -1.055738828094946, 0.8459547845578528, -1.1243572261009216, 0.40150518850295264, -1.1988374056365447, 0.846959971156252, -1.1204683018155894, 0.8360084106787777, -0.8806119526246932, 0.746210536581108, -0.8181182919987942, 0.3499763394019645, -0.9367585336200223, 0.8258142250034871, -0.8251372169435484, 0.8174698511320303, -0.6056117605338334, 0.7391792210465431, -0.5139258703137467, 0.32751099543435197, -0.6044945423525617, 0.7660962285867271, -0.44796903983573594, 0.7983766405997255, -0.26039271925310614, 0.7606015182802235, -0.1883851507508332, 0.3202313518289961, -0.24961978977873722, 0.6660014301732525, -0.12049263479793902, 0.7611475646895234, -0.03612442041026638, 0.8034777775882117, -0.01789373260201167], "timestamp": 1767299787}