{"label": "Y", "features": [0.0, 0.0, -0.24139462365204803, -0.17231842822117402, -0.42858060700782324, -0.6017221131504782, -0.5522430388362937, -0.934083600039611, -0.6804782876480003, -1.1248179961407723, -0.20892427248838089, -1.0006722063400058, -0.22741540996261322, -1.2623058062099901, -0.20974735040986178, -0.9665111220158594, -0.19212212004452897, -0.7215861496294455, -0.0652568225201862, -0.9978684970166746, -0.07425153458813599, -1.1582559373140813, -0.07408633629380691, -0.7787354361067825, -0.06675322188469095, -0.5458512924853387, 0.07383344013952535, -0.9722700452710776, 0.07832613449323698, -1.133103841453691, 0.04342821333248001, -0.7450515912995869, 0.020385236436195987, -0.48006857416045406, 0.20267150248027418, -0.9452075345678023, 0.243242688521412, -1.349892077191166, 0.27745242913330603, -1.602265249218195, 0.3102933838779019, -1.8402035283100562], "timestamp": 1767299748}