{"label": "Y", "features": [0.0, 0.0, 0.19720915634208727, -0.2260756925469591, 0.36266139949953524, -0.6445459514743317, 0.5057976728987432, -0.9574290606367638, 0.6285581013134136, -1.1299956250241807, 0.1345882997284076, -0.9951775590222369, 0.12797901877004803, -1.233460141763517, 0.12285462622210354, -0.9335416423207378, 0.12702701626688542, -0.6807373219146352, -0.010811426053800225, -0.999941549485999, -0.0167834397507247, -1.2378568880726244, 0.0026991172423779654, -0.8793024811535889, 0.018933122822382204, -0.6114573804342741, -0.14423355056146928, -0.9595978378585767, -0.18357338724447353, -1.2873091457958248, -0.14410816564211576, -1.0241074241584573, -0.10855048231009323, -0.7878033136091083, -0.2653519616217378, -0.87448439059772, -0.31673233071583456, -1.1990181137132803, -0.34360511940865096, -1.3977627579636944, -0.36897233436171734, -1.5844449910892964], "timestamp": 1767299737}