{"label": "Y", "features": [0.0, 0.0, 0.14243035803516224, -0.40680475073414796, 0.3387167944738709, -0.8172216785694741, 0.5510035600665629, -1.0506469245426433, 0.7175725538753662, -1.208093880512948, 0.2964414990781083, -1.1566377598874136, 0.6742557390886047, -1.2318702993573563, 0.7383832903860824, -1.0315861537755502, 0.6914789459029823, -0.9308352234704974, 0.2671020943467588, -0.9636682313013636, 0.6785345618760907, -0.9707903320809389, 0.6986431804219121, -0.748202283557381, 0.6188803480205102, -0.6540175551308555, 0.26345827530693494, -0.6981853715306655, 0.6468168491142237, -0.6912977541701063, 0.6580265887572576, -0.4968383898834044, 0.5848660966590467, -0.41914810446329165, 0.27881977037331485, -0.3990381536253168, 0.6166637469501237, -0.403550627149223, 0.6963164987123427, -0.3035597695177423, 0.7024050738538399, -0.26333920169571584], "timestamp": 1767299884}