{"label": "Y", "features": [0.0, 0.0, -0.28956807548619956, 0.7692913526948042, -0.6039019137330748, 1.3395125034304127, -0.7884936697706446, 1.7950187759299823, -0.8796304966050887, 2.2620700411719006, -1.0522119535339416, 0.4080281642037119, -0.9549983267082887, 0.11336447823799277, -0.8151442604936372, -0.06495912899466263, -0.6982217058562975, -0.19856949184756037, -0.9915198187902844, -0.12995534762722416, -0.8102779314120381, -0.38153604738810554, -0.670435666445809, -0.5613870733451429, -0.5575407093057637, -0.7178716274258724, -0.8675148292068863, -0.5668493654720721, -0.6915927760281847, -0.8189813521235417, -0.5802260805588373, -1.0158093168824855, -0.45928014315578275, -1.1674621026805672, -0.6945405592948315, -0.923692143482668, -0.5557671502571435, -1.2340430603869907, -0.4470886105891506, -1.3986873348054785, -0.3415525747867737, -1.5121495948161139], "timestamp": 1767299782}