{"label": "Y", "features": [0.0, 0.0, 0.11624540012390681, -0.4916801898307085, 0.35977856153213666, -0.9175241418519721, 0.61973864080744, -1.0456261566302507, 0.8303538603995716, -0.9888543771378142, 0.38784462922309526, -1.224365246782304, 0.880651988146676, -1.230493221533247, 0.8769419814702151, -0.9539172708288756, 0.7505837583741853, -0.853419476609708, 0.38411089267099496, -0.9232869598598666, 0.9206463913847971, -0.9257931180691876, 0.8676090567989577, -0.6802891373625171, 0.7057640443045508, -0.6137052313818064, 0.40523703426916946, -0.5508826877785674, 0.9108388692007513, -0.5550442704466739, 0.8452948276211948, -0.35006843809138705, 0.6994274591543301, -0.3012263330122474, 0.43651867719789306, -0.15244249199384882, 0.8635859574349558, -0.15472410182771623, 0.8366925706132824, -0.030236820046092617, 0.7277008976241973, -0.005019399963608965], "timestamp": 1767299991}