{"label": "Y", "features": [0.0, 0.0, 0.1281278727051194, -0.5424252781124627, 0.4424200176328592, -0.9518994456128085, 0.7568238312710148, -1.0534499414539773, 1.010615927717391, -1.0032755562337263, 0.5395957406886203, -1.1646460179691773, 1.0808448048893686, -1.1806287420130577, 1.0495408652344518, -0.9067745449252672, 0.8989966737845628, -0.8055507751706857, 0.5596473234354665, -0.8287308720891009, 1.1267686179941132, -0.7085489330527865, 1.0354755309918593, -0.4657283433510103, 0.865358880460455, -0.4444562372642687, 0.5634977679873988, -0.42867268186221213, 1.0917901287900433, -0.24530907879961925, 0.9801167188894384, -0.0811430949589294, 0.8063190290441475, -0.09402102604026706, 0.545629879180908, -0.025742435063226547, 0.9883623006609424, 0.11366487253385169, 0.9182891778425707, 0.23490531457671257, 0.7808666193290149, 0.21813755278505947], "timestamp": 1767299883}