{"label": "Y", "features": [0.0, 0.0, 0.09403248648387451, -0.6388318926732683, 0.5025556035566464, -1.2722031091914372, 0.9041764378662706, -1.5887325706650408, 1.2227176647817637, -1.8099785868362324, 0.5045349499516457, -1.388507778311394, 1.203301332496513, -1.400233955767328, 1.19266907480629, -1.0682956320800319, 0.9905949096676534, -0.9305979610818621, 0.5222580562373876, -0.8527874897859742, 1.2795217833825336, -0.7874360448592104, 1.1548217708077844, -0.5180789734130248, 0.9043953407883921, -0.4771732743762356, 0.5249107670558698, -0.25888304249858307, 1.2212228195554278, -0.13351650621666722, 1.059582046605307, 0.04222625470828383, 0.8270663964366822, 0.03780298805367385, 0.5192978106071204, 0.31311267238483553, 1.0745376370074324, 0.3930937327101306, 0.9516751003197312, 0.48830639146979127, 0.7530034479923332, 0.45553757578001797], "timestamp": 1767299882}