{"label": "Y", "features": [0.0, 0.0, 0.23291182273524458, -0.28007254490503575, 0.3050044166685027, -0.5843329306490891, 0.37379507482325475, -0.8324772093881811, 0.4516639973946776, -1.048732424830495, -0.0198646538469658, -0.997495592575155, 0.18027192308684292, -1.3479096150180931, 0.3439523024661341, -1.352455500661873, 0.4461069083315498, -1.2583699324090323, -0.03580243205991059, -0.9993588818860629, 0.20350818839994866, -1.4102971927818513, 0.3728645831933644, -1.3770188983987752, 0.46464146483184116, -1.2608166526551627, 0.0113905748256636, -0.9719004016766963, 0.23777413153728594, -1.3940803823824957, 0.40140591912496487, -1.3509713920434785, 0.48338422480534565, -1.2057530932719043, 0.10635656045534336, -0.9170565760222879, 0.2743088995480714, -1.291193934720018, 0.3989224667787344, -1.325093215728105, 0.474265604493946, -1.2567754627723997], "timestamp": 1767299932}