{"label": "Y", "features": [0.0, 0.0, -0.29662068922248125, -0.13952284772662765, -0.485549080787758, -0.4756174865823084, -0.5897165697245461, -0.7232417793524, -0.6970990159985893, -0.811427397139949, -0.23048237313485953, -0.9878385106279378, -0.28503695308596655, -1.3477131464986505, -0.29146527264396077, -1.1025969750598246, -0.27050065627901826, -0.836936899237054, -0.08048997815788567, -0.9967554113398814, -0.1298261344281048, -1.2752731232264627, -0.13627997585034915, -0.8808351039159216, -0.11262758815656783, -0.5968941952657583, 0.07206297760580536, -1.008514410903551, 0.03142818192835513, -1.2816139107656617, -0.0041939600987236664, -0.8760517482646721, 0.0008852896661753865, -0.578961097838773, 0.22910499002361187, -1.0195253008213896, 0.2765916086939565, -1.4684160120156018, 0.29303048072492405, -1.7692053388621212, 0.31368803716060756, -2.067590825119584], "timestamp": 1767299746}