{"label": "Y", "features": [0.0, 0.0, 0.24399223322451624, -0.3197764657486603, 0.30421458840115084, -0.6336172606137668, 0.37030537495843496, -0.8944597132661342, 0.4285500586323594, -1.1411682563845256, -0.007274650120403931, -0.998875854314698, 0.16552788392164058, -1.3717223844125286, 0.32029329679197266, -1.387185145752053, 0.41350800075051364, -1.2901019290597437, -0.026246317370756025, -0.9996555005014616, 0.18586957679660351, -1.455799987031945, 0.3457116551479524, -1.4178397181379165, 0.4213951114294718, -1.3015771388418391, 0.017086636840532472, -0.9632591726379512, 0.2210846477140273, -1.4297744808682578, 0.37575160867023016, -1.3844792953364076, 0.4467475584702587, -1.239421606450836, 0.10957199972189027, -0.8953442862821214, 0.26322820982949513, -1.2930222817908277, 0.38411570476114987, -1.3360034322819816, 0.455891300747942, -1.2712048063447103], "timestamp": 1767299930}