{"label": "Y", "features": [0.0, 0.0, 0.10791949094286973, -0.45950154847827906, 0.3100791308514403, -0.8518833098655525, 0.5244070125945182, -1.0227933988238804, 0.675854822504001, -1.0362320009611785, 0.29175648035590074, -1.216539233138111, 0.7167584900456802, -1.2545101575229125, 0.704609590292999, -0.9962294671960031, 0.5997983028207149, -0.932554988430266, 0.26081346686316953, -0.9653892085129728, 0.7105436373789414, -0.9305327046964867, 0.678168100950967, -0.7175901995642011, 0.5705421951786716, -0.6948093719049119, 0.2650093170421532, -0.6479680306369479, 0.6832845996854396, -0.6051847272149568, 0.6378165462271266, -0.44595138397616285, 0.529051529993003, -0.4412851067356237, 0.28911162336334495, -0.31175912881576173, 0.6651222121536018, -0.31925418552336343, 0.7215418559601307, -0.251608017491234, 0.7084113455547765, -0.26761808032844425], "timestamp": 1767299838}