{"label": "Y", "features": [0.0, 0.0, 0.2585495806307839, -0.24122170019622086, 0.3804000195042766, -0.5088069311774013, 0.4491351754743468, -0.7181600721297343, 0.5254360687114914, -0.8566216110915146, 0.22159460042016924, -1.0685732542360749, 0.5063939371777737, -1.1199380723991545, 0.593105350384216, -0.941726720374451, 0.6020137673669131, -0.7851455958569603, 0.16288729306921707, -0.9866446779085448, 0.4887320864966979, -1.0056547582885673, 0.5772722192083491, -0.8188994844359605, 0.6029310408607627, -0.6616581894020976, 0.1385436787149733, -0.8107410089498988, 0.45050338511325927, -0.671817711375574, 0.5604661759558113, -0.4444631995123286, 0.6133465558150517, -0.2811441177405159, 0.14154039221068693, -0.5865200176712999, 0.39550651911346807, -0.45032814438980867, 0.5079501525017817, -0.3109497481829281, 0.5814473329132996, -0.20902041945206812], "timestamp": 1767299788}