{"label": "Y", "features": [0.0, 0.0, 0.14059678306766885, -0.43415398633677904, 0.3516632254371182, -0.888919917807116, 0.5585417786640232, -1.2043294501398516, 0.7155668667322156, -1.4370094599231467, 0.2565112333145343, -1.214141720486244, 0.6603433072464912, -1.261221072705181, 0.6543788418583915, -0.9936383914182765, 0.568736786713211, -0.9150291007061038, 0.22402575795185115, -0.9745832179998469, 0.6594430075006753, -0.9719311823717656, 0.6465567421971589, -0.7286832322430489, 0.5673378820437277, -0.6483050461871277, 0.2215293014412171, -0.6746247184803088, 0.634465368518919, -0.5947675263597045, 0.6342048715512606, -0.40537871339363796, 0.5706960703677012, -0.36211562540855335, 0.24161534993617717, -0.35155029983821484, 0.5778814722961876, -0.29675441950202747, 0.5998650303842985, -0.19785153252267002, 0.5627639867295339, -0.18525616094715366], "timestamp": 1767299786}