{"label": "Y", "features": [0.0, 0.0, 0.23364161663092012, -0.2971576666884969, 0.36729630449104217, -0.6281257149606393, 0.47809120360466406, -0.8927222164196189, 0.56561614734773, -1.0967373831746743, 0.18421327392953143, -1.0850553966509833, 0.4985822692155666, -1.1575372219238154, 0.5077507337742269, -0.9182317657091437, 0.45724873241772224, -0.8317117084316633, 0.1401639610902736, -0.9901283019259302, 0.49962125159790244, -0.9652974790132476, 0.47835816737836856, -0.7097371209381356, 0.41204958919443824, -0.6268611191717217, 0.12870468619301526, -0.8099059913242735, 0.4747001833225871, -0.7195883743658467, 0.4538764286176061, -0.5000884382018853, 0.389528148013307, -0.41738509235433463, 0.14112619138766938, -0.5762119975616646, 0.4128558488088273, -0.51047448971105, 0.5354753569404619, -0.3893245881358573, 0.6196752958998397, -0.31548995295757915], "timestamp": 1767299946}