{"label": "Y", "features": [0.0, 0.0, 0.280625842880575, 0.19211850111991435, 0.5528862016670265, 0.003652108671078228, 0.70234360219543, -0.17132474968013617, 0.8257722226406695, -0.2891352775293351, 0.7685828386047644, -0.5421381616518415, 1.0484460384165477, -0.7244669527990769, 1.2521417025786323, -0.7933530565761614, 1.4196368849896093, -0.8511954453627085, 0.7413885147384349, -0.6710760405680146, 1.0669017326169583, -0.8606768813357001, 1.2952963096339905, -0.9291962730853304, 1.493134231673321, -0.9992607877342631, 0.6719652100088519, -0.775204564118048, 0.9863411584395415, -0.9927114395948192, 1.2000377672801776, -1.0886468444262063, 1.3853600329965507, -1.1763762634502648, 0.5551374060577866, -0.8663432255143004, 0.7976214451822667, -1.081803697761843, 0.9782147877434364, -1.1619093667414604, 1.1457756459195643, -1.2237073130405172], "timestamp": 1767299771}