{"label": "Y", "features": [0.0, 0.0, 0.14636311435435936, -0.4289625803027472, 0.3574974207856328, -0.8794426678022779, 0.5660779209889778, -1.1821584932388467, 0.7236749002716264, -1.423964648599864, 0.2673471995105724, -1.2149782827207, 0.6730801821024184, -1.2398411170429886, 0.6716821819235466, -0.9866942464022929, 0.5858056433851296, -0.903387086080999, 0.23482211820720125, -0.972038354018742, 0.6739992607838238, -0.9523301794388133, 0.6614159338983017, -0.7204808202326612, 0.5763352234034088, -0.6558742936585079, 0.22950146768640448, -0.666492402375769, 0.6545031303120781, -0.5893862069431501, 0.6519322611598194, -0.3996620603788925, 0.5804869807778471, -0.36333956728499195, 0.24661491815190387, -0.33506845524258166, 0.6028251649370824, -0.28647225279299793, 0.6256623153883857, -0.177659168127567, 0.5848888839361575, -0.16103987982980958], "timestamp": 1767299786}