{"label": "Y", "features": [0.0, 0.0, 0.2197068389852021, -0.20981493731941417, 0.3803018770510313, -0.6069689966312338, 0.5056763172746723, -0.9183578514340399, 0.6180190895043591, -1.0866053740903385, 0.18234476528570248, -0.976345183904829, 0.20674939333108833, -1.2225629518577605, 0.17723584801098477, -0.8998180790593561, 0.16079834273582713, -0.6396907219144872, 0.03636362187573205, -0.999338619375769, 0.05831568564812705, -1.2441003386445249, 0.060929602833814656, -0.8760436954909638, 0.06814191667844739, -0.5953744990306696, -0.111572150718647, -0.9898010487062631, -0.12489893318992369, -1.3558695012695745, -0.08874006816040383, -1.0959570662044178, -0.05843557086226075, -0.8485701350460855, -0.25741323980039665, -0.9420476860761791, -0.3075163848980837, -1.3031342061070652, -0.32145243596770334, -1.5312588265476577, -0.32815906978394443, -1.7540821970415976], "timestamp": 1767299739}