{"label": "Y", "features": [0.0, 0.0, 0.21824181591005745, -0.21213469404141524, 0.38053894570362895, -0.6117266232545524, 0.5078957879035122, -0.9242862890522654, 0.6228483219285258, -1.0923224535930598, 0.17285791055970554, -0.9797886848080009, 0.19557272629436842, -1.2379798324194082, 0.17556453880487274, -0.9147218820458355, 0.16453380418964095, -0.6533556168777815, 0.0246694852759933, -0.9996956564754262, 0.04608688340717406, -1.2507063388703215, 0.059998526244160244, -0.8852856522748213, 0.07056191063272697, -0.6023773405516222, -0.12360542909040434, -0.9872428558327481, -0.14002411624045305, -1.3640661068721462, -0.09616267910760755, -1.1034262523628084, -0.06307421796915909, -0.8547682682886389, -0.26831679797848074, -0.9370902532705506, -0.322552450057519, -1.298115374294088, -0.34016831534739184, -1.5314767511234906, -0.3526713984483011, -1.7604386569472814], "timestamp": 1767299739}