{"label": "Y", "features": [0.0, 0.0, 0.30421450485036794, -0.1917254945524963, 0.4979235699758663, -0.3791503699041135, 0.5949999958872036, -0.659571385681017, 0.617384710320686, -0.9952266892850095, 0.22032010347892678, -0.8306286136454036, 0.30985414052668886, -1.0907908375886528, 0.4204835002430384, -1.2278304682580468, 0.5149071309134273, -1.3564373009717674, 0.07374033488422779, -0.9972774658945807, 0.1823095601884458, -1.352939751372424, 0.29326899512237564, -1.5419010077625723, 0.4283695756733725, -1.6964323564055273, -0.08318973048167562, -1.1321364449976579, 0.026265083228473103, -1.5138939554090167, 0.14219180990325742, -1.6614120563877135, 0.2725272839626565, -1.7627309696961464, -0.2529362989480757, -1.2261035283310155, -0.15056477463649998, -1.5659891258317977, -0.04541795294136872, -1.7001096892419376, 0.07064630507407406, -1.7610062983273116], "timestamp": 1767299933}