{"label": "Y", "features": [0.0, 0.0, -0.28782952109800825, -0.22113453972965996, -0.4928253342044713, -0.5290325376184877, -0.6467212080507418, -0.7773234218430243, -0.788370804840614, -0.9075413264146954, -0.2232870481388285, -0.9865615189391657, -0.23665874837362466, -1.303576687926376, -0.2418503138155874, -1.0881090137188758, -0.23924756078031062, -0.8694562826521238, -0.08529479409843978, -0.9963557524585663, -0.09599968976119067, -1.245482697624805, -0.107153322955067, -0.8974775112802484, -0.1055102126500812, -0.6570581841508193, 0.05399243130591044, -0.9882391040418828, 0.0393046603773937, -1.2250417799863638, 0.014606764573191834, -0.892463594659382, 0.005946243254594343, -0.6416351392575743, 0.18993767358592586, -0.9558516328617453, 0.21590190594941627, -1.3449409819846239, 0.22177844606105662, -1.6015239028044659, 0.23235034059157636, -1.8536729501849425], "timestamp": 1767299745}