{"label": "Y", "features": [0.0, 0.0, 0.33435093185281706, 0.0007314905214947418, 0.6295916295087052, -0.20307722810270387, 0.8196226864548534, -0.390841418546158, 0.9831304249713599, -0.5134497875438323, 0.6604656197848762, -0.6871003585491062, 0.9063691670507932, -0.8986131051811299, 1.0353758157697275, -0.6714709700921585, 1.115006100173827, -0.4410197830358481, 0.5845993065822309, -0.8113221543207373, 0.8800898044806399, -0.968757390337928, 0.9350647106836982, -0.5344431884537616, 0.9045281863955364, -0.17287157130557898, 0.48158677683576406, -0.9240316466891325, 0.7614399680808586, -1.0499468053123269, 0.7964711999780297, -0.5909636511762051, 0.7468060100242955, -0.22648417067659593, 0.35006063344434124, -1.0416330761842663, 0.5761517222298762, -1.321672910629433, 0.6990607941610001, -1.1272514023264368, 0.7459691320797297, -0.8709503205886239], "timestamp": 1767299955}