{"label": "Y", "features": [0.0, 0.0, 0.11816563335441664, -0.4431611481903704, 0.3166181400153175, -0.8762187222092791, 0.5289157417265404, -1.153797517285858, 0.6819004578733776, -1.3397317505054263, 0.21628677092487159, -1.2270293998502306, 0.6202752775883094, -1.2704066014926054, 0.613127952077679, -1.0191334870116384, 0.5202320066295812, -0.9470215688668938, 0.17928732460597344, -0.9837967492230686, 0.6238835018789758, -0.9549729407629047, 0.6003347224217743, -0.7432945452257765, 0.5068356141789546, -0.6934153374069092, 0.18116098650763068, -0.6793343705449556, 0.6005180265648222, -0.5894999797691048, 0.5694326136358243, -0.42368346158616854, 0.4743211457660274, -0.3967688152713807, 0.20165776905050947, -0.35647945213554455, 0.5501933589569836, -0.32068155252712804, 0.6725063765535456, -0.24187510765341616, 0.7404227803180261, -0.23113799067097335], "timestamp": 1767299947}