{"label": "Y", "features": [0.0, 0.0, 0.31431820056471554, 0.00885470505797825, 0.6064424861328582, -0.2069052890275805, 0.7906231065661806, -0.4051930459482353, 0.9293365180658528, -0.5337590294918845, 0.6536162605628184, -0.6828518293063014, 0.8945789524039074, -0.881671642972724, 1.0333638508841165, -0.6714552408309983, 1.1277050701676354, -0.4578573555786613, 0.5817608614463987, -0.8133598758212066, 0.8784887968627195, -0.9579694739030898, 0.9340635946538643, -0.5315410714551181, 0.9109885653893701, -0.1728826988842815, 0.4817455492467644, -0.9285380606191774, 0.7561513026623716, -1.030681785965895, 0.7946468555175544, -0.5822365104965865, 0.7547911883920497, -0.22818979282643614, 0.3543082781067508, -1.0464975357536672, 0.5782077351168938, -1.3253928204782097, 0.6929007765000741, -1.119647333244238, 0.7339231334876247, -0.8525205926906052], "timestamp": 1767299953}