{"label": "Y", "features": [0.0, 0.0, 0.13130171753175118, -0.4735744189774212, 0.427434859114025, -0.9775623212632997, 0.716020860860904, -1.259183377054831, 0.9340046832858557, -1.4329226026567305, 0.34966333525087956, -1.2668709874664985, 0.8566855730290928, -1.302787410945595, 0.8123158996655236, -1.035470407656049, 0.6678986774757758, -0.9574427441424092, 0.3187380002535377, -0.9478428524001721, 0.8661204064990579, -0.9246684144059389, 0.7939630019536776, -0.6503941621789231, 0.6564303346436634, -0.586370367470028, 0.32770994362056427, -0.5324228243875949, 0.8523491586790694, -0.4295226752134224, 0.7721276312641578, -0.25530409644256763, 0.6239070132124356, -0.2512370777182729, 0.359449665870605, -0.09057594071524101, 0.8294161077177311, -0.05183984302018423, 0.9126800952549595, -0.0034965841771167974, 0.9168366987151116, -0.0729998003909128], "timestamp": 1767299944}