{"label": "Y", "features": [0.0, 0.0, -0.26811191774137766, -0.14532269130722006, -0.48189693591035127, -0.554265577611281, -0.6213626064156971, -0.8680027035478936, -0.7546783887360291, -1.0329716972334524, -0.2540882768862177, -0.982479529959033, -0.2883472234951825, -1.3071164869509555, -0.2613073271362425, -1.0200126423904416, -0.23047584412058386, -0.7677296183581083, -0.10735844932406889, -0.9942203741581134, -0.12796931827344007, -1.2029285885381082, -0.11492985564443355, -0.801612674910588, -0.09695348569964445, -0.5424626298376509, 0.03626129659681463, -0.9866022267263771, 0.023180322631135408, -1.1751491693506486, 0.00331665774187274, -0.7795260289133646, -0.0029103696199502195, -0.5090682303586017, 0.17380927409224944, -0.976724162902869, 0.20108843264366516, -1.4070502905071482, 0.21579292479244103, -1.6876731367720226, 0.23125704171623537, -1.9555176822819178], "timestamp": 1767299747}