{"label": "Y", "features": [0.0, 0.0, 0.3275699414528843, 0.0034845705484902877, 0.6205564977443222, -0.20340454545526077, 0.8035535849824359, -0.41559435418900087, 0.9466407798833906, -0.5662311355915163, 0.6654578788990895, -0.6830695946819455, 0.9226132252777041, -0.8988958236449032, 1.056585643093001, -0.6705351627863084, 1.1377978893395888, -0.43814630952221956, 0.5887999842017159, -0.8082787674224685, 0.8932086734774631, -0.9693882416805456, 0.9512099367764757, -0.5366660027539061, 0.9216546741681129, -0.1779207524113993, 0.48573732814686954, -0.9235710171388917, 0.7741127790709212, -1.037243790010358, 0.8047049851865509, -0.5744146945101136, 0.7477053603440359, -0.21224447461880197, 0.3544896630401235, -1.0432836110612873, 0.5860323339583594, -1.3196523077302296, 0.7054571727357768, -1.1147975978240228, 0.745450392585235, -0.8491138039394589], "timestamp": 1767299954}