{"label": "Y", "features": [0.0, 0.0, 0.21234855575521686, -0.20573754823432353, 0.3794493096564233, -0.6274864389746322, 0.5112296892812408, -0.9599928839890546, 0.6360500682138238, -1.1681760109000665, 0.21266800105692416, -0.9603789761522692, 0.22466837584418575, -1.2210256588366892, 0.19770775050651535, -0.9019858195626886, 0.18126189873285312, -0.6328355883073323, 0.07188898188997349, -0.9974126344029229, 0.08019341065054442, -1.2568905346884962, 0.07179639856512102, -0.8752709340074724, 0.06793367122983084, -0.575647656489147, -0.06573596634840358, -1.0035792747954906, -0.07721301553348486, -1.362596068445331, -0.05400644703278487, -1.121195554801698, -0.03221538564237373, -0.8853007941998242, -0.19665256325092717, -0.9821373707312518, -0.21271987398361455, -1.3424138885564787, -0.21155076327510508, -1.5657777259563335, -0.20840342269461473, -1.771124585692166], "timestamp": 1767299742}