{"label": "Y", "features": [0.0, 0.0, 0.2170060669959079, -0.20824235634551075, 0.4065896136354538, -0.5856178523935196, 0.5596990408405518, -0.8818635696549931, 0.6768788118619731, -1.0631470437270025, 0.21078154539337066, -0.9736589916942127, 0.2254364762946587, -1.231433240594968, 0.20192487760259795, -0.9200605931250788, 0.1870287827621698, -0.6508311390879556, 0.06950964440286952, -0.9975812740487792, 0.07827679791031764, -1.2659444396736548, 0.07328088443824668, -0.888595830699758, 0.07418914291740111, -0.5874399435013394, -0.06842825939772464, -0.9914146252338125, -0.08387455558400879, -1.3614666724977367, -0.06566200573007612, -1.104233116099554, -0.04814458510928692, -0.8567880941339334, -0.2033876000125286, -0.9549331282485413, -0.2313958979042731, -1.3092952562034335, -0.23993156026143853, -1.5288793673482046, -0.24558423970237095, -1.7391736664960795], "timestamp": 1767299741}