{"label": "Y", "features": [0.0, 0.0, 0.13978686029737084, -0.5890794846570548, 0.5316730585525089, -1.1022556108929569, 0.9082423337694816, -1.3612537550036228, 1.183298132485339, -1.6348772924632378, 0.5568673937309799, -1.2764259328997438, 1.1993430811110963, -1.2777143732823886, 1.174796750883779, -0.9584823171330427, 0.9950406640456433, -0.8205943249111435, 0.5752856571110887, -0.8179525625487418, 1.2486885094544786, -0.7254011269886803, 1.1313544665176178, -0.4821978670149031, 0.9121195498768868, -0.4508362656909686, 0.5781818094021661, -0.3010024900808374, 1.2016004200106105, -0.18032326013288805, 1.0529988540656274, -0.022877791821592303, 0.8441255284836491, -0.03443374494717764, 0.5665409695203596, 0.2098633106179091, 1.0689635117149587, 0.2664860210973422, 0.9538070573811623, 0.35747164744710597, 0.7741012537807882, 0.3276709892136859], "timestamp": 1767299883}