{"label": "Y", "features": [0.0, 0.0, 0.19943045890059777, -0.13126667936395237, 0.4106234435701299, -0.48691746745409537, 0.5651487558415295, -0.7611553414426975, 0.6901191465244305, -0.9474451669141764, 0.23005463590635258, -1.0038415864728676, 0.2778499233502449, -1.4917903518511755, 0.3228370724880003, -1.811286806861753, 0.3600425774621929, -2.0579594838854285, 0.07352724492166424, -0.9972932027436756, 0.11522247676175122, -1.126439275750966, 0.1376972516288855, -0.8576794558056285, 0.14715976817309184, -0.6714961619773627, -0.07890610815763485, -0.9016627008702834, -0.05264596858326104, -1.0513183532557924, -0.003720908586976278, -0.8543067893128525, 0.018520749978539128, -0.717542898114335, -0.22538908706796226, -0.7589290986667153, -0.2738751292673427, -1.054578042493329, -0.27762253648153834, -1.2131361593558678, -0.2844308932291256, -1.4008288006669654], "timestamp": 1767299757}