{"label": "Y", "features": [0.0, 0.0, 0.21229799401452726, -0.20696568909521804, 0.3741329428992695, -0.6136461369064773, 0.49966546989664723, -0.9291423119698943, 0.6159433354728892, -1.0904799964382024, 0.16942548640471658, -0.9754863773564691, 0.1919359128678763, -1.2355918614795098, 0.17171909814582959, -0.9119066381837482, 0.16268046143019382, -0.656145451647692, 0.02111678179703564, -0.999777010430463, 0.042455620687573976, -1.2666218132150509, 0.05214233151970989, -0.896651218037605, 0.0607797329144131, -0.6118403334060104, -0.1264630636061638, -0.9940005913241483, -0.143482223574269, -1.3728114065631971, -0.10130939145400812, -1.1201844531882978, -0.06948234931455029, -0.8815744870063508, -0.27094095727589607, -0.9504855528732994, -0.32737997942862357, -1.3070697899603398, -0.3460871482936305, -1.5332380374055927, -0.35947424005284717, -1.7562873772159655], "timestamp": 1767299738}