{"label": "Y", "features": [0.0, 0.0, 0.17922017663885745, -0.30454749604893216, 0.32407311492818736, -0.6162212030816686, 0.44912636090976893, -0.8337838901551358, 0.5255904327154893, -0.9161930613524869, 0.24043695200525841, -1.1244828301476086, 0.584259955149012, -1.1240925471706906, 0.6294090248485116, -0.8676705944758515, 0.57727757234657, -0.7289417484670251, 0.18926671848243168, -0.9819257095863833, 0.5722051010185665, -0.9350449666938603, 0.5846355987412584, -0.6836921650542125, 0.5203991861737062, -0.5690386172062238, 0.16932697103060756, -0.7537659190684922, 0.5153200743000784, -0.6617515004685988, 0.5075827821973486, -0.4788769108355052, 0.44385920085778086, -0.413244474471939, 0.1687726363924714, -0.48305079560334996, 0.46965424941381645, -0.3675526910891457, 0.568894939946353, -0.24328061474736612, 0.620984285352177, -0.18862982978846635], "timestamp": 1767299842}