{"label": "Y", "features": [0.0, 0.0, 0.2461349569250126, -0.723836851837126, 0.7035577835991861, -1.4012048585077927, 1.1536386798128873, -1.747980404589708, 1.4802940944390441, -2.0353088497541965, 0.49272893276572843, -1.4938064884803774, 1.1116908349057442, -1.629797859988503, 1.5038855317344872, -1.588041767169315, 1.776388970626691, -1.5169717221658914, 0.43059374433076, -0.9025458441601244, 1.171734541804046, -0.8848493009500684, 1.5256029383146565, -0.7017493834954597, 1.71231570232542, -0.5411576028806294, 0.41677731450460676, -0.2129499847548596, 1.073065638549479, -0.07010456335644073, 1.4487131186005084, 0.12085600360894401, 1.6678027284561043, 0.2925868013908904, 0.4351760261851958, 0.45798543125388547, 0.9596005906771031, 0.6153257290412023, 1.3260953679731549, 0.7226135921255105, 1.597703700211481, 0.8399476831581547], "timestamp": 1767299882}