{"label": "Y", "features": [0.0, 0.0, 0.2549212184782787, -0.1629442084165213, 0.38326715227309693, -0.4717651204932041, 0.458684114267323, -0.7265367445018723, 0.5167234839668847, -0.9441722132611838, 0.3726543054999112, -0.8991959342821606, 0.5143544569770849, -1.1593917761250492, 0.6484711243386244, -1.0671520053182673, 0.7278520411857731, -0.9449210813845035, 0.31753158007012067, -0.9482476921348639, 0.49448825169445915, -1.2609511928110384, 0.6483478059435164, -1.1174294823281585, 0.7256821748970315, -0.9384434318361398, 0.2690628226204403, -0.95040053869353, 0.4501167703166257, -1.2686668037785742, 0.6152133774041796, -1.1120345264859977, 0.6974485328441561, -0.9095624428568859, 0.22978247997333312, -0.8997411628280864, 0.4049873137669235, -1.171355452001065, 0.5424982229114917, -1.0876545096323103, 0.6246443980082668, -0.9280509457786676], "timestamp": 1767299951}