{"label": "Y", "features": [0.0, 0.0, 0.06872614045965617, -0.48375990956102566, 0.22150491507611805, -0.9691404696168746, 0.34471026147046996, -1.2906884152031135, 0.44180778758065065, -1.531475365511905, 0.33700348136548325, -1.2327185143691568, 0.7972042747390126, -1.3479804761801701, 0.7789540842618958, -1.103717424041122, 0.6469537083357925, -0.979111634923552, 0.3612883157935793, -0.9324541500081359, 0.8700502517357926, -0.9959841740998284, 0.7901448366163775, -0.7594918492220784, 0.6190084730936093, -0.6660440660665995, 0.39887137129428374, -0.5672811264521775, 0.883841521780268, -0.5816613662029869, 0.7863772013401682, -0.39720562985590746, 0.6256261839364939, -0.34102198625491376, 0.43653755809819283, -0.16547261307839448, 0.8310031342896939, -0.15490821492162893, 0.7626232922765236, -0.04018045781641639, 0.6354297749002222, -0.01167445520350312], "timestamp": 1767299989}