{"label": "Y", "features": [0.0, 0.0, 0.09303738642675939, -0.4026832775557563, 0.25926180522069314, -0.7689680672132544, 0.448228689064946, -0.9509983480136386, 0.5872528072253256, -0.9793304919050853, 0.253681505849341, -1.1620700546784821, 0.6324092941688301, -1.1973022540246727, 0.6343830256965592, -0.9464987899614028, 0.5487115956283856, -0.8703915081941682, 0.2197535379469141, -0.9755554170354981, 0.631485578110953, -0.9285267555818321, 0.6062544809852365, -0.7092499534435002, 0.5122608737863785, -0.6684230620913021, 0.21599673687188928, -0.7185822024399933, 0.5991021501365345, -0.6178198523632464, 0.552484406488027, -0.45085041258215586, 0.45201573084424657, -0.4415744404043149, 0.2305014400195024, -0.42778629640454024, 0.5566236635288919, -0.3752826120420008, 0.6426971170774372, -0.27707826977398975, 0.6764253669596474, -0.2610675148674465], "timestamp": 1767299839}