{"label": "Y", "features": [0.0, 0.0, -0.24472016378047348, -0.20931296462250534, -0.4212518760747666, -0.6516687518462337, -0.5360666338198584, -0.9993768834703387, -0.66201828774309, -1.1960745678630513, -0.19664457218141695, -1.010836408080924, -0.19772320208954047, -1.337143708693983, -0.1935307275383217, -1.0487565493637636, -0.1851723345415321, -0.7998619917848528, -0.05202567105829781, -0.9986457430297353, -0.051427876169458264, -1.1901604666329157, -0.056982622438060904, -0.791563491281652, -0.0548711295272921, -0.5223077459766337, 0.0882075174682499, -0.9706909216471445, 0.09223472263857492, -1.1433926219811363, 0.05712868101912426, -0.7483682903747992, 0.030955378809039216, -0.47190086731580777, 0.22298709893706667, -0.9376528661270821, 0.28303243138926254, -1.3268701684611615, 0.33210896216183444, -1.577697106493599, 0.37099557618319945, -1.8291094088973385], "timestamp": 1767299748}