{"label": "Y", "features": [0.0, 0.0, 0.13265477779131424, -0.4277195488055158, 0.34571544285841843, -0.8362639776524076, 0.5670445505647477, -1.0901165374715922, 0.7242197731823595, -1.2393980806310716, 0.2760567964855739, -1.199409675335976, 0.6757857931414075, -1.1980949381172201, 0.6576927383564289, -0.9516339206467658, 0.5697099419971747, -0.8915842092453292, 0.24032832199229465, -0.9706916533537152, 0.6708816340942066, -0.8858868978274851, 0.6323439249839856, -0.6700355698578832, 0.5366230310762812, -0.6241634351810899, 0.23646365333940064, -0.6688112383434021, 0.6355366830246822, -0.5427198095595256, 0.5876376034006894, -0.38172371950233114, 0.4878848954100945, -0.3611879586534008, 0.24757409390312446, -0.3453806263838659, 0.5783932697288857, -0.3087691194302282, 0.710329357212186, -0.23486455864382702, 0.7965203335372962, -0.21656651418055098], "timestamp": 1767299945}