{"label": "Y", "features": [0.0, 0.0, 0.07271260431591513, -0.4133008795002629, 0.0927104655722849, -0.9108214263156525, 0.16903073822058565, -1.2664322514481416, 0.2730730689478357, -1.5389004355000466, -0.19000155949284367, -1.1207715338680717, -0.15690566379104498, -1.5382158157769252, -0.05744449356886877, -1.826689177308059, 0.03930320913041909, -2.020156201010638, -0.16612953760438554, -0.9861039340755392, -0.08311922618138652, -1.395103567547496, 0.05157864742020917, -1.6436093221834869, 0.18994733862778324, -1.8221248093064497, -0.07250068765247279, -0.7894050038698648, 0.04346704044727418, -1.1828719559724057, 0.2006232318340237, -1.413792530025883, 0.3506563270679914, -1.5691408665061735, 0.06260848402694232, -0.5578131435775313, 0.21526310191447556, -0.8660432697703957, 0.3511195399980715, -1.063492954963717, 0.47360914532373605, -1.2266928215631059], "timestamp": 1767299920}