{"label": "Y", "features": [0.0, 0.0, 0.3136837702426382, -0.007516715586346707, 0.5877590455626202, -0.22406882447855148, 0.7557748119918078, -0.42550468424039584, 0.8540919173986304, -0.5562287074458193, 0.6350002370642867, -0.6988121904852962, 0.877321816745275, -0.881279869787022, 1.009998694562872, -0.6625920614410412, 1.0858767941928051, -0.43852969030984046, 0.5699372305554895, -0.821688226273705, 0.8587924639050023, -0.9950602710039524, 0.921839157886011, -0.6230990097321025, 0.9004846729833319, -0.2923882617643584, 0.4812619638695204, -0.9294627122229411, 0.7502414251579017, -1.0703464552741098, 0.8131287573112784, -0.6719074683417399, 0.7892246624261371, -0.3292949552628656, 0.3694175668577923, -1.0315216835352632, 0.579770877100377, -1.3009632761978123, 0.7084255269220175, -1.131403367155327, 0.7693786474666783, -0.8844194232731251], "timestamp": 1767299952}