{"label": "Y", "features": [0.0, 0.0, 0.15543898154046218, -0.6243554258641822, 0.5048645554945886, -1.203861328028473, 0.868018898182611, -1.4937012533467517, 1.2097687096984908, -1.460742595443513, 0.5710845645307677, -1.2424223855763403, 1.15106796669541, -1.4860234882122785, 1.1793477540140171, -1.2471447432790388, 1.0795951715559022, -1.0376615735621721, 0.6097929633010325, -0.7925607375518521, 1.329555693010184, -0.8430206716812795, 1.1855252135751866, -0.6132433228002778, 0.9422279485667939, -0.5071061447712542, 0.6405174705135908, -0.2859764381973992, 1.3137366816144733, -0.3392224088777097, 1.1737951356755965, -0.18652311577545425, 0.9678784818391271, -0.08349526668820491, 0.6491613935277449, 0.21070767540979957, 1.1741298720449262, 0.11509666874862282, 1.1054190811015805, 0.21808560830918083, 0.9586866783572239, 0.3140021691946689], "timestamp": 1767299898}