{"label": "Y", "features": [0.0, 0.0, 0.20980042298830393, -0.19604526579553486, 0.38198487689977956, -0.6256913892598025, 0.5192583575785772, -0.9516204839911423, 0.6450328136764045, -1.1451130728396213, 0.21792577014818754, -0.9676636620239009, 0.22027530127605793, -1.2221375502774692, 0.1904842501635688, -0.8980725410072768, 0.17657143239081036, -0.6353407347365237, 0.07407020305860143, -0.9972530241398122, 0.07733170513889497, -1.2424126361164312, 0.07113972344861412, -0.8596486828598869, 0.06938489968304451, -0.5653455882500297, -0.06541084947840474, -0.9938097429719128, -0.08029585353803811, -1.3548427589968621, -0.0587712995092013, -1.1147367027771922, -0.038933098583371975, -0.8822284620642379, -0.1962094820772589, -0.9622834542644688, -0.21180719613041712, -1.3157507048800718, -0.21499035352825188, -1.5414911952343444, -0.21877007978394172, -1.7541063613699126], "timestamp": 1767299743}