{"label": "Y", "features": [0.0, 0.0, 0.2226078492541199, -0.2318253764884677, 0.413981739566246, -0.637544772096866, 0.574101853855953, -0.9654798868442098, 0.7177484599941933, -1.1473731135584275, 0.19657768330937486, -0.9995190827622356, 0.13838181099776936, -1.3080937715462408, 0.11466765862620874, -0.9973367914013124, 0.1279873215085964, -0.7308677118806276, 0.04621601638840749, -0.9989314632470154, -2.7571590156957433e-05, -1.2855939753986558, -0.0068181096009386115, -0.9065097698165092, 0.014915540985160047, -0.6268418254428121, -0.08518018759821974, -0.9714649897775314, -0.13388781412462378, -1.2916952236555135, -0.12568698927731375, -1.0017847781833835, -0.0938917761531874, -0.7496608523764868, -0.20310990998487352, -0.9215400775456977, -0.23553668484603266, -1.258197120194318, -0.26782784194810727, -1.4535532097373012, -0.286756255558174, -1.6211712456477543], "timestamp": 1767299737}