{"label": "Y", "features": [0.0, 0.0, 0.14741934228193518, -0.43896710317638327, 0.40502072266868605, -0.894038919615332, 0.6437595301070416, -1.1726625416085366, 0.8134785119986931, -1.3738998700230072, 0.34544728678470943, -1.2235370647094972, 0.7855185814554384, -1.2053510796865587, 0.7413987629955681, -0.9198610069174785, 0.6158593139045626, -0.8661854971067943, 0.31061112767878557, -0.9505370669493545, 0.7965891313459333, -0.8534625012481641, 0.7281444491867017, -0.5898984169506126, 0.597942567225122, -0.5633422972255961, 0.2973754964268286, -0.6111141190529131, 0.7591478904728309, -0.44759914288186387, 0.6889014764935246, -0.25422175822284293, 0.5672308881127833, -0.2680936440297328, 0.2965040511788401, -0.2435224150238373, 0.6629425001762662, -0.14432432355505811, 0.6096984352078539, -0.04121441895545673, 0.5044451000604052, -0.07035990614744753], "timestamp": 1767299785}