{"label": "Y", "features": [0.0, 0.0, -0.29081211867337514, -0.16882689738262677, -0.48657072463451817, -0.5610191455154839, -0.5987313453558042, -0.8554931745473275, -0.7138767556100756, -0.9814029676754471, -0.21463119329015204, -0.997214582271962, -0.24698858595307302, -1.3520179353862942, -0.24626768821443956, -1.092685207477026, -0.2313930132656123, -0.8397476990966547, -0.061679586014077185, -0.9980959953588138, -0.0878081493201622, -1.2568482527703337, -0.09651804944308362, -0.8694604734781273, -0.08733475222470838, -0.5970932170559231, 0.08716646694818196, -0.9936104725996879, 0.06140327978302367, -1.2249678579013508, 0.03002376102424269, -0.8437977268496345, 0.028397003351153974, -0.5727430197801578, 0.236975232978858, -0.9895500217721485, 0.2861638064406724, -1.4277156091308434, 0.30495073504784587, -1.717447328748501, 0.3233821420573126, -1.9991847396893676], "timestamp": 1767299747}