{"label": "Y", "features": [0.0, 0.0, 0.3300336144929342, 0.008874133101945516, 0.6213890570752234, -0.18955263416545134, 0.8070330362251075, -0.37041137449148176, 0.9575398255305202, -0.4775965589527642, 0.6618815492093695, -0.6854200017218627, 0.9126274955984367, -0.8827691199532407, 1.0476621073702004, -0.655981553266036, 1.1332973403424096, -0.4241965122368157, 0.5872978986650463, -0.809370845483147, 0.8898656622612332, -0.9542820765911709, 0.9487766380250446, -0.5203159147484798, 0.9213742116587025, -0.15866848507029935, 0.48691220251711237, -0.9219988012879763, 0.7722674951961147, -1.0405981292987145, 0.8066100798044353, -0.574677363749197, 0.754384806853156, -0.2082270878402145, 0.3584478041144563, -1.036927079613471, 0.5919032768802883, -1.3108063188282641, 0.7099819557608348, -1.0962398071788342, 0.7491186775599614, -0.8241425132779923], "timestamp": 1767299955}