{"label": "Y", "features": [0.0, 0.0, 0.09712096818979925, -0.4186252508519277, 0.2581176620939376, -0.858560797295173, 0.4437377529659544, -1.1207695973543848, 0.5904138232235714, -1.2489126454272315, 0.24711670289622578, -1.1934865627057598, 0.6516654138838314, -1.2671636117689353, 0.7132948499892627, -1.0148087959001741, 0.6583977196383061, -0.8817106282796079, 0.22261441023769715, -0.9749065667374736, 0.6782683584527981, -1.0203349027335247, 0.6851983376928567, -0.7743368911284412, 0.5886580451334367, -0.6583502154963159, 0.23025429512598308, -0.6742419136282606, 0.6736942096227495, -0.7380806048634824, 0.6662410597662997, -0.5254230002814643, 0.5725344517820402, -0.4184183578124708, 0.25438858694771327, -0.33703876214739736, 0.6208855426194835, -0.33024785753355984, 0.7727690981791423, -0.25888632286515273, 0.8570061304903713, -0.256212027187459], "timestamp": 1767299991}