{"label": "Y", "features": [0.0, 0.0, 0.26236455650025214, -0.2261664788304014, 0.3962091183592991, -0.5028476019820253, 0.47465476754717345, -0.7191739326066938, 0.5530279660318814, -0.8378691643266224, 0.24368486304332804, -1.087847867508532, 0.5432717375595459, -1.1218196945175725, 0.619287490866899, -0.9215362993264821, 0.6216494117633684, -0.7569148745750555, 0.18524413976894483, -0.9826925253073824, 0.5313243648482048, -0.9814323306441983, 0.6036103056047111, -0.748960402778762, 0.6163828890277931, -0.5612062237839013, 0.16386167143173558, -0.7883232334612504, 0.4932274633440159, -0.6598189038369461, 0.5937230224820534, -0.4272048718896236, 0.641867074201022, -0.2585762798684718, 0.17399106298524472, -0.5475250693805701, 0.4343854638777709, -0.4460593981244589, 0.5435979055900172, -0.3088198634508207, 0.6174503480366079, -0.20324604151246273], "timestamp": 1767299788}