{"label": "Y", "features": [0.0, 0.0, 0.31335648140816985, -0.005609542685237622, 0.603209660886345, -0.22395180059694705, 0.7695005808582913, -0.46747177335169976, 0.8681073058095187, -0.6646096189526355, 0.6551466658505269, -0.6781498305016019, 0.8937347550638024, -0.8805951721910212, 1.0265893020797408, -0.6659893974553535, 1.1145059864664637, -0.4429533724910189, 0.584149223498543, -0.8116462728618077, 0.8709574767939808, -0.9725911533758687, 0.9324041316347388, -0.5714006334595969, 0.9171253917601612, -0.2222325439560368, 0.48512333940507185, -0.931079203311554, 0.7504460732196281, -1.0473289703017665, 0.7999048136531425, -0.625744560660121, 0.7700027564884775, -0.2782853507364784, 0.35923457988519486, -1.0529659380767706, 0.5751061707573207, -1.3421942702394523, 0.6856342857426414, -1.1520698354323482, 0.7227571096163331, -0.8899130317438916], "timestamp": 1767299953}