{"label": "Y", "features": [0.0, 0.0, 0.32052117687919834, -0.017837498421023123, 0.6018822033001485, -0.23502607660500024, 0.7673679591472609, -0.46667080177378417, 0.8656693558841662, -0.6616647529941314, 0.650882690577458, -0.679354694877115, 0.8878791778759068, -0.8711346230430922, 1.019516086343683, -0.6563226937137421, 1.1062716416605638, -0.43751831651644363, 0.5817440311650524, -0.813371913652075, 0.8716135410375233, -0.974928381687844, 0.9238522169560776, -0.5860323243995911, 0.9004580981348359, -0.24544547214592138, 0.48640273574770204, -0.9338908214310903, 0.7529341470230505, -1.0564370754908126, 0.8003265243374079, -0.6535216825077805, 0.7681886737378704, -0.3141570231175748, 0.3635904771597273, -1.0525240811433472, 0.5818330044621829, -1.3280754807924031, 0.6968558888807949, -1.1368103528559137, 0.7381140516540965, -0.8720785455122384], "timestamp": 1767299953}