{"label": "Y", "features": [0.0, 0.0, 0.19172048892208382, -0.39178332515341, 0.44054301040036203, -0.7711348843465871, 0.6789214135883074, -1.0202560618585361, 0.853351052936417, -1.2145366503228803, 0.37138762075788195, -1.1585127827329325, 0.7764591372462917, -1.112819744356858, 0.8144845573634955, -0.8688087551126583, 0.7732883778809949, -0.7619696478987611, 0.3090864705116216, -0.9510339334375821, 0.7318587795207817, -0.8642184619292208, 0.7856290454086109, -0.6186557960855021, 0.7663133412957374, -0.4575347033998268, 0.2739229760623266, -0.6634698847490749, 0.6674652017224172, -0.498809968334819, 0.7596524775101459, -0.2696623724445503, 0.7807514417838431, -0.12906178567014934, 0.2599477090029376, -0.3433780228201546, 0.5800961320466145, -0.19241257005485857, 0.6946617544913858, -0.08005216369781241, 0.7564848882368266, -0.01822769517680215], "timestamp": 1767299787}