{"label": "Y", "features": [0.0, 0.0, 0.2224499164610493, -0.6080028100955956, 0.557787840932043, -1.0911754658958868, 0.8678908748296363, -1.3303352529815153, 1.1253508238914143, -1.3750517638118613, 0.38176063618299066, -1.3162749230282391, 0.7860297692100905, -1.463835314138242, 1.0405970195646352, -1.3753320884905893, 1.1787419661564194, -1.2935352370670665, 0.29352954595378844, -0.9559499905930122, 0.7451105553760864, -1.070820744504746, 1.0209361804962334, -0.9708752324202065, 1.182932977589177, -0.8839670226973609, 0.23276775446753287, -0.49947495324029295, 0.6746655935548493, -0.5707700232726387, 0.9579236023198766, -0.4987511486203864, 1.1515479525474146, -0.4466183176941657, 0.19539795502070328, 0.008653528340867264, 0.5610783487058306, 0.1389295407206733, 0.8073741312086059, 0.25759192214086446, 0.9831638474096124, 0.3458935659970724], "timestamp": 1767299882}