{"label": "Y", "features": [0.0, 0.0, -0.2898884473524302, -0.13504741233493425, -0.47288799943738674, -0.46353102121531664, -0.5680815438759578, -0.7050451118878035, -0.6660381968141503, -0.7750957253444405, -0.22901247795950813, -0.9850751136410935, -0.2911087879787006, -1.3189868937352482, -0.2905999574794014, -1.036768882081697, -0.2614016900466556, -0.7798302129376908, -0.08504483681050846, -0.9963771187298676, -0.1409809262532658, -1.2396426636609854, -0.14336502772446794, -0.8299300591820893, -0.11429580869710408, -0.5886494569908117, 0.060977115440383665, -1.0057044506966473, 0.006712454743610526, -1.2443831580118436, -0.021579373589469923, -0.8362233972577698, -0.00392686934455317, -0.5725978505315803, 0.20875110324903015, -1.021285979931469, 0.2493470963595273, -1.4610817828752127, 0.2568136898324875, -1.7564735827947011, 0.27375972187616865, -2.051006997675387], "timestamp": 1767299746}