{"label": "Y", "features": [0.0, 0.0, 0.2350718783588418, -0.28929341936206654, 0.3024026806185621, -0.6031053668980726, 0.37290710334676047, -0.8294914386581552, 0.4268777157048696, -1.0368646418252883, 0.02337002724999141, -1.0100755615032115, 0.1660230478738706, -1.4467233497456595, 0.32358614210471576, -1.5326670118272998, 0.44123011285003516, -1.5266818226247063, 0.00912291364997019, -0.9999583795941213, 0.20370734348106337, -1.4897432711496776, 0.38354486343746974, -1.5616349291048433, 0.506643827131124, -1.5458609464732833, 0.059869238906946155, -0.9480221613505875, 0.24971419169357284, -1.4498883826492808, 0.4291994497395534, -1.5413401088300709, 0.5503753141591764, -1.5143572930448248, 0.15955643978540499, -0.8714045947034293, 0.29854686399786007, -1.2696120381286922, 0.4232623509001579, -1.4092448121924357, 0.5232061482165378, -1.4536868343367395], "timestamp": 1767299932}