{"label": "Y", "features": [0.0, 0.0, 0.09062793327797151, -0.5187219038937678, 0.3238067896151289, -0.9670779299631425, 0.5803114353628182, -1.1140970844088307, 0.7621222361079, -1.0716541739750698, 0.33752318201527537, -1.2832264051265563, 0.8188220014269164, -1.3668799047355493, 0.7910808580099907, -1.1202193573520605, 0.6638263405755269, -1.0287481690123585, 0.32474837805039436, -0.9458004432768137, 0.8346013537899628, -1.001935812138672, 0.7774963807581149, -0.7955091994430777, 0.644259112450041, -0.7214118483950276, 0.3462997139052851, -0.5696200001742123, 0.8197422533754715, -0.5958991304148047, 0.7436240587339411, -0.46326744725997343, 0.5990983046787028, -0.44053907947733406, 0.38586089989046596, -0.1885989576083446, 0.8102595765426793, -0.27780736514873655, 0.8463217642420136, -0.2503163224629907, 0.8002499812554726, -0.28386544309716794], "timestamp": 1767299838}