{"label": "Y", "features": [0.0, 0.0, 0.07915528412284084, -0.5071786812857896, 0.266721865256572, -0.9983503453586768, 0.4612829790591475, -1.2925552567927914, 0.6355355650868261, -1.4043816634970103, 0.3276520678301595, -1.249240889833601, 0.7960943877598631, -1.3536873865324401, 0.7796320445842737, -1.135677975490525, 0.6460125165043529, -1.0296639036839126, 0.34980301602219055, -0.9368232698383494, 0.8745440816137138, -1.015798238281039, 0.8084601170566672, -0.8058467769932877, 0.6428080775553545, -0.714907623961468, 0.3911297861703467, -0.5655254039406521, 0.8789920883550078, -0.6090271804265138, 0.7989847177838773, -0.43858184532886946, 0.6468553644548488, -0.37579767421590576, 0.43320470966661384, -0.16739762066478836, 0.833583551913806, -0.18374679224240556, 0.784551049739869, -0.083179474777851, 0.6661631649508832, -0.04590345596586173], "timestamp": 1767299989}