{"label": "Y", "features": [0.0, 0.0, 0.14283787788856062, -0.4823649105525586, 0.4238903213921398, -0.902622428447959, 0.6988196197300297, -1.0903652468485003, 0.8804622065201893, -1.2138114230795185, 0.45366045663129884, -1.2089175700564683, 0.9425060844100037, -1.180524459092852, 0.9159520877539655, -0.9099459223180042, 0.8029370060825515, -0.8231373150471307, 0.45104208044716565, -0.8925026768459985, 0.9774954853567999, -0.8342097881592464, 0.959564623348162, -0.5855695736186638, 0.8680201459882007, -0.4775695456181109, 0.4593795996376186, -0.5085438484875103, 0.9546856440364516, -0.3647074219781795, 0.9498770133594575, -0.1769489258819014, 0.8786544476040846, -0.11696807195416133, 0.47481228112943813, -0.1064226106141188, 0.8646038152902877, -0.004423522150948346, 0.8785165642800411, 0.10591449247536937, 0.8331967678193346, 0.12045455029069123], "timestamp": 1767299899}