{"label": "Y", "features": [0.0, 0.0, 0.31119743444680675, -0.00982401640114245, 0.5735880138272881, -0.2439756006757487, 0.742320015769855, -0.4671605195105664, 0.8498063128647076, -0.598859773088004, 0.6286234229226092, -0.7114434973865963, 0.8636740943712788, -0.901995380723054, 0.9924534418108668, -0.6903259392150318, 1.0670450605309956, -0.47366365674788713, 0.5589496621421574, -0.8292015818214092, 0.8378962440455096, -1.021958639535893, 0.9183808544877526, -0.6663200280438244, 0.9158080328701745, -0.34445036502554927, 0.46938430669483805, -0.9346815956678295, 0.7303053607060398, -1.1102471564747782, 0.815473839523732, -0.7249819208550347, 0.8088712567216145, -0.3788897290538199, 0.3573547122278944, -1.0333720123255712, 0.5649802113656663, -1.2831097832852523, 0.6867872015857283, -1.1053436569856334, 0.7392109680675879, -0.8591394829754357], "timestamp": 1767299952}