{"label": "Y", "features": [0.0, 0.0, 0.14411081090745578, -0.4047091800201455, 0.32081758687444223, -0.8027542611660035, 0.50836874059119, -1.0649962384399636, 0.6534684980120075, -1.2144812962420857, 0.2145717773639215, -1.1669536132766432, 0.5719111720667703, -1.2267177912876248, 0.5845346390686463, -0.9761144251148254, 0.5156161608288352, -0.8933776937314164, 0.1687704965597097, -0.98565537005098, 0.5743383779865597, -0.9594649771464928, 0.5645405425762194, -0.7291611944185435, 0.48370283720771373, -0.6623569084188294, 0.1603477614965388, -0.7294275751140685, 0.5460053221779575, -0.650293855349492, 0.5229566834103095, -0.4859192947639674, 0.43897836927650546, -0.45468534009113803, 0.17551706218494595, -0.43926536665976756, 0.5125195670556106, -0.390914652429896, 0.6374719118220191, -0.30664541392468925, 0.7056426260700925, -0.2830959205446324], "timestamp": 1767299946}