{"label": "Y", "features": [0.0, 0.0, 0.4132271787635365, -0.19213002214761932, 0.6363785721070269, -0.4219066713103212, 0.7330074711625554, -0.7970315248780417, 0.7448487764058632, -1.200768472332978, 0.2424283507950374, -0.7718458978524183, 0.36430724296032, -1.178189671714645, 0.5126840770473574, -1.443188948553893, 0.6493233448458294, -1.6633832681280416, 0.08828458946812612, -0.9960952807267965, 0.2351714171820971, -1.4814374669301544, 0.37184321039542234, -1.852317582673133, 0.5495894669765741, -2.129236225751337, -0.080930421983414, -1.1858341713235208, 0.05723822505873626, -1.6514906069665445, 0.20655898092209357, -1.9708319774514387, 0.3880391551283975, -2.211343383006862, -0.2811558487016114, -1.3108324219596232, -0.17864601226782875, -1.7309957310338107, -0.05759223852145472, -1.9972878075202782, 0.10448772402964777, -2.1598436682466016], "timestamp": 1767299933}