{"label": "Y", "features": [0.0, 0.0, 0.21906970888989125, -0.21066879790914622, 0.3994368326193863, -0.5918981985317273, 0.5369213636011417, -0.9035688839257507, 0.6447456817118162, -1.106254690147137, 0.21091498740298664, -0.9687079193330541, 0.222396770083949, -1.2066651362934038, 0.19854962720706956, -0.9003790110532108, 0.18143139227599775, -0.6370624839808178, 0.0705991957763173, -0.997504758194962, 0.07530547210297543, -1.2360602596168484, 0.0702733327798376, -0.8705517933964342, 0.06761966746800513, -0.5840377313306439, -0.06674000030900817, -0.9909803292794453, -0.08507712577841231, -1.324875196896381, -0.06746113512021776, -1.0476951545017554, -0.051865820903193846, -0.794643311818473, -0.20121844514823833, -0.954772714151596, -0.22765473246364729, -1.3072453570608362, -0.23236402302302284, -1.5258648862210906, -0.2357980487456751, -1.733107234722253], "timestamp": 1767299742}