{"label": "Y", "features": [0.0, 0.0, 0.1987906673473928, -0.27422148298550963, 0.362991180347671, -0.570759693368584, 0.5036154260657967, -0.7348210449289282, 0.5979259714547749, -0.7558866078989381, 0.25402745074638267, -1.1211815221301464, 0.6157379915004018, -1.1107772716973026, 0.6254068123791499, -0.8861471919375342, 0.5463526451753439, -0.801610804906143, 0.21985317005425606, -0.9755329685910701, 0.6182026307988626, -0.9647093010406476, 0.6190477466267952, -0.725361288343044, 0.5312402604245479, -0.6264944943280785, 0.2055821966023202, -0.7436864661984276, 0.571371584931442, -0.7007889859398823, 0.5789446087541469, -0.4657024702072949, 0.5028405352237567, -0.3653229397989726, 0.21010381593480548, -0.45828471447266456, 0.5003559236816018, -0.568782441242855, 0.5624468911967855, -0.44543772978283114, 0.5500478323917397, -0.34630904166910087], "timestamp": 1767299901}