{"label": "Y", "features": [0.0, 0.0, 0.14358774150556405, -0.5532665954158531, 0.42588669958666714, -0.9961836756852822, 0.7263442642746362, -1.0577822825868555, 0.9708435968891623, -0.9364592182866693, 0.4923674923611862, -1.243877855786178, 1.0503941859809944, -1.2292363930159695, 1.023462438733659, -0.9369226608137808, 0.8711411831880708, -0.8335708259097839, 0.5161753426067585, -0.8564829262871974, 1.1235282849702624, -0.7696025483015877, 1.029383407632561, -0.5212626433115325, 0.8292653014223645, -0.470377182189367, 0.5423851309336019, -0.41619969406069246, 1.089059935714445, -0.34079102820587026, 0.9796176810201185, -0.16347670966520358, 0.7990996461825063, -0.13380129208228167, 0.5605827980466208, 0.02623884783383647, 1.0057251949781938, 0.02693099245494593, 0.9294975793808375, 0.14427101731609768, 0.7902632916794219, 0.17463405076579244], "timestamp": 1767299990}