{"label": "Y", "features": [0.0, 0.0, 0.17106011667831525, -0.4302802978057123, 0.35159246888073703, -0.8713352961469748, 0.5360385550539898, -1.1623047864919185, 0.6787930829880446, -1.3537496178791113, 0.17623958711675172, -1.1976868656418984, 0.5723819152802658, -1.2848375476730076, 0.6324010168947787, -0.9921207481257667, 0.5687418742147882, -0.8516133731809662, 0.12464288127835807, -0.9922016627857962, 0.565205120526399, -1.0641989306743174, 0.6108033280426929, -0.79437687825065, 0.5433067050691803, -0.6885874856377988, 0.11141184284905313, -0.7161726728927638, 0.5113866174447511, -0.7653479049881527, 0.5517289144059907, -0.5596982626616678, 0.493467003277143, -0.48344234808099135, 0.1276710285322757, -0.4052068209192228, 0.4642784379662926, -0.44830748745451177, 0.6065787997440524, -0.3794860267524967, 0.67393988134005, -0.35602189397977496], "timestamp": 1767299759}