{"label": "Y", "features": [0.0, 0.0, 0.3391680983531231, 0.0030151840091518613, 0.6330146078187789, -0.1934863956204999, 0.8185723781088624, -0.3988293681974407, 0.9760922374297911, -0.5302241566527679, 0.6696030234217523, -0.675548964752769, 0.9273465707363346, -0.8610221164767309, 1.0516184330883314, -0.6064104155028242, 1.1269185954795442, -0.3525481932574236, 0.5930429846016166, -0.8051707927750708, 0.9040973798458616, -0.940166763200855, 0.9463515936811269, -0.49866277464122705, 0.904821338689347, -0.1391536010169961, 0.48829613683656575, -0.9222161144529757, 0.778832352645235, -1.0230304054999684, 0.7993679930547722, -0.5532515356102781, 0.7367978400757504, -0.18847835803370702, 0.3508360584150116, -1.04383160621679, 0.5743844948323704, -1.3244440405713849, 0.6995514719484432, -1.127380255955936, 0.7513789046067075, -0.8691355211250048], "timestamp": 1767299956}