{"label": "Y", "features": [0.0, 0.0, 0.2759506943013606, -0.24547415106275802, 0.3930375209469699, -0.5190636844476263, 0.47092270088240334, -0.7374166408586896, 0.52207534088132, -0.9287770261699295, 0.21141883845721154, -1.0519493894141887, 0.48821031874699417, -1.04446973498871, 0.4963716501567944, -0.8154062230277848, 0.4392027966423793, -0.6958503531575659, 0.1461540789327575, -0.9892618338284176, 0.47038468137160017, -0.9580809235200443, 0.45521058232525624, -0.6957957855901055, 0.3871252920561985, -0.5952884512589044, 0.11410774370881803, -0.8362323805986152, 0.41684512790522127, -0.7704623142632386, 0.39135358251949626, -0.5517465948909455, 0.31634586734675674, -0.4783818924700843, 0.1086095044752597, -0.6261631150152035, 0.36554145267494076, -0.5377174403404246, 0.44875518341348775, -0.4050737064583786, 0.4901265869451096, -0.3498529986240903], "timestamp": 1767299841}