{"label": "Y", "features": [0.0, 0.0, 0.21890295631984083, -0.20370355085216174, 0.40416988587769315, -0.5932525755201847, 0.5557103338701884, -0.8971437333165647, 0.6746172541921716, -1.0812867244612911, 0.21047600026458688, -0.9726063610063299, 0.22678068680105062, -1.236108699473227, 0.1984236889870329, -0.9170701102398329, 0.17944200670446972, -0.6444613219001123, 0.06590706888530008, -0.9978257598858248, 0.07696187857432618, -1.2706654328617677, 0.07000385521907873, -0.8880039667574178, 0.06876597373872623, -0.5825322653618473, -0.07345396467131675, -0.9928692364614662, -0.08652310121546632, -1.3682316829260468, -0.06641848002036699, -1.1163685288262912, -0.04847144743158252, -0.8724594004194265, -0.20828609447253815, -0.9581122697881209, -0.2348278326322158, -1.318490869745536, -0.24288880488820525, -1.5418071209192294, -0.24883366781235272, -1.7542944495371706], "timestamp": 1767299742}