{"label": "Y", "features": [0.0, 0.0, 0.1989766112188629, -0.24669671202036153, 0.2610954735311051, -0.5353199491558198, 0.28120725738176894, -0.7397228724702735, 0.3112473903591686, -0.9311152369450186, 0.14604963160450415, -0.9661974127207185, 0.24515963483119924, -1.2306119824725983, 0.3654447260821168, -1.3322246588361892, 0.45497395295485826, -1.3696694344296252, 0.10513255925911448, -0.9944582117780553, 0.22599136934441855, -1.3683095746027227, 0.35880951709784475, -1.4584013323450615, 0.4615050392801595, -1.4592554961634954, 0.09035639040281764, -0.9962309820921086, 0.20559019013787597, -1.3851673016012527, 0.3450550331860911, -1.4653626332097207, 0.45473990073146975, -1.4497275270033465, 0.10428421318237088, -0.9756812267131664, 0.19533336236493132, -1.3114675531764886, 0.30517053540430594, -1.4140537316495976, 0.40863892219425363, -1.432024586558214], "timestamp": 1767299930}