{"label": "Y", "features": [0.0, 0.0, 0.22161775651480373, -0.22336010999472636, 0.40398866964844177, -0.5904199951312987, 0.5566453341623615, -0.8921383123116856, 0.6747204226736764, -1.0705500087212219, 0.20392160633269232, -0.9691483486488129, 0.226962906121034, -1.2301008943335503, 0.1995746662724215, -0.9218156270125806, 0.1804475337645942, -0.6651802092563283, 0.06424812521146596, -0.9979339493634052, 0.07705326392821664, -1.2648863521929787, 0.06915735520180685, -0.9049598477009185, 0.07128975073925968, -0.6278110333088016, -0.07566600606245315, -0.9921497333051527, -0.08191943195042256, -1.3557789045650028, -0.06760513687349556, -1.075487891482668, -0.0508835121548694, -0.8166304761706513, -0.2144679791978095, -0.9466859010859778, -0.238942497221751, -1.2966352788070745, -0.24566687198045808, -1.521113674989675, -0.24633781056859178, -1.7296107810596624], "timestamp": 1767299739}