{"label": "Y", "features": [0.0, 0.0, 0.21405835997721004, -0.19898400496277888, 0.4029637959073215, -0.5712217617195562, 0.5577423529726876, -0.8691447992214018, 0.6764119893752495, -1.0598798249426986, 0.20803799708403437, -0.9660784250352693, 0.22536035636503735, -1.2325148204392342, 0.1998707122331921, -0.9182104833814234, 0.1868900866827249, -0.6527928650842609, 0.06401111780342283, -0.9979491799069898, 0.07400666677582539, -1.27449214911445, 0.07199976867229808, -0.891482332402434, 0.07632294302808405, -0.5898527226291246, -0.07701212552437421, -0.9962367461689128, -0.09421832300448772, -1.3655673094380933, -0.07258372614210488, -1.1024285172262838, -0.05165289414188706, -0.8554284270290667, -0.21460635865843908, -0.9628315287062696, -0.24414832627081512, -1.3228287149807287, -0.25197996814348095, -1.545086341588484, -0.2565550197280145, -1.7555692048784006], "timestamp": 1767299741}