{"label": "Y", "features": [0.0, 0.0, 0.3313540811875811, 0.0054021889307365924, 0.6267283141632093, -0.1897157868095314, 0.8128240261982246, -0.3971073613758665, 0.9680812071223299, -0.5285462174799215, 0.6665160495666571, -0.6802206183558966, 0.9251471355969694, -0.8753722549774154, 1.043435297412366, -0.6128889105939594, 1.1112176019710467, -0.3518786122752394, 0.5903212022653799, -0.8071684243830716, 0.8976167423439846, -0.9516581396620754, 0.9415034550597438, -0.5107396112982568, 0.901445285076247, -0.15125134480025504, 0.4854273936176959, -0.9221241589546405, 0.7712798048095085, -1.042804538398928, 0.795906373289592, -0.5769930233301264, 0.7368500784301557, -0.20956002383691114, 0.347320814200879, -1.0430864482794033, 0.5609486407839431, -1.3373789429348357, 0.6916201817994859, -1.1527773150153382, 0.7511829199177409, -0.8992550327348607], "timestamp": 1767299956}