{"label": "Y", "features": [0.0, 0.0, 0.24947649689661264, -0.22603057397564344, 0.37825647905855, -0.5253956582664466, 0.4882993154879305, -0.7114304716957353, 0.5695844918102413, -0.8394711766381376, 0.19204763344333972, -1.0096663443926703, 0.45747068834931026, -1.3178586479870251, 0.626086462078624, -1.1840891039253216, 0.7016161111502756, -0.9949821190156312, 0.16940970568492314, -0.985545707156769, 0.4846326538958404, -1.3452735914493625, 0.656852603831849, -1.1420305266150765, 0.7093304193952795, -0.9254628928204836, 0.1993654551380484, -0.8675212017412947, 0.4941697455316821, -1.2236632878817213, 0.6629950290826149, -1.0231225961088999, 0.7150720432481653, -0.8093525816409773, 0.26929698899130244, -0.6756849958296117, 0.5097316428693105, -0.9425947554423123, 0.6448445428124256, -0.8675227998329927, 0.7029246286326689, -0.7398509344545087], "timestamp": 1767299950}