{"label": "Y", "features": [0.0, 0.0, 0.15041995501249053, -0.7169428337743872, 0.6400347351795339, -1.4088849745506977, 1.1263416441989917, -1.7287450492608016, 1.5068174474642206, -1.9856539832481053, 0.5585562682060896, -1.4662755381782764, 1.3812633629815239, -1.5204651067325663, 1.5178396563137955, -1.162089613954459, 1.3726343473574596, -0.944029944147097, 0.5605982432369144, -0.8280879085796125, 1.4581019732453855, -0.809676522098612, 1.4428572153261505, -0.5103019094880197, 1.1988262818106659, -0.4123278946374911, 0.554264230805438, -0.13327861884195133, 1.3661266140985042, -0.07954223505499806, 1.2834215270214684, 0.1309416960583849, 1.052879260451789, 0.19307634889203343, 0.5541875670489635, 0.5309867728851594, 1.1879177468068978, 0.5290599823160327, 1.1437990767447483, 0.6243171544863776, 0.9622506153718432, 0.6442081892327324], "timestamp": 1767299882}