{"label": "Y", "features": [0.0, 0.0, 0.24151110391770803, -0.29446172804720505, 0.32102160961941606, -0.5926043907991612, 0.3943948319521782, -0.8190187366817286, 0.46020572986160724, -1.0198583501243386, 0.015771356844908768, -1.0052924961331526, 0.20589959382835488, -1.3628823848501668, 0.3650938218507202, -1.3686096243584362, 0.46470267468368676, -1.2843043456367191, -0.00376264988939656, -0.9999929157349441, 0.23888610555107104, -1.4179352585103946, 0.4066175315668819, -1.3853033352336255, 0.4927484351623264, -1.2805451209347027, 0.04209049667552937, -0.9570766226924281, 0.2644828570527594, -1.3998584243501875, 0.4287437527314694, -1.367233025239857, 0.5130351675995042, -1.2354853130087307, 0.13931688702922002, -0.8800999401313753, 0.30137881240974435, -1.262708702307764, 0.43364813174764977, -1.3172321398614864, 0.5217605877947081, -1.2748107048433506], "timestamp": 1767299933}