{"label": "Y", "features": [0.0, 0.0, 0.25072981975621395, -0.28206198032222696, 0.3491398193305949, -0.5531910792136172, 0.41561352428898635, -0.7557886988759631, 0.4568349396985916, -0.8987371632965283, 0.106617978346516, -1.0501249119131009, 0.38885414107148975, -1.1514777867878232, 0.44733270249705753, -0.9510405671235913, 0.42725426636918806, -0.8137811641860001, 0.06765922170517671, -0.9977084852348174, 0.40930222552878404, -1.0982205385951562, 0.4439051989104221, -0.8518260748084338, 0.3999656083927831, -0.7190002500800852, 0.06746705839428116, -0.862522880370379, 0.3885564163746599, -0.9425611622617827, 0.4252362458070271, -0.7082121944672627, 0.3860327286404797, -0.5697777942257487, 0.09594673747710873, -0.6593293220379611, 0.3612454963214994, -0.705773151552395, 0.4871300789089251, -0.6055788832217865, 0.5602032664343106, -0.532305581643807], "timestamp": 1767299992}