{"label": "Y", "features": [0.0, 0.0, 0.1661112084094564, -0.41646561342110067, 0.40539697099400746, -0.8683986675875672, 0.6203885062662342, -1.1593291048139702, 0.7639251178456788, -1.3837126717486148, 0.3147497930401959, -1.2098104270146466, 0.7269263406128884, -1.2219969202584917, 0.7091011206100006, -0.9632101542086396, 0.6044683979128553, -0.8935304557101933, 0.2636615618999332, -0.9646152443708448, 0.723374401080145, -0.9047374230755347, 0.707051231064598, -0.6636976142345615, 0.6147391900382349, -0.5915694319607605, 0.24272436170736633, -0.6494703317701984, 0.6917446500689036, -0.5328187272675396, 0.6844051553191278, -0.346400061147541, 0.6082036676269135, -0.3097419669863451, 0.24670964216507632, -0.2985019075305137, 0.6204164690826982, -0.20751917577913362, 0.640622995917246, -0.12615499104957523, 0.5957760985038486, -0.1382898606322561], "timestamp": 1767299785}