{"label": "Y", "features": [0.0, 0.0, 0.2533023922093544, -0.2495247321484515, 0.36676445003802033, -0.5124227416106855, 0.4648431222917557, -0.6855751217328818, 0.5377288558732302, -0.8100983292271777, 0.10490671505460697, -1.055803842610673, 0.41245915995895643, -1.1758703365023635, 0.46761879938417655, -0.9561505136741099, 0.4317191362204767, -0.8246890936068763, 0.07701873363080862, -0.9970296414347972, 0.4410673615652649, -1.116273063885833, 0.4595240002361683, -0.856538482066103, 0.39966025530025145, -0.7158133916274225, 0.08982090548322849, -0.8473547925967966, 0.42106899952417975, -0.9288785942971909, 0.42840672454457396, -0.7073356773760293, 0.36677438230691356, -0.5874631241032546, 0.12723733065712822, -0.6325501359932214, 0.3995762230779045, -0.646008360343591, 0.5429828954300169, -0.5417064681894842, 0.635480678067728, -0.46506751315609424], "timestamp": 1767299992}