{"label": "Y", "features": [0.0, 0.0, 0.14191446597705368, -0.5499163835304423, 0.45765079030421785, -1.0255642415844917, 0.7833994301458955, -1.239853135119223, 1.0608864646726226, -1.2370699117249029, 0.51072414768408, -1.1917747128216405, 1.031562701022788, -1.2674739483467266, 0.9754435337889265, -1.023602083572367, 0.8105597516775647, -0.9271131443370194, 0.5507845117431868, -0.834647473743999, 1.1334698994675083, -0.8329797601076173, 1.008311731948732, -0.6006226012076084, 0.7989002370938321, -0.5499014199638061, 0.5802904930189937, -0.38421032929764043, 1.1540616979416143, -0.379181605516505, 1.0192187239393768, -0.19393989099668887, 0.8235348533860319, -0.15092349848339962, 0.5800826925210307, 0.09344409477274414, 0.9894841862505954, 0.155376848992591, 0.8906227976598744, 0.2653783715960616, 0.7445875585095098, 0.27611738548382325], "timestamp": 1767299898}