{"label": "Y", "features": [0.0, 0.0, 0.10783778021680825, -0.44683974269572374, 0.18024455518111654, -0.9172475809935982, 0.2744577912027636, -1.2440758253573785, 0.40344059804500954, -1.4272123682562343, -0.10466475051660727, -1.2532643905308771, 0.3263747887304549, -1.2397855861257958, 0.33192875043888415, -0.9680199219737389, 0.2255582258540341, -0.8828738657301393, -0.15990071082342572, -0.9871330962472935, 0.31002448522533793, -0.9757638463102917, 0.2852098698536578, -0.7053481114605132, 0.17538353398652867, -0.6297570960429208, -0.17080568095171145, -0.6493805528706014, 0.2614270303433125, -0.6324194566113034, 0.2436492887085669, -0.3956696132699803, 0.1443224029702704, -0.31823152963752926, -0.13917531428321803, -0.27119894125482324, 0.19802848205894247, -0.2682346635085829, 0.1968181073036636, -0.12664903731250507, 0.11762959987948375, -0.046567921996297446], "timestamp": 1767299759}