{"label": "Y", "features": [0.0, 0.0, 0.3174349880041589, -0.009402139725522923, 0.5985782363224091, -0.22902802576273507, 0.7715759472642495, -0.42794964518167644, 0.8809737079018695, -0.5604756446697133, 0.6482276255799856, -0.6842851598202097, 0.8845380333056074, -0.8578674821981193, 1.0132904020609432, -0.6413891152630031, 1.0990052647263941, -0.42535137213248, 0.58266958783619, -0.8127091357318276, 0.868897873034472, -0.9747774997892285, 0.9243908505539425, -0.5842740214440689, 0.9052672000405997, -0.24111252154029653, 0.4909375578343084, -0.925540586378212, 0.7553535212202143, -1.0477121068939441, 0.8081955384869908, -0.6334571650378172, 0.7832324497312072, -0.2885472438946897, 0.37425525000626075, -1.0341422650232586, 0.5895088198956862, -1.295181736494608, 0.7050311070686447, -1.1012340056085936, 0.7517671826698095, -0.842831420410922], "timestamp": 1767299953}