{"label": "Y", "features": [0.0, 0.0, 0.13288457104286322, -0.4551283855862586, 0.39976853162117837, -0.8894476977078054, 0.666835555557861, -1.1293021666238208, 0.8341629370795248, -1.3043783585860955, 0.37769538698700467, -1.215124884217317, 0.8378710908825374, -1.1801097205446, 0.8444951824652601, -0.9273944903052354, 0.7567045337693138, -0.814891222226409, 0.36155050637441216, -0.9323525185274689, 0.877276225968513, -0.9187042111644489, 0.8746662655163598, -0.6743725355409325, 0.7843747471858997, -0.5449586963332399, 0.3753744051219888, -0.5821145805027843, 0.8556153474893566, -0.45261331920150416, 0.8351509188166732, -0.26708533027251935, 0.745227581995746, -0.21363568641219988, 0.4106834041648199, -0.2076980824233551, 0.8242539790101779, -0.13640760669471033, 0.8209407190230723, -0.03943147379365904, 0.745983932544756, -0.03132774459702956], "timestamp": 1767299900}