{"label": "Y", "features": [0.0, 0.0, 0.1364109859946129, -0.4244959499499099, 0.3520469699224128, -0.7852878253510702, 0.57482642431132, -0.9513458009017048, 0.7192969361652587, -0.9578938021153853, 0.28766698875092117, -1.1952714767735433, 0.6812520519562297, -1.2013740809503544, 0.6558958313173351, -0.9543123445987657, 0.5581813719875593, -0.8970921207949535, 0.24901649752608884, -0.9684992373806088, 0.6702976115501755, -0.910280858874021, 0.6320453185717385, -0.7034311624630957, 0.5355675007909728, -0.6809133507766998, 0.24656980529594152, -0.6734237004544732, 0.6418222821097997, -0.5935377532617226, 0.5912949797495749, -0.4375068616000779, 0.48873416855705454, -0.43273978376217914, 0.264847536907093, -0.3550485803264809, 0.6122306347975384, -0.3274229953075658, 0.6759415232561803, -0.2536715613330734, 0.68336885123183, -0.259301512833445], "timestamp": 1767299839}