{"label": "Y", "features": [0.0, 0.0, 0.1543989242352002, -0.5697211285619078, 0.5402812292198579, -1.0536196774260895, 0.9211731353319843, -1.2735584912477667, 1.2251474006214653, -1.4139441298307027, 0.5768624776175394, -1.2326016570250131, 1.2010328107966093, -1.2358699141487104, 1.2078671371069427, -0.9096249864721755, 1.058705509201951, -0.7619685375760071, 0.5898149996847989, -0.8075383885468631, 1.255855303901596, -0.7055914859706613, 1.166984755899924, -0.43560028909677745, 0.9658728326722082, -0.4089389455996744, 0.5884876380159605, -0.3246463625826833, 1.2236742031486105, -0.2133854133232912, 1.1020028801530264, -0.03142940673158102, 0.8988262289631814, -0.03114336387387838, 0.5724743550303677, 0.150937498634253, 1.0942758852107388, 0.2194117581089155, 1.0085656246673342, 0.32073949814876623, 0.8374861546800936, 0.29643967126758036], "timestamp": 1767299883}