{"label": "Y", "features": [0.0, 0.0, 0.250689197846972, -0.2606478230708597, 0.3524466987679834, -0.5284951353953093, 0.4186657114637859, -0.7212362130824819, 0.4495487137386573, -0.8840331289573159, 0.08707021707494329, -1.0494404548410134, 0.36865619972059277, -1.1765010406261867, 0.4382911482938861, -0.9858832233791697, 0.4278238226458847, -0.8299334653311748, 0.048291457502935085, -0.9988332827473222, 0.39366621801036983, -1.1206562588948592, 0.42767634964116014, -0.8766592281297441, 0.38667359190954137, -0.7238594032497836, 0.05218101101666975, -0.867679287391756, 0.37999646030820017, -0.9457424998637831, 0.4086286511498748, -0.7124772939080742, 0.3656720327252438, -0.5666246128003822, 0.08682839642998282, -0.6669982230355965, 0.3477245555206931, -0.7284805581862769, 0.47720585366889023, -0.6300222175774179, 0.5586697159465505, -0.5505241190815116], "timestamp": 1767299992}