{"label": "Y", "features": [0.0, 0.0, 0.2153427399995653, -0.1798686212664155, 0.39970745647989975, -0.5971784395461875, 0.5130374132531221, -0.9512367939976787, 0.6008507205752376, -1.2051639419978903, 0.23260900236864612, -0.9526034264866399, 0.25519452965054984, -1.212846536944677, 0.22457612929983606, -0.920318868794692, 0.20170767267926037, -0.6673558717982464, 0.08958757718399242, -0.9959789431517225, 0.11537265503955688, -1.2634045274476413, 0.10398217121414913, -0.8931025487321667, 0.09323923466215978, -0.5911776307252881, -0.05048919162619136, -1.00550219001479, -0.05216582186435803, -1.3647090205983565, -0.03226490087001277, -1.120199746005921, -0.018390729256661593, -0.8781121274272896, -0.1898292324175382, -0.9791813832007492, -0.19490318985990085, -1.3475692385999236, -0.19055371520303854, -1.5702323724338982, -0.18815558292696005, -1.7754866513790173], "timestamp": 1767299743}