{"label": "Y", "features": [0.0, 0.0, 0.21326199781799704, -0.20186116534029658, 0.3662260896499471, -0.523749681053406, 0.418375930293581, -0.7541773439756548, 0.46499325401617303, -0.8917908890780886, 0.13376453571548755, -1.0463929976258655, 0.18660854541041208, -1.4322763296401997, 0.23339463659619938, -1.6657775744898988, 0.289679627346271, -1.8522218667931272, -0.0050675382518681365, -0.9999871541194996, 0.09519005811442759, -1.0524083770110493, 0.18110728172329532, -0.8472251665335981, 0.24507674817922523, -0.6526741326083688, -0.12730935387734757, -0.8734789248050973, -0.04910160856147816, -0.9519491972859371, 0.07338571857939022, -0.7653212054188605, 0.16854764878328526, -0.5845997275054621, -0.24301056215862524, -0.7076565580200757, -0.2913374377769171, -0.9348568036523318, -0.31174649404627874, -1.0745947005162815, -0.3162681424789228, -1.193974067172382], "timestamp": 1767299758}