{"label": "Y", "features": [0.0, 0.0, 0.1581690110826308, -0.5085821278203625, 0.4482769416973758, -1.0246863161093118, 0.7302023222120579, -1.3461884982234953, 0.9114441091524519, -1.6140990116822265, 0.3681581619694577, -1.2714498428541279, 0.8364064261389832, -1.3045491726172447, 0.7858461091503806, -1.066139799138215, 0.6532247931996764, -0.9860956850430426, 0.3686521600188703, -0.9295674115750067, 0.8655722097192867, -0.9626258486688447, 0.7830858539740619, -0.7659532859987215, 0.6415957578169601, -0.701190616367787, 0.39177349592140204, -0.5429283188833639, 0.8515533264190315, -0.5565430219613725, 0.7633135181515279, -0.4082709496270063, 0.6246280384146498, -0.37003338294638527, 0.43235198536167474, -0.1500596661628392, 0.8324796345488633, -0.2168476182624297, 0.8273519859117974, -0.16598078881079542, 0.7540860143061443, -0.1646306004983581], "timestamp": 1767299837}