{"label": "Y", "features": [0.0, 0.0, 0.13434541577543618, -0.5335979811142023, 0.4503164697340515, -0.9922452283067072, 0.7566211064926108, -1.2255087776996347, 0.9968123550351996, -1.3384009391752345, 0.5176446424375518, -1.195581188595347, 1.0663697841379485, -1.1699705580693163, 0.9826159802179407, -0.910868466952991, 0.814339839795397, -0.8610618578252132, 0.5328229940153422, -0.8462267084606456, 1.124175542126448, -0.7696810412964349, 0.996276852749198, -0.5484580582659818, 0.8132968789840074, -0.5285247312774941, 0.5419877394977558, -0.4484406537463452, 1.0573370223860414, -0.3101577604390495, 0.9189245936130547, -0.149513751724436, 0.7515843580586059, -0.1528758870246604, 0.5384517773956331, -0.042501877196534345, 0.9467911888817753, 0.03781011153198185, 0.8466515936908938, 0.1258746420834436, 0.7090319575790615, 0.09840511085388627], "timestamp": 1767299899}