{"label": "Y", "features": [0.0, 0.0, 0.09795689256672356, -0.46639527934459385, 0.26959640385326267, -0.860670819158955, 0.45505009235711874, -1.0378949959629562, 0.5981489857739235, -1.0423359996393367, 0.27792589196929113, -1.2194029485751676, 0.69505176802448, -1.2825685610131088, 0.6906353739274652, -1.0244581656292475, 0.5951613144789767, -0.9488014826646128, 0.25976180069921817, -0.9656727165186995, 0.7061330856332, -0.9654156831342126, 0.6777196172568554, -0.7481254021241764, 0.576915533077398, -0.696856470511303, 0.27355239373630963, -0.6510440295233614, 0.6823574975681621, -0.6045271393260747, 0.6430380548360787, -0.4526856928395814, 0.5406078585200569, -0.4371519212640815, 0.30378885088414476, -0.3203719475798239, 0.6450437355543887, -0.32569957971279895, 0.7246926391716922, -0.28025594061563047, 0.7455137105139844, -0.3067156818301039], "timestamp": 1767299838}