{"label": "Y", "features": [0.0, 0.0, 0.2000853768955698, -0.16620822003150487, 0.3663138315870899, -0.5178497551082677, 0.45562311689644047, -0.7768653272992556, 0.5436576186248318, -0.9476628404888569, 0.09807920375987875, -1.0393224176922975, 0.14047659782321253, -1.470256720037659, 0.17607839812036102, -1.7250795622735273, 0.21512912395046208, -1.931691339690437, -0.06370268439329518, -0.9979689152858208, 0.07066702077067889, -0.9561124370446797, 0.1775898549568556, -0.6587939181111179, 0.24171385387832495, -0.40023940710190553, -0.19863173337340445, -0.8407927609520056, -0.10302513280074356, -0.877249836968012, 0.032635977272059476, -0.6338489183109175, 0.1260319412380568, -0.4172285721839761, -0.3111754670452396, -0.6310951978827738, -0.36894253072299665, -0.8473542107951576, -0.39552039531978295, -1.0010416929424188, -0.41588405129260714, -1.151859828032878], "timestamp": 1767299757}