{"label": "Y", "features": [0.0, 0.0, 0.17689680241586347, -0.599651208745218, 0.6093866285724638, -1.0852856200262955, 1.0260350982721946, -1.2813099913238977, 1.3727733403496591, -1.3105687035729001, 0.6324518794559328, -1.2214859032153242, 1.2948539786488364, -1.0912050234421538, 1.2266604152617373, -0.8676178092466528, 1.0167171279832423, -0.818592783766612, 0.652583810200807, -0.7577165365986972, 1.3938810787885068, -0.6592965229251246, 1.2659838513975612, -0.4733797067680868, 1.0161181111736466, -0.4533446119012405, 0.6594470530560335, -0.21916318020380401, 1.3598680973740198, -0.14726192002529115, 1.20750615443926, 0.0006784718890030697, 0.9825272348685121, 0.038976440906223916, 0.6360143224303048, 0.3190841499868087, 1.1216996346216275, 0.380093236115608, 1.016569391194969, 0.49160844006402843, 0.8586350400739506, 0.5451313679299028], "timestamp": 1767299898}