{"label": "Y", "features": [0.0, 0.0, 0.16796487058993548, -0.5076394886329781, 0.4901260865770187, -1.0181314132625665, 0.7882328339214631, -1.3224331251265324, 0.9853606471647934, -1.6034792529134934, 0.4496992652720954, -1.254091278480784, 0.9616483433501954, -1.241218381443367, 0.899444465000558, -1.000101107956794, 0.7393911951852354, -0.9373501408574453, 0.44718599430229383, -0.8944409840329268, 0.9852305307863494, -0.855231332077944, 0.8881504008491311, -0.651080609175022, 0.7270901352576948, -0.6081928259342825, 0.45801021458573693, -0.4869933566527804, 0.9442326223218576, -0.4029707990163328, 0.8408155997693223, -0.24805731363712674, 0.6921653243876688, -0.2316206527359283, 0.4759387141371936, -0.07634194155670931, 0.8817775106190284, -0.02918206638624968, 0.8225115626011172, 0.05100112064821381, 0.7102929357459087, 0.038174345554740814], "timestamp": 1767299837}