{"label": "Y", "features": [0.0, 0.0, -0.2802623035054328, -0.1680198490872259, -0.4846153562416858, -0.5399864824161993, -0.5784299865413949, -0.8660416453725178, -0.6602638702445743, -1.1332706607879506, -0.28864646086122037, -0.9752593473693039, -0.36453205901256935, -1.2605022660911955, -0.36065198619047295, -0.9556127177672896, -0.32593585636931904, -0.7017251701388877, -0.1351597541005593, -0.9908238133998145, -0.20347234055467095, -1.2180847743378107, -0.20846826040619673, -0.84576300390876, -0.18350013962486808, -0.5904034286530061, 0.018267821115524784, -0.9839113358387638, -0.051302528075001075, -1.148510598988518, -0.059660945817266935, -0.7964219039506394, -0.03733009192407226, -0.5629660441366652, 0.17649409509033961, -0.971275272595275, 0.16597111498394057, -1.3807516533940503, 0.11545642778227418, -1.617276266455263, 0.06462034324420105, -1.832406217106981], "timestamp": 1767299745}