{"label": "Y", "features": [0.0, 0.0, 0.26907530827792064, -0.3238601216871003, 0.3804515441729252, -0.6179372415993049, 0.461924120029881, -0.8513263780652929, 0.5321465194304492, -1.0496028243465694, 0.1450231411087534, -1.0662286813036685, 0.4290988266127553, -1.159926778235982, 0.495336948213113, -0.9558067812947556, 0.4901449521741897, -0.8206360261514865, 0.09858816341155838, -0.9951283156000399, 0.4304622649863844, -1.0607862838809783, 0.4607956103921557, -0.8029344652906537, 0.42157911975126344, -0.6613583178338354, 0.09049611053002775, -0.8489492683302805, 0.4037371694524797, -0.8785974167522405, 0.4277334009265566, -0.6331540939445724, 0.3886006613153823, -0.48789659190350654, 0.108576538337161, -0.6528313274013625, 0.3698285067831377, -0.6680246158975908, 0.46619996497422833, -0.5320444567349116, 0.5106704841963944, -0.42864799056125646], "timestamp": 1767299885}