{"label": "Y", "features": [0.0, 0.0, 0.22009348133333342, -0.21189055486698583, 0.4048601695415005, -0.5969366715972376, 0.5555513163968598, -0.8994796474469312, 0.6765076412939003, -1.071540757250479, 0.20382240661192574, -0.9769158561139499, 0.21697735610430224, -1.2438800333869051, 0.19013281480474895, -0.9326304513181163, 0.17254442380692409, -0.6626508185366001, 0.06085567390028384, -0.998146570320501, 0.06657530354489874, -1.27428891197686, 0.06154993070609296, -0.8975569882461071, 0.06378486473061276, -0.5964041817600131, -0.07623496060449905, -0.9911092932490727, -0.09213812723563534, -1.3685157703370556, -0.07228433637683256, -1.1137471998584425, -0.05205601441983272, -0.8648790671408154, -0.2062684490140765, -0.952598489063637, -0.23236641174520783, -1.3015909375488794, -0.24338428215516641, -1.5177354504065277, -0.2511798936340849, -1.7251779931506286], "timestamp": 1767299740}