{"label": "Y", "features": [0.0, 0.0, 0.21726969379102337, -0.2056613617928678, 0.40379920874079683, -0.5839901744172502, 0.5567027429362377, -0.881484467173058, 0.6744683867548608, -1.0613661748519525, 0.20672764898808496, -0.9710539138930426, 0.2255581717640764, -1.239672005594062, 0.20063571271976624, -0.923426529366821, 0.1834802410112575, -0.6515608154658904, 0.06489508829263649, -0.997892086561995, 0.07732722673645359, -1.2721515333975304, 0.07333133572042894, -0.8880997122710244, 0.0746734922892033, -0.5848834027544, -0.07342885694894825, -0.9954662873251314, -0.08349602295606294, -1.374825519167462, -0.062399371293631066, -1.1197992420785503, -0.04347744302718001, -0.8723468933510156, -0.20798410257891478, -0.9625232857508697, -0.23649253289903277, -1.3171574150689784, -0.24359240891567488, -1.5393061455098886, -0.24645201232923164, -1.7518544895188344], "timestamp": 1767299741}