{"label": "Y", "features": [0.0, 0.0, 0.2433347796583553, -0.23621398046669848, 0.2995702004917214, -0.5506264511593283, 0.34883681158910984, -0.7985919106775001, 0.4041131908180791, -1.0371560514009095, 0.012807272026207725, -1.0028945442468016, 0.1706135014221992, -1.4220485912658516, 0.32870320725002034, -1.5163877855821777, 0.43852431524015223, -1.5105705035393946, -0.011215025744137554, -0.9999371039352922, 0.1856504604576398, -1.4862183022348159, 0.36421824616902726, -1.5603210409304504, 0.482517383607215, -1.5424371177541838, 0.025451540868063904, -0.9571106435976062, 0.22170788315326764, -1.4487540027827734, 0.3987113805092149, -1.5377286640257422, 0.5150997207437307, -1.5078702761528808, 0.11427709316900614, -0.886955903026079, 0.2636668005555276, -1.290757828927678, 0.387980958826663, -1.420735077040183, 0.4830941641056897, -1.4580224790655487], "timestamp": 1767299931}