{"label": "Y", "features": [0.0, 0.0, 0.19960402132771327, -0.37450711217245486, 0.32445547540463504, -0.7678526475930673, 0.42827190352261163, -1.0588430066990073, 0.5425885195986804, -1.2665189129880878, 0.06411080411798403, -1.177288052869897, 0.4181903160811069, -1.2678069145775874, 0.4892769788078719, -1.0037770887431539, 0.4372469645985722, -0.864781067210677, 0.008945311039246595, -0.9999599840325338, 0.4031026724617187, -1.0849110388690946, 0.4528720338811877, -0.8151296559367683, 0.3898588311177336, -0.6948131574563532, 0.0026755783018827996, -0.7431167170669026, 0.36656017736528634, -0.8226189651791894, 0.3979753411341718, -0.6149056088438924, 0.329577206725271, -0.5294204533482079, 0.025213331115315995, -0.45422811055469736, 0.33869506797745874, -0.5282028018455261, 0.45801354022622764, -0.4477342025406829, 0.49762081410484815, -0.40799830350332844], "timestamp": 1767299760}