{"label": "Y", "features": [0.0, 0.0, 0.20372861268702608, -0.22997542287714953, 0.3707726730882222, -0.6340307978205715, 0.5116431208123109, -0.9539744161949127, 0.6260130388621616, -1.1407900976391616, 0.14906506080436097, -0.9945159511600613, 0.15989988744780187, -1.2355000248401018, 0.1477888087419039, -0.9202576323562058, 0.14225689473533473, -0.6550785114543753, 0.0020219417593268876, -0.9999979505226783, 0.005743851903733404, -1.2535780563663115, 0.02363753413790272, -0.8863877556798181, 0.0394666956672652, -0.599872915243297, -0.138796119509368, -0.9678474977794922, -0.17185635833481291, -1.3242115832946642, -0.12940921621980422, -1.0702777692073062, -0.0949661982323494, -0.8341923473896369, -0.27449561743323164, -0.8939470334837154, -0.3363613899702449, -1.233574244519443, -0.36007634762137053, -1.4389342527580042, -0.38168946818850463, -1.6387883408780608], "timestamp": 1767299737}