{"label": "Y", "features": [0.0, 0.0, 0.11928398286961452, -0.44867800792687884, 0.32298690980241623, -0.8320391509075136, 0.5435804556436629, -0.9734623519434472, 0.6890380937284623, -0.9565958290582822, 0.304267766767669, -1.2111299238343625, 0.720525528811257, -1.2190022159867746, 0.7705223501793843, -0.9557148507107407, 0.6997001506480897, -0.8168558825982299, 0.26106446379029496, -0.9653213631285615, 0.7122222818827745, -0.8960277875777121, 0.7153759139367841, -0.6819531694734395, 0.6309063508894406, -0.6235880939197798, 0.25309058696419917, -0.655135162326375, 0.6695321028543818, -0.5691692188980833, 0.6468267148173286, -0.41199380603916436, 0.5584764785531282, -0.37745501698678535, 0.26019440666193777, -0.32418685709121653, 0.6128983005704777, -0.2576998615180724, 0.7040516497586741, -0.16723229555358218, 0.7400798850845827, -0.1441379040903417], "timestamp": 1767299842}