{"label": "Y", "features": [0.0, 0.0, 0.2779551677178659, -0.022039870979206427, 0.526535786244818, -0.22071310013436987, 0.691370677340121, -0.4370583212288885, 0.7666332323250102, -0.6645997164520341, 0.6168554919079482, -0.7187877311563381, 0.8403091201913805, -0.9428147409451206, 0.9628808430407224, -0.713292825063398, 1.026714547344089, -0.4926091557430105, 0.5483717189953702, -0.8362346836791769, 0.81208843203101, -1.0741855846854447, 0.9138380271102742, -0.7511065736025332, 0.9301042648758842, -0.4539793080443882, 0.453658858416851, -0.9429899408495331, 0.6995295914657693, -1.1667181413151773, 0.806268748249653, -0.8235853198295625, 0.8204537080994052, -0.49954928792491915, 0.3304228647836838, -1.0252449109917585, 0.5204475895664807, -1.2693018402871883, 0.6433008094954421, -1.0987966700720975, 0.7010894246068339, -0.8592921683324318], "timestamp": 1767299952}