{"label": "Y", "features": [0.0, 0.0, 0.14610192485160275, -0.329069474449786, 0.25372797845491585, -0.6673124482677472, 0.3372093259027659, -0.9391686114744605, 0.4236956611937055, -1.1254113935376808, 0.18556145199692056, -0.9625245946382661, 0.19916582665584798, -1.2569345669273475, 0.19100655384329238, -1.4626870397868499, 0.17869218904595932, -1.6521031281428158, 0.075267407104637, -0.99716338068209, 0.07731297978468721, -1.3189672525836478, 0.07012290474592009, -1.519471930223875, 0.062031606691879404, -1.7063016689320498, -0.034256760707873826, -0.9642771205816076, -0.0604068301359692, -1.2541295471569265, -0.08329400325890605, -1.4617266175903512, -0.10664541880666337, -1.6446313714592395, -0.1371998210007576, -0.8604188826669403, -0.16745578163603864, -1.1318158386161306, -0.1932397584361322, -1.2975105345244222, -0.2208832225191563, -1.4592142129708703], "timestamp": 1767299821}