{"label": "Y", "features": [0.0, 0.0, 0.26140494623446026, 0.41139910386733103, 0.6193000774950257, 0.49820974745308555, 0.871958213686066, 0.5265594107090734, 1.1164051115161984, 0.4679538208604028, 0.8987202710095152, -0.18949683003432716, 1.2576700188329446, -0.17998513892841866, 1.5496350881123535, -0.024325903392484985, 1.7709609897200114, 0.14286904005144524, 0.940293441844136, -0.3403648423314319, 1.3296163532630738, -0.34022178220023047, 1.6195357143125588, -0.22927580990940366, 1.8710307768015573, -0.09824099312997817, 0.9653253495664128, -0.46501669823894975, 1.360617018878112, -0.49340148094952857, 1.660081641100394, -0.38295751027432556, 1.9014643665174649, -0.2535629786093251, 0.9711210924990569, -0.557155686133748, 1.3311652245030487, -0.6327089951353961, 1.5921776591861982, -0.5672096629355463, 1.810466760896873, -0.4447393449132083], "timestamp": 1767299870}