{"label": "Y", "features": [0.0, 0.0, 0.21091800643007488, -0.20341728537898282, 0.37888473774257225, -0.6342620939486253, 0.5132057367019353, -0.9621664613529858, 0.6354776124393264, -1.1645818023030867, 0.21398396282997223, -0.9671658674672393, 0.2188278225520328, -1.22393250279693, 0.1864619226901021, -0.9082107222546822, 0.16830071278879133, -0.6440974615743514, 0.07023056617284403, -0.9975307798548876, 0.07279409966655977, -1.2499163261277881, 0.06338442947273155, -0.8743444847569677, 0.05902058752885792, -0.5746370515278262, -0.06963852275468395, -0.9932486602124044, -0.08725040405019849, -1.3506581633661159, -0.06217697038058967, -1.1126821769652107, -0.038456226165159826, -0.877287132358909, -0.2018479592915321, -0.961846664418156, -0.21821135915623832, -1.3174766523699923, -0.2190741177720025, -1.5404882699020859, -0.21948450234663783, -1.7494775010689692], "timestamp": 1767299743}