{"label": "Y", "features": [0.0, 0.0, 0.2040216385145223, -0.1950171506958088, 0.37909119515309336, -0.61442897737225, 0.5195719914718544, -0.9390437603467966, 0.6465263189971852, -1.1340056797485938, 0.21675310156414887, -0.9654998750683661, 0.22616418917377792, -1.2245648587499671, 0.19566286950079853, -0.9099888507969942, 0.18522399248760468, -0.651356945438438, 0.07695359950152038, -0.9970346697192939, 0.08505001986868856, -1.2420120996382986, 0.0767773466956301, -0.8565369791223645, 0.07640486035101589, -0.5608653435497378, -0.059505546388276924, -0.9966045154059321, -0.0707624963327735, -1.3547089559494558, -0.052520899480567804, -1.0954272706613501, -0.033846549195282204, -0.8505690753594178, -0.19291438162129568, -0.9662162574406944, -0.20804020248882069, -1.3281345812807084, -0.21216151291447907, -1.562769464061075, -0.21604532877588717, -1.7797816653721317], "timestamp": 1767299743}