{"label": "Y", "features": [0.0, 0.0, 0.21206699732851367, -0.18245337037779732, 0.3869586505137812, -0.5962783961968342, 0.5042334913592272, -0.9391002967288888, 0.5959782405198095, -1.1836343694652933, 0.21126012214633863, -0.9560139509577041, 0.23755643800830015, -1.2164989738879521, 0.21522847956447197, -0.9196489483614071, 0.1920514193130395, -0.6572145679318679, 0.074341864812522, -0.9972328096098662, 0.09326475011399811, -1.2550254124828975, 0.08829193472156953, -0.9062665744651259, 0.08153756539732035, -0.6234543809012256, -0.05769827191201138, -1.000033317223219, -0.06282392247856802, -1.3399513494468405, -0.03793006629177543, -1.0952048830870085, -0.019211066263826855, -0.8584014340448507, -0.18502375863876444, -0.9724744567733314, -0.19823683212824084, -1.319161354028439, -0.19233810343605603, -1.526682844203942, -0.18361822650390944, -1.718792246345929], "timestamp": 1767299744}