{"label": "Y", "features": [0.0, 0.0, 0.24561312508989772, -0.7802571485031222, 0.7293913906943522, -1.2529660495567767, 1.224900354746969, -1.329562949330546, 1.611846474415975, -1.2648887164933342, 0.7506527599781451, -1.2372069586603172, 1.4264716862741522, -1.4409969745840705, 1.8644828967603388, -1.417698579064082, 2.1774278644769223, -1.3494206410994476, 0.7227466297686658, -0.6911130704955091, 1.47536522562286, -0.6734539334351359, 1.9168141940521273, -0.5736882536936452, 2.2456017172253424, -0.4845736337660928, 0.6997609808653215, -0.06357250064294244, 1.4233923349718096, 0.010901453494454094, 1.8672146427179654, 0.09516923731602331, 2.180900972116076, 0.2018281077917122, 0.6737121826036679, 0.5494835312437899, 1.2287068296588093, 0.6091852401667596, 1.58835070975958, 0.6946097445987113, 1.8582711696115444, 0.7977248080431009], "timestamp": 1767299897}