{"label": "Y", "features": [0.0, 0.0, 0.15869550422060139, -0.36628839906689165, 0.325693651706327, -0.7332683621773343, 0.4979090624896803, -0.9829412706839088, 0.6242269083001752, -1.1164360695649267, 0.22225585045009744, -1.125840844590179, 0.5598812292583365, -1.1939944655831618, 0.5667722263314701, -0.9542027704411216, 0.503099357579424, -0.8873082857748551, 0.17885439460350294, -0.9838755485984148, 0.5633390494760916, -0.9429167304314178, 0.5420200611850817, -0.7143050623439514, 0.4656245528895636, -0.6577211125125545, 0.16892637434942315, -0.7651791916095887, 0.5368590591487291, -0.6795182440295516, 0.5065219951351697, -0.4946874465754599, 0.4312748055305233, -0.44423333939812903, 0.17971954711159388, -0.502762719949977, 0.4884687948230176, -0.4303654809577949, 0.6129070805357665, -0.3184914353146255, 0.6977673513231131, -0.26801965931143973], "timestamp": 1767299946}