{"label": "Y", "features": [0.0, 0.0, 0.21723917413934962, -0.33415907085639884, 0.3810980948774443, -0.6406449619071448, 0.5191580377123284, -0.8393018484704385, 0.6445093471864874, -0.9452983456614562, 0.256727195892437, -1.1374905129256627, 0.5265150803047763, -1.1730941829683617, 0.6450447705249025, -1.0910920506627868, 0.7135369696120417, -1.0154145790149918, 0.1856299648017777, -0.9826197160220758, 0.5066299831029744, -0.9484301390958052, 0.5994612616350845, -0.7946442828203749, 0.6353836605145532, -0.645566980783949, 0.1493916265134061, -0.7491962814000818, 0.4691365490865768, -0.5981155829073871, 0.5815366917875999, -0.4003577729891315, 0.6405266314407992, -0.24111256594257316, 0.13973888478665686, -0.47666976607060635, 0.4151382171948564, -0.338735787925703, 0.5355274281181264, -0.23002796684824442, 0.6172771906077605, -0.1411197983926707], "timestamp": 1767299788}