{"label": "Y", "features": [0.0, 0.0, 0.12712897346487032, -0.5266061410971759, 0.416272806964866, -0.976605165437092, 0.6837826658214293, -1.2154593721722704, 0.8687502197106572, -1.3783384321584458, 0.5092460011113229, -1.2124065424871362, 1.0192479128014644, -1.167402579201686, 0.9326527934772955, -0.9340846666218401, 0.7709498998953758, -0.8958729004063908, 0.5117903783534015, -0.8591103505552575, 1.0588158342019685, -0.7712770945415517, 0.9247789717010608, -0.5747191937806773, 0.7496333907748327, -0.559021464860721, 0.5175728616284163, -0.45221557242777843, 0.9925347012944811, -0.2972687089575559, 0.8560917843043061, -0.1698480732967732, 0.6970777242950004, -0.17971002026631938, 0.5174711288392693, -0.03680908044076391, 0.9080685679485966, 0.032486811669432396, 0.8054055900142271, 0.10625302442705789, 0.6708467388987351, 0.08981249809445165], "timestamp": 1767299899}