{"label": "Y", "features": [0.0, 0.0, 0.219216266485862, -0.21095368328617808, 0.4105981165823357, -0.5818908289027532, 0.5679128454048525, -0.8764447664745241, 0.687413062888486, -1.0654685684305463, 0.20566564348796337, -0.9740107315135248, 0.22024650454408862, -1.2407384905654981, 0.1979373449731757, -0.9243515086612115, 0.18243871799670794, -0.645729610878263, 0.06098057746703874, -0.998138947185941, 0.07010696013525536, -1.2701493662029268, 0.06758196904574729, -0.8949584537212653, 0.06856277988642842, -0.5933616420086281, -0.07869418264473621, -0.9904471306650559, -0.09423046845361957, -1.365701928665994, -0.07249779163428287, -1.1074665725633122, -0.052366623911334315, -0.8571281391223503, -0.21400976478461858, -0.9512264654229401, -0.242699238413586, -1.310230804757399, -0.24865151949248826, -1.5336108940219977, -0.2510830359801076, -1.7432868669226467], "timestamp": 1767299740}