{"label": "Y", "features": [0.0, 0.0, -0.2586823740686021, -0.1688672720624867, -0.46120038807678304, -0.5808347443507138, -0.602593112796917, -0.8958599920377518, -0.7377194498747824, -1.0672957371464993, -0.24047430323774063, -0.9828244946751497, -0.2618494292901639, -1.3067724554398448, -0.23934018038839538, -1.0299873397813426, -0.22060062600980826, -0.7875484511455204, -0.09887872220168091, -0.9950994863951408, -0.11163339108717664, -1.18586369337194, -0.10336902477635884, -0.8026334709710439, -0.09771183025514764, -0.5424006504754888, 0.04007847838078365, -0.995582908600324, 0.031956423577753815, -1.1768028819561334, 0.014300434012850456, -0.781853182054243, 0.0015488859937535858, -0.5041119889744506, 0.17270344103996385, -0.993821803691448, 0.1984824216678167, -1.4045242327848977, 0.21819100506324945, -1.6766305455382309, 0.23239125926469653, -1.9403269035632393], "timestamp": 1767299747}