{"label": "Y", "features": [0.0, 0.0, 0.15317235813525176, -0.5677090298306746, 0.5147186052416454, -1.084522197645745, 0.858574266616315, -1.363978552697836, 1.1142899314938028, -1.5243724031766253, 0.5742260528630838, -1.2323571035029128, 1.1892126355970838, -1.1658339747059188, 1.0904074051889763, -0.9215103299241214, 0.8988941622155399, -0.858639729445649, 0.5910891785134155, -0.8066062028051041, 1.2424532571361055, -0.7256371137378835, 1.1012395197216511, -0.5492579346384684, 0.8904809488198085, -0.5209973336566682, 0.6068446433355845, -0.3524558405784231, 1.1465333505239463, -0.2449395904941671, 1.0024397445493214, -0.11347138383154837, 0.8188341138011163, -0.10564560014298459, 0.6123579029848724, 0.08274700000026883, 1.0311794144185202, 0.12700879937950307, 0.9197544878994471, 0.2090386838402495, 0.7755522731397909, 0.2024904171847491], "timestamp": 1767299899}