{"label": "Y", "features": [0.0, 0.0, 0.24260136067139262, -0.2940929915232166, 0.2864920619409245, -0.6166942526244423, 0.32168119342612095, -0.841200413036208, 0.36434631695716135, -1.0464491485893153, 0.0033868202447974254, -1.0076847453886428, 0.1610723019769238, -1.3871668348598347, 0.31682937202999895, -1.4175059136913815, 0.4157249090855323, -1.3432081174025068, -0.02305957799489146, -0.9997340871811581, 0.16983449138962597, -1.4585876911202276, 0.3357190592492017, -1.4605243033325592, 0.43106456936818094, -1.3776291322704408, 0.015887005680421593, -0.9552486060566432, 0.19466023914043326, -1.4361005425072608, 0.35616298871719193, -1.4393830069461961, 0.45127036178149976, -1.3336462955975823, 0.1084366163351015, -0.8851179670323638, 0.24942983217762688, -1.2718490063338723, 0.3728256683690755, -1.3522389948762192, 0.4628782970372644, -1.3327497039589273], "timestamp": 1767299930}