{"label": "Y", "features": [0.0, 0.0, 0.33233651579529244, 0.004133612596533828, 0.636680236771688, -0.15512315754757688, 0.828969973420009, -0.34725978296677196, 0.9538259313344004, -0.553527168710771, 0.6881375227490911, -0.6513972724916915, 0.9535070147053661, -0.838463260215696, 1.0767388999393843, -0.572819964760397, 1.1514638197807032, -0.3120680262498579, 0.6153243450275621, -0.7882740242519607, 0.9334254224128317, -0.9273904183280689, 1.0068287814282624, -0.5099021861059461, 0.9938112022335842, -0.1701874276622057, 0.5089743398692395, -0.9113563135656849, 0.8015857176189142, -1.0169354896151293, 0.8286803510312413, -0.5592985246331356, 0.7739508984160736, -0.1994656537439953, 0.3716439179747102, -1.024560975651426, 0.5873514702920464, -1.3015555939150465, 0.7048949999511218, -1.0932501102282417, 0.7493783037957543, -0.8162773649973536], "timestamp": 1767299957}