{"label": "Y", "features": [0.0, 0.0, 0.2843696494834826, -0.24247438552713865, 0.4056071281834901, -0.5094583847271736, 0.4777158658818757, -0.7258765263872107, 0.5294334753949295, -0.8939402429202622, 0.22188653307232756, -1.070804511148128, 0.5173939786964433, -1.0627210880403106, 0.5428973644602919, -0.8215794522516062, 0.4930848064667228, -0.6887654079465528, 0.1602596533253522, -0.9870748876967761, 0.49731809543422323, -0.97206093719995, 0.5057669453100558, -0.7100699600837037, 0.44950895109487854, -0.5876717224128372, 0.13057544793041237, -0.8134402715383406, 0.4363472968446899, -0.7639495350059619, 0.43141718077730445, -0.5515742486455862, 0.36754741560911514, -0.4640608283075789, 0.12636131670427117, -0.5908067295212245, 0.38664182204722547, -0.5133851498329273, 0.4734555559209658, -0.38328235483485384, 0.5121750668264794, -0.3215781292813463], "timestamp": 1767299841}