{"label": "Y", "features": [0.0, 0.0, 0.24908978922625216, -0.2586096891124234, 0.32561898219102825, -0.5688359773843069, 0.38162267495449853, -0.8108888494956817, 0.44683810294398735, -1.0345604520479705, 0.026800838410837535, -1.0049508007156138, 0.215220628384853, -1.3409006596426205, 0.37449399543285605, -1.3695141736181142, 0.4767755472587994, -1.3128445900205241, -0.00047107973526525537, -0.999999883553458, 0.2319318548546829, -1.41369916281506, 0.39967827793271216, -1.4066287139829154, 0.49365492302302255, -1.322864521417357, 0.0349977893738055, -0.9557874147052886, 0.260256341784269, -1.380564264797135, 0.42633043180210656, -1.3738710068919078, 0.5177257889402569, -1.268113933463563, 0.11839722228323823, -0.8789677225704323, 0.2869673806205716, -1.2422856784228251, 0.4147598629433588, -1.2941433788079038, 0.5009489711600654, -1.2569905632146121], "timestamp": 1767299931}