{"label": "Y", "features": [0.0, 0.0, 0.09442294001109297, -0.5034325501906571, 0.3009098020751033, -1.027610299336126, 0.5445221941196875, -1.3487043423794072, 0.7211395478493099, -1.5231715469112044, 0.28092854039579723, -1.2694149070891951, 0.7551754988463824, -1.4471001790966482, 0.775096582371135, -1.1441207364358925, 0.6725050271322376, -0.99517459931919, 0.28407536994795485, -0.9588019468451768, 0.8060886572534344, -1.089676421505846, 0.8037334143991449, -0.8125280450779653, 0.6987383111386543, -0.6666093570662793, 0.31602411484399157, -0.5894290847713319, 0.7955104761885814, -0.6717580047974712, 0.7614476889874514, -0.4646791198075846, 0.6398473185180978, -0.37103768258738046, 0.3589366689250057, -0.2085664239129811, 0.7742444922313917, -0.20746760333956904, 0.9294285016767018, -0.17892103854338923, 1.0000249585761902, -0.22342782578908435], "timestamp": 1767299987}