{"label": "Y", "features": [0.0, 0.0, 0.12316925849420285, -0.5113331704942472, 0.3646823106337763, -0.9153649022809452, 0.6275904434366933, -0.9978530904758995, 0.8427588132792639, -0.9010877613805489, 0.43071761391131513, -1.197776440423875, 0.9221629782261703, -1.1715123412386137, 0.9209029193279114, -0.9031910334961986, 0.8059268649629562, -0.8112511692496802, 0.46155731739981226, -0.8871103826026042, 0.9993714737914479, -0.8171741161280064, 0.9459954776063673, -0.5778895308728713, 0.7841105303522378, -0.5206183904025206, 0.4906076173479327, -0.5141135523453174, 0.9848513492412052, -0.408853670022325, 0.9127504475811852, -0.23226556699259698, 0.7581624157101725, -0.20740647050833297, 0.5071098748502225, -0.13347878320795986, 0.9076604867419543, -0.10495906221657908, 0.8602321237276371, 0.012606936886359348, 0.7377930504975947, 0.03198497112692311], "timestamp": 1767299991}