{"label": "Y", "features": [0.0, 0.0, 0.2727065009404889, -0.29875752958242036, 0.3864506710924601, -0.5896386625305335, 0.4766006331354004, -0.8160240644568558, 0.5463355382801877, -1.0128405991622478, 0.15770327531419648, -1.0697973199420467, 0.43883012532870214, -1.1747007812818466, 0.5172316976334124, -0.9885941685158876, 0.5123582422647251, -0.8451419267317608, 0.11730826564851128, -0.9930955448041038, 0.44250278002859644, -1.0731850609404614, 0.4934994415360948, -0.8255266808484665, 0.4663858047665244, -0.6738774241703259, 0.1149374540716637, -0.8404945520475555, 0.4244799285316538, -0.8932372676393624, 0.46542597372754707, -0.6618584314644806, 0.43701063838779725, -0.5103545949708599, 0.1419009004120929, -0.6403697804207727, 0.40244400033228794, -0.6684957209201562, 0.49704908174590334, -0.5374750257251941, 0.537600786719759, -0.4301338248309794], "timestamp": 1767299885}