{"label": "Y", "features": [0.0, 0.0, 0.25266099065710307, -0.21739624711335537, 0.39578949501800215, -0.4913278405032399, 0.48637361761737546, -0.7127287464100648, 0.5680955655554479, -0.8378012740244793, 0.26969794367196304, -1.0889769295914713, 0.5453771811147404, -1.1235379001645696, 0.636145964706212, -0.9635130562048119, 0.6504176617178397, -0.8242583385122485, 0.2062389396167787, -0.978501655753041, 0.5253872051857227, -0.963679081683946, 0.6163047905246495, -0.7596851566668201, 0.6394772038266627, -0.5833567800698405, 0.17545264866579832, -0.776578813881237, 0.49016721510871436, -0.6376287585900099, 0.6024446277576444, -0.40712638109405047, 0.6545632162835675, -0.22969822687593533, 0.1737510286828015, -0.5232826628239428, 0.4336883400835913, -0.3951152282762123, 0.5484478054099516, -0.2620587951379916, 0.6237940078861376, -0.15330335326113664], "timestamp": 1767299787}