{"label": "Y", "features": [0.0, 0.0, 0.19166538902198635, -0.6925078738642845, 0.6206541572878068, -1.3378730565031407, 1.0742746964027063, -1.630292580426814, 1.4330873017170909, -1.7652492598355352, 0.4320902611095986, -1.4923358539368368, 1.0249752259969882, -1.820358613599036, 1.4728202253716256, -1.8678944071542376, 1.7924758230791278, -1.842141977647296, 0.4267448091333629, -0.9043720652584676, 1.0889462898074818, -1.15330728576767, 1.4812032382267166, -1.1525084003878077, 1.7441422008707566, -1.1469035220084554, 0.45572606705058194, -0.22590597568996656, 1.1275664802543508, -0.33708947468762224, 1.4653798127266369, -0.3009885206767216, 1.6611600954909305, -0.2590597189542582, 0.5021200674140622, 0.43923267682717837, 1.0445627119773193, 0.3779224508295071, 1.3491456885000757, 0.4329134512033987, 1.5461575862249906, 0.47596238322037815], "timestamp": 1767299756}