{"label": "Y", "features": [0.0, 0.0, 0.2082120272162171, -0.26300206373641566, 0.381619599958697, -0.6500241745630208, 0.528508564929021, -0.9677996356186161, 0.6451669540827834, -1.1548502439163821, 0.17920467037740342, -0.9912016418056745, 0.1651236276638722, -1.2522592960516163, 0.14832801815557195, -0.9540873492933761, 0.14447406226247314, -0.7035453531541057, 0.03323038605736587, -0.999447712893392, 0.01696279386139314, -1.2613788459585262, 0.029616827001842358, -0.9073568663409042, 0.04789681170959394, -0.6331155769563742, -0.10055600045361844, -0.9735171820258121, -0.1374830623373109, -1.3041691661097643, -0.11057612730709418, -1.0416602565978275, -0.0794968730042871, -0.8041424762045275, -0.22798557830112556, -0.913292465515736, -0.2642373263263295, -1.2417277910868318, -0.27964490953250587, -1.4334405450414631, -0.28827399918081625, -1.6132782974004836], "timestamp": 1767299738}