{"label": "Y", "features": [0.0, 0.0, 0.17190027462976254, -0.4088532599596064, 0.41276076876219253, -0.8906136741097392, 0.635627226768119, -1.2041267615986508, 0.7503329594687435, -1.4841442999279029, 0.31591775605050954, -1.2317106010476846, 0.7338738941275254, -1.277309586546045, 0.7773401565406577, -0.9911825881997204, 0.6931571991621173, -0.8503840595694727, 0.28612141042557754, -0.9581933667477764, 0.7492816542681431, -0.9575932861475224, 0.7482817268944137, -0.6812802288337036, 0.6520540063450193, -0.5910610752878886, 0.28684752968268795, -0.6146852520073612, 0.7453278898993707, -0.5774818069918115, 0.6978172146253429, -0.34724829636062315, 0.582078803126609, -0.28836154576517087, 0.3113370580178918, -0.23925210427732563, 0.6956658651376236, -0.18509552859448197, 0.6587207062366167, -0.04362675991459714, 0.5602756676906805, 0.003178285145060524], "timestamp": 1767299993}