{"label": "Y", "features": [0.0, 0.0, 0.12102260762758074, -0.5652724673688372, 0.4497592767863919, -1.0657850633734576, 0.7876355486786892, -1.2687323073473142, 1.061493195561354, -1.3131464682560205, 0.44652826538537643, -1.2675962167315622, 1.0011572578073558, -1.414278559428971, 1.1140426637592744, -1.1920686527948017, 1.0815141540542865, -1.0909343966087672, 0.4296885229925308, -0.9029771619742392, 1.040758865257292, -0.9600193029477904, 1.12047924765757, -0.7573232004916607, 1.0568478893633115, -0.660766323218163, 0.42618282555650155, -0.44586604200835284, 1.0122602567812615, -0.4011877495034164, 1.0343552978085253, -0.2024741886150347, 0.927829888417061, -0.10926658658225788, 0.4268894317017441, 0.021418474438559664, 0.8909410423611929, 0.04260366871733414, 0.9471753628278312, 0.15272814173406887, 0.8964328686750219, 0.21074453859535391], "timestamp": 1767299944}