{"label": "Y", "features": [0.0, 0.0, 0.13552130940491433, -0.3775122555996388, 0.26728112908114066, -0.7346450026524768, 0.4256893734770957, -0.9706391011157297, 0.549198364103208, -1.0887170847576297, 0.18001535151519402, -1.1369413910369244, 0.5411168251949986, -1.2454301873356384, 0.593842792989671, -1.0407560253491215, 0.5456742166330215, -0.9411352879975569, 0.1607157152383423, -0.9870007342846884, 0.5561654445834447, -1.0612010655637563, 0.5572626799448712, -0.8405122521879663, 0.474224955178602, -0.7526928160437807, 0.17560218575637856, -0.7581210225293675, 0.5258623691575866, -0.8222437595049819, 0.5146742371242359, -0.6263043527310459, 0.4384896125441502, -0.5325509400495286, 0.2044756066339769, -0.48148888851312976, 0.5095039565620472, -0.4661738016804781, 0.6486869179196545, -0.38870164785737094, 0.7372350438061656, -0.352714120321703], "timestamp": 1767299992}