{"label": "Y", "features": [0.0, 0.0, 0.2222081784803031, -0.22346989665258518, 0.39520454957577017, -0.6104816344059252, 0.5338272499349096, -0.9264386997758821, 0.6554989114367707, -1.0974783735090887, 0.1777604534427684, -0.9804236904259835, 0.20302013398747318, -1.256035559105342, 0.1865355585436589, -0.9346520300315401, 0.17681859116911208, -0.6708501743872133, 0.03379667253740987, -0.9994287237321192, 0.05033006199575834, -1.2809148212791515, 0.06258419982743317, -0.9164561510680221, 0.07493331814840504, -0.6308001783811199, -0.11059882282191376, -0.9881803200710844, -0.12618091814617047, -1.3814280068133584, -0.09022798993623501, -1.1153860015800015, -0.06005745405815486, -0.8614849518530943, -0.2532355244168851, -0.9407777751774918, -0.29687475699674504, -1.2961970827243032, -0.3096109125380406, -1.5235032645055688, -0.3151356661558968, -1.7422694758118864], "timestamp": 1767299738}