{"label": "Y", "features": [0.0, 0.0, 0.15114909667263504, -0.5086228390946396, 0.4286543413520495, -0.9854566107338807, 0.7068094283173643, -1.256945447142685, 0.8989965973901386, -1.411705359527438, 0.3243829368857148, -1.282206969246521, 0.7895294415589156, -1.340179771070147, 0.7925367122809975, -1.077641620739991, 0.6871267303651639, -0.9771738751576603, 0.290982424842011, -0.9567283919195684, 0.8005599589812049, -0.9668223225138309, 0.7959711128939557, -0.7595922659380849, 0.6993326017179412, -0.67752881555764, 0.29244769691958383, -0.5831469241897158, 0.7627119196122244, -0.5546337637819985, 0.7764091986128204, -0.38526070734217455, 0.7096165752444203, -0.3157255292417547, 0.30749114447048925, -0.19917694065240035, 0.7029170951771687, -0.17721148732186376, 0.7988969899829862, -0.116282005772846, 0.8295713753673962, -0.10185965138057038], "timestamp": 1767299886}