{"label": "Y", "features": [0.0, 0.0, 0.2539934428134364, -0.8510310613535421, 0.7031938678799338, -1.5090225668745307, 1.2218697521489497, -1.726369870652504, 1.78859285423852, -1.6513796885910923, 0.7830360704774215, -0.30744016857924406, 1.4124845971297844, -0.47682861484637173, 1.3024959359257176, -0.4216900490329017, 1.1216934167103059, -0.2592786021225955, 0.7440068019124556, 0.6681719992435321, 1.295638482870267, 0.5519296804336925, 1.2037870746502792, 0.7289084505603273, 1.0559472823440323, 0.965350244010893, 0.6204990133229212, 1.3442877635854071, 1.11767735400628, 1.224183579474759, 1.0266402466796882, 1.4263415727582567, 0.8734139405913809, 1.704278060670177, 0.4619537631011542, 1.7594044985980006, 0.7587958921806027, 1.860658483304075, 0.7658629844022254, 2.0817636990773165, 0.7232663849021477, 2.3236353201872513], "timestamp": 1767299757}