{"label": "Y", "features": [0.0, 0.0, 0.2767854824286401, -0.24669098980781148, 0.40169119072438486, -0.534172094082431, 0.47082206283350536, -0.7743915711603551, 0.5207039200890943, -0.9570521577241013, 0.21702024273022433, -1.0812648730516625, 0.5323781750862915, -1.0764355375040733, 0.554295147586435, -0.8372239974458143, 0.5000950316572178, -0.7130144736286781, 0.15681500979913096, -0.9876279881444764, 0.511015654988157, -0.9612594388761344, 0.5168078112034948, -0.7031434220215841, 0.460493174549085, -0.5858516421192073, 0.13210517553983483, -0.8098219790744077, 0.46244246207545797, -0.7446371194684405, 0.462128243367255, -0.5282599660888458, 0.4048304764333014, -0.4369897312304243, 0.13381437444105732, -0.5840617850454267, 0.4195414535998493, -0.49120914129084703, 0.5010736648084354, -0.35303356785408, 0.5341065230500637, -0.2909209722381052], "timestamp": 1767299840}