{"label": "Y", "features": [0.0, 0.0, 0.1639062066128984, -0.4425325712430005, 0.30722201341979066, -0.862162829614568, 0.4676875461133441, -1.1366298441399774, 0.6083854651043766, -1.3445506214041747, 0.09413106659436982, -1.2070369332307194, 0.48573257991361146, -1.3056890244209778, 0.570188713684582, -1.0494851698618437, 0.5166315438221661, -0.897814028116742, 0.04834008541887186, -0.998830928434964, 0.47307883243068366, -1.1122853191889233, 0.5311114203898398, -0.8359783440995182, 0.4589770785998003, -0.7002612529334913, 0.047599166719595264, -0.716983511346579, 0.4340336879796033, -0.8285908388850358, 0.470500569933756, -0.6137348831602031, 0.39633468290092205, -0.5161291246840088, 0.07717572906473377, -0.40720248735368136, 0.4161110814618854, -0.5022621321766098, 0.5289406257951379, -0.40611615549692165, 0.5500861538899562, -0.3573093511093077], "timestamp": 1767299760}