{"label": "Y", "features": [0.0, 0.0, 0.27203664263842703, -0.18413647356811863, 0.3778570312306542, -0.4853021781022281, 0.451174326310932, -0.6944113045655342, 0.5097685319430879, -0.84283449678906, 0.17681868788114496, -1.0022687996095287, 0.428812292488013, -1.3078253310053325, 0.5955772833047921, -1.1867519255851238, 0.6655777521885121, -1.0072702321468139, 0.14712378976877458, -0.989118081955857, 0.4540447015145426, -1.365084225345909, 0.6260217589547639, -1.1756680646174638, 0.6759717282304412, -0.9786417176735861, 0.17248226834797833, -0.8984291486747296, 0.46269484495240426, -1.2860608450991575, 0.6250986997639142, -1.0917617043601076, 0.6669553457468331, -0.8803733771800218, 0.24193322321356878, -0.7383270347589609, 0.4749675837731493, -1.0349909214811797, 0.5999090393526563, -0.9436652670067681, 0.6425917440321356, -0.7918476792811551], "timestamp": 1767299950}