{"label": "Y", "features": [0.0, 0.0, 0.20200651326968908, -0.1847865572596271, 0.34467510734177276, -0.5311394749006008, 0.4154988110682535, -0.7890821179169879, 0.48008219589348694, -0.9784352876766618, 0.11034424147121306, -1.0516917479386838, 0.14665347903056086, -1.4359515164314465, 0.1787921302469093, -1.681663688427619, 0.2137385316785939, -1.896504629706595, -0.04317232298216963, -0.9990676348741323, 0.0545062632850268, -1.030757764238177, 0.15666767413476002, -0.7466717519969095, 0.22016694590486366, -0.5062578833151213, -0.17111031717298944, -0.866281227187232, -0.09626342544002697, -0.9430860202579289, 0.023821417935352474, -0.6895803749630731, 0.10617844300921424, -0.4785524679138038, -0.27807123673429734, -0.6885810757999534, -0.32616276545305606, -0.9062063408765128, -0.33981985401569137, -1.0482673870487738, -0.34432148813073044, -1.1933656597328983], "timestamp": 1767299758}