{"label": "Y", "features": [0.0, 0.0, -0.26193545949899216, -0.16554559331271898, -0.46664094355401115, -0.583570953042858, -0.6065951610749915, -0.9089174481868418, -0.7448098174164818, -1.0829358155965507, -0.24081452872801126, -0.9850560085682274, -0.2648300594219224, -1.3089096060207772, -0.2444240637071749, -1.030941953540046, -0.2247977424877973, -0.7801152215517314, -0.09613868961231573, -0.9953679429818404, -0.11213119856285349, -1.1802858797142477, -0.10077222822012888, -0.7858256758297961, -0.08940578794211929, -0.5155652847029958, 0.04443771126844281, -0.9952863961883127, 0.031943622009704596, -1.1700330822883074, 0.018288891556062416, -0.7669286070426148, 0.011426199760289439, -0.4830113067310476, 0.17890121510765836, -0.9972376055342105, 0.20576092366132612, -1.4123288369338696, 0.22790492431904597, -1.6860979189134864, 0.2444455397711192, -1.9519245922013466], "timestamp": 1767299748}