{"label": "Y", "features": [0.0, 0.0, 0.13943600603764988, -0.47095596280092467, 0.3980630764805883, -0.8842000147403088, 0.6458974682378655, -1.0796992428202288, 0.8276710888208108, -1.1348880997646356, 0.4114544036070137, -1.2045016401676638, 0.8542500193001161, -1.1560594210753397, 0.8016235739720727, -0.9334380569139717, 0.6811526041231144, -0.9088216365561643, 0.3878496668395357, -0.9217226395706013, 0.8729490876006217, -0.8129091774987461, 0.7873972394470137, -0.6235480166792969, 0.6628065414421309, -0.5978337419094986, 0.38929740599621976, -0.5810434353306618, 0.8356761327566317, -0.41922399487519657, 0.7572918937931218, -0.287661435884754, 0.6449015624036148, -0.29200430659093635, 0.3947017209080573, -0.21211199155738605, 0.7470091313780963, -0.09986903481257149, 0.7344437957896881, -0.04512438238546101, 0.685748265690428, -0.07087992205577325], "timestamp": 1767299786}