{"label": "Y", "features": [0.0, 0.0, 0.10641329862024522, -0.5087904077702359, 0.3667991797509128, -1.0330963582457677, 0.6460404766557168, -1.3297353813024138, 0.8417215335915684, -1.5049818858759867, 0.3123839293605294, -1.2642381360324497, 0.7997646226883516, -1.3987651846259592, 0.7814083620946519, -1.1092013846722915, 0.6669697827647709, -0.9805044425037142, 0.31282195351788855, -0.9498117784368802, 0.853143742991584, -0.9861115429564592, 0.7854170900639929, -0.7324005174816265, 0.6377494797657701, -0.6546565275723752, 0.34412592781549917, -0.5714061811364112, 0.8594723525327069, -0.5581611261362505, 0.7760893110226489, -0.3614059563709089, 0.6276089026415855, -0.316488184741933, 0.3941108907013981, -0.1771502061402421, 0.8268870719913884, -0.1252915366429974, 0.7796409419554305, -0.00841032464699437, 0.6640270168218428, -0.004578795136547873], "timestamp": 1767299987}