{"label": "Y", "features": [0.0, 0.0, 0.1778484451370006, -0.4886698938071098, 0.4414926792069351, -0.9545862348518956, 0.6971348530471061, -1.2217464977377435, 0.8890035069018668, -1.3551017464939263, 0.33877534438283896, -1.2659507964258323, 0.7783215615489165, -1.331095565804636, 0.8050383257626424, -1.0762136393410524, 0.7364170065629725, -0.9660030436719607, 0.28026415305968433, -0.9599229094721141, 0.7600879847569318, -0.9649470727950894, 0.8070445597399266, -0.7646166313476787, 0.7683160345611479, -0.650878015579131, 0.25723314044431805, -0.6005205281022297, 0.7088756110041009, -0.48880198240736134, 0.812883945862499, -0.29807342289555383, 0.8336956486160972, -0.19849854228470445, 0.25964486428662015, -0.232848588638944, 0.6282179948284377, -0.1456391196170052, 0.74737685523943, -0.06802931875524647, 0.8105808814972194, -0.03408955877944184], "timestamp": 1767299789}