{"label": "Y", "features": [0.0, 0.0, 0.1577287811546065, -0.5252596360739319, 0.4114507494583887, -0.9632906685084125, 0.6798512220604501, -1.162232994972087, 0.880529499489081, -1.212943373377449, 0.34932180169907423, -1.3114866574134905, 0.7920269994006838, -1.2615964990827868, 0.8642803030713271, -1.0736722667987166, 0.8370607678817884, -1.003616759155497, 0.3172010536017198, -0.9483583065159336, 0.8182143475299781, -0.8397838733952291, 0.8697604455721857, -0.6725084092010783, 0.8289402540170012, -0.5896272233015684, 0.31100793124025405, -0.5599409537353055, 0.7688099119656516, -0.4419335708489432, 0.7931846491332265, -0.3146063431101804, 0.7392826176385783, -0.25467749536726325, 0.3136939634765716, -0.17663007833470082, 0.6553436913465696, -0.1111188747619073, 0.7161222921137178, -0.06821860007050408, 0.7130473046479211, -0.058375540267517054], "timestamp": 1767299902}