{"label": "Y", "features": [0.0, 0.0, 0.13588333259132535, -0.46121124983302303, 0.43709855651177343, -0.9368362864419816, 0.7128197199377126, -1.2219216465793494, 0.934698475044141, -1.4175760830889859, 0.4121040012223043, -1.2181012291577527, 0.8833671780313219, -1.2613977181640814, 0.8607022031856959, -0.9792979697449723, 0.7271663678587335, -0.8778415124501473, 0.3804762845777747, -0.9247906701848548, 0.9063402828122601, -0.9044414936134414, 0.8565567234489551, -0.6307339051705299, 0.7312642006661799, -0.5664014937689097, 0.3665279413590777, -0.5496545825626546, 0.86449761581382, -0.3689845146516597, 0.7878860788239035, -0.20202455531289037, 0.659218499586737, -0.22007919752894986, 0.3647325184324883, -0.1445505452957218, 0.7834950795796009, -0.035933660213397875, 0.728086623013781, 0.041917090714445285, 0.6071183543966691, -4.292161399237697e-05], "timestamp": 1767299785}