{"label": "Y", "features": [0.0, 0.0, 0.3403244619953492, 0.004017914000119141, 0.6353770760836113, -0.1857488444506287, 0.8240103807656362, -0.38028635032171965, 0.9817091105574532, -0.516212526162349, 0.6679311981996612, -0.6767559726953576, 0.9231707709753484, -0.8562727321627313, 1.0492837440759113, -0.6015085526737236, 1.1251154698333434, -0.34682386016512534, 0.5937564702646103, -0.8046447919399715, 0.901759920999918, -0.9438777025954221, 0.9534881753205502, -0.5064092592948337, 0.9213561367134533, -0.1455131464056844, 0.49011232649170633, -0.9200732627075183, 0.779329526200872, -1.0292367836826024, 0.8083105556879402, -0.5630074286868486, 0.7535977181125115, -0.19617998203358972, 0.35439805224067805, -1.0409561453567182, 0.581409428949521, -1.3248886073154893, 0.7069617895488307, -1.1262808330389134, 0.7577404037429368, -0.8630730726261249], "timestamp": 1767299956}