{"label": "Y", "features": [0.0, 0.0, 0.32896968498225854, -0.002960492922196957, 0.6191780970265246, -0.20230326031598037, 0.7963446919635461, -0.4172419560559873, 0.9317200455075797, -0.578463156920332, 0.6629797629218841, -0.679867822283842, 0.9108219571009044, -0.9046010495575447, 1.0491500207888707, -0.6906262793791508, 1.1385532624211048, -0.4724598187219191, 0.5880671052984823, -0.8088121332713798, 0.8866277671873667, -0.9744744531667401, 0.9582528653776106, -0.551682427089004, 0.941924216931382, -0.1923386466036306, 0.4869010485271242, -0.9258100694470719, 0.7679335649977767, -1.0486986196495411, 0.8130028746309169, -0.6003957853645793, 0.7707904140923563, -0.2362350346051824, 0.35730962800048865, -1.0445376806360405, 0.5852315164762344, -1.323615201171472, 0.7103142406776569, -1.1215738977824363, 0.7583977633854039, -0.8503023140222411], "timestamp": 1767299954}