{"label": "Y", "features": [0.0, 0.0, -0.2939999577148987, -0.1451899187550579, -0.4788243068313385, -0.4522666454653538, -0.5837252690778094, -0.6935608649501651, -0.6897314015555314, -0.7861291872789791, -0.22089772034689056, -0.9744529050211284, -0.29774507704173736, -1.3327982845857722, -0.3067745443666851, -1.0752117038038744, -0.27775330807086157, -0.8202213831040298, -0.08104999708008409, -0.9967100302493271, -0.1506999933230931, -1.2283433143524618, -0.14808795665281901, -0.8190686808441652, -0.10870595170296737, -0.5862859307043906, 0.06852702678402174, -1.017464738845437, 0.003453859236611438, -1.2424051087918915, -0.017553274771028755, -0.8350958741007741, 0.011976453098983162, -0.578391973203426, 0.2210862303497321, -1.038713376011224, 0.26562232531289676, -1.5041815873300792, 0.2632335880451302, -1.79921228214206, 0.27168013066172036, -2.0908055010975044], "timestamp": 1767299745}