{"label": "Y", "features": [0.0, 0.0, 0.15006754767257485, -0.4528202641787225, 0.2925410306335453, -0.9227873388360118, 0.45004783070617876, -1.2381281640759847, 0.5833679908478409, -1.3813891783433687, 0.07772745417818978, -1.223021930724777, 0.4642329128440242, -1.2780938064057865, 0.510478152010484, -1.0304257169427364, 0.44520482746587214, -0.9117471736209956, 0.03954143504456835, -0.9992179256108695, 0.4739674104199012, -1.0367503925383248, 0.5020906293030449, -0.8176144635284763, 0.43198022820754767, -0.7385825988876912, 0.034017760504077704, -0.719748298293945, 0.43359623885637505, -0.7415348086060091, 0.4482254635075067, -0.5670311612568281, 0.3768947031812045, -0.501810638127059, 0.055857611020931806, -0.41915918261980717, 0.40751700943692365, -0.4467154148816631, 0.4862169794701257, -0.38867516578391437, 0.4874414694238604, -0.37177224755485927], "timestamp": 1767299759}