{"label": "Y", "features": [0.0, 0.0, 0.33955620010169213, -0.00416577095050921, 0.6327170017239214, -0.21153125610800688, 0.8199496401865308, -0.4062186223831389, 0.9813313936484633, -0.5306169780424878, 0.6661666883953782, -0.6804001197872268, 0.9173561296295458, -0.8800278681134058, 1.040534520386082, -0.6374383229944479, 1.1150658114517396, -0.39140166331702764, 0.5888256716104971, -0.808260054487505, 0.8904481954759483, -0.9610712214434375, 0.9344270737727258, -0.5281424096077966, 0.8971462024688791, -0.1673159977161758, 0.48350406510380445, -0.9258570582331389, 0.7683239990402668, -1.0387984018457612, 0.7970921417679816, -0.5818604523362014, 0.7424548431143685, -0.2197687788729895, 0.3473632141911424, -1.0512115923124146, 0.5704078176986423, -1.334617242443448, 0.6904807221339314, -1.1355254412571005, 0.7354279594674501, -0.8737837794189474], "timestamp": 1767299956}