{"label": "Y", "features": [0.0, 0.0, -0.24747326848095239, 0.6982469998780995, -0.5716542704885743, 1.23027604267318, -0.7859979347959585, 1.6665576339107642, -0.8949721215079371, 2.080362480199305, -0.9979693083298785, 0.13135838574826855, -0.8863470256985058, -0.16544826830367937, -0.8002774942450371, -0.47766335868107046, -0.7326337623912554, -0.7445217888473865, -0.8691362348147761, -0.49457268812622557, -0.7134831725243571, -0.9295842928778997, -0.6188517696969029, -1.2616426930235947, -0.5431024819597441, -1.5386628476695232, -0.6830062457510123, -0.9447013470225929, -0.5420514902574793, -1.3734619793306315, -0.4681164689287636, -1.7088117153041686, -0.39604336140911656, -1.9409296926372988, -0.463283006653745, -1.25056283978577, -0.33416404873488786, -1.6998851580561627, -0.24314193650483618, -1.942175855422896, -0.1561982585091177, -2.0766111636961906], "timestamp": 1767299833}