{"label": "Y", "features": [0.0, 0.0, 0.13167170983195525, -0.5070574271113122, 0.42939339223613016, -0.9233836419683902, 0.7157163808126645, -1.0609733574404563, 0.9479880039046467, -1.06103353495985, 0.5096048734031846, -1.1754961229443401, 1.0121327056557423, -1.2173751425197303, 0.9976649583390181, -0.9463862926692748, 0.8701106685754489, -0.8327290942251645, 0.5212733356311213, -0.8533897677671753, 1.0578968848051458, -0.7824091471178183, 0.9881313554377951, -0.5508650125308364, 0.8328236883395541, -0.5045122477807868, 0.5244404867203127, -0.4655823388304833, 1.0271820316016766, -0.3330339332194142, 0.93681167837641, -0.18498033634426347, 0.7785334675639833, -0.17795234399369042, 0.5149390334527384, -0.0727224713134543, 0.9332717151893303, -0.02038863818036756, 0.8682140462775683, 0.07099628329139109, 0.7295988399270655, 0.06689679282638611], "timestamp": 1767299883}