{"label": "Y", "features": [0.0, 0.0, 0.24886181537409213, -0.2830004066801723, 0.38965053851178894, -0.6274528894740572, 0.5058951459840649, -0.8834260545419466, 0.5903616553280613, -1.0583631255707775, 0.20007603817992023, -1.11857506467349, 0.5145283728449561, -1.189107369344869, 0.5829697662886384, -0.9958333220618844, 0.5634159187263053, -0.8719312963354119, 0.16012447349874906, -0.9870968255007307, 0.5284754862301061, -1.0133921731326656, 0.5570912499904663, -0.7940086036376951, 0.5029506086148094, -0.6892471965711976, 0.1554885945850794, -0.7776976948459571, 0.5102086072870317, -0.7875872696591686, 0.5367576261303668, -0.5844224467525042, 0.48621566362649976, -0.47257145468194506, 0.17912414703002288, -0.5246319921241186, 0.4647778945409201, -0.5706104245450231, 0.563277525319849, -0.452176889690586, 0.6018931883551836, -0.36139501789187906], "timestamp": 1767299884}