{"label": "Y", "features": [0.0, 0.0, 0.10479094005763429, -0.551027395418259, 0.38428596713948093, -1.0882112667481754, 0.658729285327411, -1.4002141659600826, 0.859259365381541, -1.59596822063139, 0.44068162405896155, -1.2580418819262689, 1.0165080914283127, -1.2895433177939533, 0.9358599434078605, -1.054527719311428, 0.7495245010249528, -0.9649351729310343, 0.46663397203146395, -0.8844505205484114, 1.086431385079674, -0.8652411232316347, 0.9520670707100696, -0.658037396293318, 0.7391586095609324, -0.6033440850548434, 0.5058032384452182, -0.47040107234243506, 1.0857364328954577, -0.44542835806873016, 0.9451190804429678, -0.2887486121573555, 0.7485850711715232, -0.25000320914190843, 0.5427651223013926, -0.05577154008186485, 1.0039005484147085, -0.04854403736601484, 0.9070268941913076, 0.06512180583313934, 0.7555097049189351, 0.09317030572437036], "timestamp": 1767299986}