{"label": "Y", "features": [0.0, 0.0, 0.07758894018938678, -0.39381524075810864, 0.22007006465985463, -0.798733940918112, 0.4013023016532607, -1.0444695767317826, 0.5484049662504645, -1.1451071004483169, 0.17884432815455023, -1.1419395093625946, 0.5439962175454556, -1.3045022021716506, 0.6342105810120517, -1.0799905124567257, 0.6072957085559065, -0.9371997772216898, 0.1709912539493121, -0.9852725414585676, 0.6010847929553357, -1.1168319313061492, 0.6340510251479928, -0.8670359154509634, 0.5692892906045403, -0.7359729886510963, 0.19246192348246272, -0.745126790008989, 0.5945577818055516, -0.8471731708919116, 0.5982723569356424, -0.6442440509475019, 0.5282600581548775, -0.5357152983625849, 0.22547143784240237, -0.4475192110100728, 0.546501154125814, -0.4477725700380681, 0.7023122812656306, -0.37034514622902837, 0.8053904969518532, -0.3358789682670609], "timestamp": 1767299991}