{"label": "Y", "features": [0.0, 0.0, 0.26603228438283, -0.22684626277895759, 0.38529388039819357, -0.513232591507033, 0.47318294947211553, -0.7068286153827736, 0.5379014837406726, -0.8170580712898535, 0.1834706050771602, -1.0181534755962416, 0.46746783705565326, -1.258408247511501, 0.61316988618169, -1.1126775298443297, 0.6602113979866281, -0.9301785558640029, 0.1681789602010305, -0.9857564744632262, 0.4992872833086209, -1.2684568036268231, 0.6371011446001896, -1.0663240630266229, 0.6639739503041906, -0.8755542924114961, 0.2002217111446739, -0.8625049923473568, 0.5096784672317738, -1.1603915901277777, 0.6433564653106809, -0.9725562384041403, 0.6705233947502145, -0.7775298867734121, 0.26782910456907943, -0.6678443583224543, 0.5101504908874284, -0.8773900088346362, 0.6290147564191747, -0.7864850092333503, 0.672987029706747, -0.6541742681189346], "timestamp": 1767299950}