{"label": "Y", "features": [0.0, 0.0, 0.12976848951348208, -0.5500589659531189, 0.4734306516216598, -1.0824511136742359, 0.8241441690241766, -1.325118971389369, 1.1493618544781763, -1.2885215370518392, 0.5216100633001288, -1.2034962685607014, 1.0263633577871905, -1.4765869582312845, 1.131812522234417, -1.284931626411098, 1.0819408182253034, -1.0837149115477618, 0.5466257947966917, -0.8373769891999087, 1.2155015248592813, -0.8889879250349695, 1.1155752998593491, -0.6605001869007678, 0.8875800146758654, -0.580046989952082, 0.5674545782122615, -0.3785371091180845, 1.2297008594382899, -0.422378048730724, 1.1106304573542018, -0.24710652227093602, 0.9004985323830511, -0.15521765646666918, 0.56537304492057, 0.08949028504430363, 1.080970186322439, 0.03475828452158173, 1.0194327824807645, 0.14671145131792349, 0.8681025946250587, 0.22352862163048284], "timestamp": 1767299898}