{"label": "Y", "features": [0.0, 0.0, 0.24715889841134317, -0.2803509275238397, 0.3133125874108213, -0.592463843616994, 0.38023451062579583, -0.8183553515102584, 0.431173558429332, -1.034625576267141, 0.029091187460640072, -1.01482123240935, 0.1937907014279438, -1.4393155988857589, 0.35612118450011293, -1.516018783865945, 0.4758217413516099, -1.4943634030733146, 0.011418600931645487, -0.9999348000003441, 0.2201737033003301, -1.5025445417531147, 0.4028085055450226, -1.5497483411713098, 0.5164100034713004, -1.4954027589650385, 0.05830732665032406, -0.9398350391128995, 0.26348092851590077, -1.4586036327688212, 0.4457043330866657, -1.5127804796213162, 0.5551659208959412, -1.443159801137261, 0.15720611499291523, -0.8514790108087498, 0.3119893115525637, -1.272865413523387, 0.4402824047577883, -1.3864724686020347, 0.5316554616031117, -1.3985540546512623], "timestamp": 1767299932}