{"label": "Y", "features": [0.0, 0.0, 0.11148496650614774, -0.5853943234367451, 0.4336307403991039, -1.1923735175776624, 0.7510050396175849, -1.5575037205967408, 0.9858695728313541, -1.7972226757821528, 0.4650757863749817, -1.242526450523127, 1.1020569967952496, -1.4604908412971842, 1.0386983475923182, -1.1945470322500091, 0.8492971646375818, -1.0723895135082926, 0.5042687008794261, -0.8635467926807768, 1.1784693977417533, -1.0432591825655888, 1.0800630882745106, -0.8175513555612869, 0.8760895637463773, -0.7016982535279601, 0.5623575584394023, -0.44046829927707504, 1.1920655783752003, -0.6067542022356228, 1.0878170775959979, -0.4165148927743911, 0.9116876732499078, -0.29638145693302453, 0.6167980012949517, -0.018263601828269013, 1.1189432091545213, -0.17644768557796994, 1.056790145095156, -0.06517842425682303, 0.9163643811650235, 0.037454187191296937], "timestamp": 1767299986}