{"label": "Y", "features": [0.0, 0.0, 0.25806690361623674, 0.47911075960188027, 0.649583384501008, 0.6834868903953214, 0.9019661603419961, 0.8511216195290149, 1.119880352008898, 0.9597875422551857, 1.0030151374887637, -0.14665240202870541, 1.360150564765441, 0.15971827420263, 1.6125464404190266, 0.5107086984790384, 1.7873402171372388, 0.8015828918535909, 0.980883599551361, -0.19459533435134638, 1.3740792382327174, 0.17984911348878238, 1.6325349681046881, 0.5228629427853844, 1.8447918270675634, 0.8220769532163096, 0.9347752364383932, -0.10314554260839037, 1.3172748781339134, 0.2539130721307836, 1.5709509627458882, 0.5770074454808742, 1.7726993902214818, 0.8481443893932257, 0.8599770928449064, 0.1001522354298679, 1.1988114864768875, 0.33006942811221757, 1.410942110882005, 0.5600491426274189, 1.5657062741386818, 0.784388792373381], "timestamp": 1767299868}