{"label": "Y", "features": [0.0, 0.0, 0.2181056310203053, -0.20890999270698912, 0.40925938056682215, -0.593158965634032, 0.5647748384236386, -0.8936539319902963, 0.6828777150796811, -1.075608205659198, 0.21138789128973834, -0.9761058363093899, 0.22474962277608435, -1.2475617867651194, 0.19444721396809703, -0.9349578033901732, 0.17534565424492146, -0.6668068300489207, 0.06674508734486521, -0.9977700547311342, 0.07350287122463826, -1.2766812246653096, 0.06434610910617634, -0.8965324389157282, 0.06377414517501585, -0.5944023364668815, -0.07154771563965034, -0.9911217248591911, -0.08680220057847139, -1.3723914130853, -0.06844045651187855, -1.1172260899290996, -0.049129666109101085, -0.8682479215264851, -0.20306855244154903, -0.9544920067753965, -0.22867361569703892, -1.3079770620748516, -0.23842269752250775, -1.5259720711329752, -0.245203673638696, -1.7347025325710235], "timestamp": 1767299740}