{"label": "Y", "features": [0.0, 0.0, 0.221628089171295, -0.3731014268855827, 0.3421745362768979, -0.756530215151734, 0.4383890343359303, -1.0608766122904127, 0.5424168454872526, -1.2939445039270878, 0.06007764646839931, -1.159818047979378, 0.4150173156371431, -1.2749555288488776, 0.4971019264257057, -1.0182517780339553, 0.43859061071739996, -0.8746670017380335, 0.007377935533673362, -0.9999727769115678, 0.39551514354692585, -1.1130715252290262, 0.4526306799403441, -0.8488878508302822, 0.3802923557592361, -0.7417973128217317, 0.009800623098037819, -0.7563053272159448, 0.3617941231811515, -0.8561939662076326, 0.39940337368064904, -0.657292242779144, 0.3209915325568407, -0.5793414904870988, 0.04089617965856455, -0.4851161879271784, 0.35081712363241085, -0.5675561285106276, 0.4574512008383646, -0.490171367044784, 0.4728465969731122, -0.45479436927987804], "timestamp": 1767299760}