{"label": "Y", "features": [0.0, 0.0, 0.15006133005165848, -0.2216843780449408, 0.2539701654720486, -0.5809684749894704, 0.32666073111923766, -0.8930574009442077, 0.408716711893631, -1.112040493756116, 0.12883230449236452, -0.9832799987037161, 0.11562224649695241, -1.3366544995373444, 0.08539384476560012, -1.552767846940908, 0.05477456278371887, -1.7351733661406077, -0.012927714464279814, -0.9999164280871298, -0.06166604810980605, -1.4120858332711548, -0.10365561049377957, -1.6664472080175123, -0.14447907147379185, -1.87659732843405, -0.13660277684647196, -0.918414276590264, -0.23184360416914213, -1.2940446039443296, -0.2996362601366839, -1.5185381870221124, -0.35608047465552467, -1.7073761211189846, -0.24056178839329784, -0.7581866052751637, -0.3398990440317492, -1.0503008265755558, -0.4060567191449767, -1.220180410474214, -0.4652794777931694, -1.378899178734663], "timestamp": 1767299821}