{"label": "Y", "features": [0.0, 0.0, 0.08309637563163891, -0.5333908029019169, 0.29936751426385466, -1.0560370952044547, 0.5446313526526677, -1.3940110050684327, 0.7244392680856909, -1.6316613989353455, 0.2928774809283839, -1.2599719558112474, 0.7471679043213943, -1.4229602490914575, 0.7634205096246672, -1.145129396386129, 0.6591145170664254, -0.9991792915038855, 0.3214330481946742, -0.946932302082519, 0.8196272820574559, -1.08444974139144, 0.791597690114554, -0.8125468945340448, 0.6579610087608179, -0.6775766050011173, 0.3708235473958758, -0.5745012144387838, 0.8233868468001219, -0.6573020910821298, 0.7681961337971225, -0.4520629146795169, 0.6278391037199813, -0.36944616158878923, 0.42107044644277813, -0.18785784865658497, 0.8194521715458749, -0.21449170681600294, 0.8888464715406235, -0.15737542197425813, 0.8691323756375597, -0.1737179967407421], "timestamp": 1767299988}