{"label": "Y", "features": [0.0, 0.0, 0.1452855641609808, -0.42099570780884943, 0.3768049914650523, -0.8483542206127622, 0.6124886906234077, -1.112622308845285, 0.7570693190401846, -1.3433912971941917, 0.29348752011885787, -1.2102598226936707, 0.7173182599834058, -1.2337631412191168, 0.6789663336572481, -0.9655206205284387, 0.5656536916842595, -0.8869369392249129, 0.25968846306858895, -0.9656924406530264, 0.7210877459793943, -0.8957580096889198, 0.6688844602239408, -0.6702990640462885, 0.5568713899559912, -0.6171920845211546, 0.26387949081091777, -0.6359354031544185, 0.6918337316527288, -0.4868344857608009, 0.6232858745330181, -0.33065290471600306, 0.502458104250596, -0.32027708053988924, 0.28770952239106196, -0.2712213428930127, 0.6414569447852397, -0.2146684962082431, 0.7570993511594186, -0.1891917944298513, 0.8256204523910844, -0.23704733938442715], "timestamp": 1767299945}