{"label": "Y", "features": [0.0, 0.0, 0.13005602275623196, -0.4201014498505134, 0.31145719095346863, -0.8212596355077003, 0.5089091331119824, -1.0852418963810446, 0.6364421957593978, -1.258306292006154, 0.21137475440017753, -1.1888234163942493, 0.569751859448941, -1.250044963165298, 0.563644441126989, -1.0120640398923586, 0.4857889131217154, -0.9393628724573098, 0.17125406643014748, -0.9852268946703547, 0.5729738353608733, -0.9491176988573434, 0.5464916440847228, -0.7357721171332576, 0.46810640818281696, -0.6772002310897847, 0.16847914668377337, -0.7232747268970766, 0.5462765253350472, -0.6175711717418745, 0.5039506699586254, -0.4573786619871543, 0.41660733190157523, -0.42371474006286086, 0.18388536528489058, -0.4360753384805587, 0.5009678394623786, -0.37824155161691086, 0.6220601538413973, -0.31516963120755037, 0.7029577781190754, -0.3106840128412689], "timestamp": 1767299947}