{"label": "Y", "features": [0.0, 0.0, 0.09986087526295864, -0.5185026427531033, 0.3324411410984172, -1.019791378132318, 0.5641468476471178, -1.3009818350950457, 0.7455153787206545, -1.445709128858675, 0.4007629754318952, -1.2570242925100035, 0.9017826684407673, -1.2979705509116823, 0.8667199960588906, -1.050579571222118, 0.7226658229705512, -0.9621095861632016, 0.41444673119390246, -0.9100735659758167, 0.9620412960717498, -0.9173195221617674, 0.8689039063201925, -0.7036803196312365, 0.6910373872228636, -0.6414114238810353, 0.44341288287383707, -0.5100655563790667, 0.9505191447622788, -0.5014668386830512, 0.8363216398730566, -0.3411213607879995, 0.6668930650654861, -0.3093462214518916, 0.473855679094058, -0.09037970545554502, 0.8819757965894435, -0.11026070122522853, 0.7888083797876246, -0.008288152204739808, 0.6436263906914649, 0.006349262673571379], "timestamp": 1767299990}