{"label": "Y", "features": [0.0, 0.0, 0.1535974540386726, -0.460732706040904, 0.39866203287450774, -0.899967866692961, 0.6403681956298625, -1.1560585084982855, 0.8054595709308152, -1.2992518693876367, 0.33960988345939414, -1.2215851833001323, 0.7731353685272573, -1.188410881826203, 0.7791508735582536, -0.9739966369406554, 0.6910905893716793, -0.8890467542259866, 0.3038171590095594, -0.9527303509047188, 0.7898569295569167, -0.9236667949029825, 0.7933005949052294, -0.7306127391345695, 0.7097842992301778, -0.6323300918793443, 0.30206503798862455, -0.6242194433955087, 0.748067480692325, -0.5399574467815347, 0.7751316375593059, -0.3982356024116573, 0.7260672776335377, -0.34408372084555167, 0.31608845048520506, -0.27885385342976493, 0.6683951352646522, -0.26300485456048905, 0.75689750042761, -0.22197215405613724, 0.7846869205040763, -0.22982650236540986], "timestamp": 1767299900}