{"label": "Y", "features": [0.0, 0.0, 0.10434656883818003, -0.514896084857297, 0.3236537667933254, -1.0464541639336673, 0.570305712313962, -1.387036028805681, 0.7358591128522356, -1.5911430864429457, 0.2801914993472113, -1.263759449632089, 0.7290670040125938, -1.4563368665319785, 0.7486890152269434, -1.174519631250794, 0.6572052233029811, -1.0247556594177358, 0.2940805834028457, -0.9557806230979246, 0.7916629076731738, -1.1128934447282952, 0.7955254207332051, -0.8415110135303594, 0.6965787812306449, -0.6819294938932089, 0.3354141835269617, -0.5879478911861843, 0.8113130503342683, -0.694253357336356, 0.7885089145392966, -0.4713839331596878, 0.6747165582368554, -0.35123975787014566, 0.39172238173023116, -0.20542563742596598, 0.7968603560142, -0.25450454448058857, 0.9360073235798602, -0.23702052321884434, 0.990349100944683, -0.27774569902964236], "timestamp": 1767299988}