{"label": "Y", "features": [0.0, 0.0, 0.14688729675921852, -0.5114339877527714, 0.47953023269160433, -0.9912321601990507, 0.8109158595943011, -1.2403708984619533, 1.056566534590919, -1.3766730748181402, 0.5125782128205391, -1.2387189494835182, 1.0914857081142588, -1.2520877816185816, 1.0884225174477642, -1.013329689492869, 0.9397203384915056, -0.9415190658368426, 0.5013252046913841, -0.865258934454604, 1.1175157898797916, -0.8735269875562264, 1.0894042708641183, -0.620669402431281, 0.9435160362909357, -0.5163538324471382, 0.5095235611470875, -0.4169354903649779, 1.0644415632289657, -0.29599427014243646, 1.0432491671977098, -0.0785347345020284, 0.9339122077370666, 0.0085422240133827, 0.5128595380237679, 0.04636811692529309, 0.9564380713846117, 0.11328982088878425, 0.9599854460350064, 0.2593693750628501, 0.8938867163739878, 0.33341121452266387], "timestamp": 1767299902}