{"label": "Y", "features": [0.0, 0.0, 0.08589850636598287, -0.5075652620401696, 0.2987304852067105, -1.0429718365511897, 0.5197975072340315, -1.3830492822124363, 0.6871155475099701, -1.570796062671534, 0.291811821949054, -1.263484256642095, 0.7612307721544276, -1.3708231063092124, 0.7601811129438024, -1.1268645243787254, 0.6323077205945645, -1.0140285377423208, 0.30584057717179003, -0.9520827329318771, 0.8438895895987281, -1.0102754196396326, 0.7855274548577522, -0.7796092403460876, 0.6269982395304119, -0.7079735669796124, 0.3424634970564259, -0.5871015114686148, 0.848858206177855, -0.6116539245531497, 0.7682572063296307, -0.43126968574269947, 0.6159181753484942, -0.3965221766652329, 0.387824555111088, -0.19793498698698078, 0.7997387809042773, -0.1958150001705847, 0.7333691193581954, -0.08513213539676262, 0.5981572984879802, -0.06811121988944902], "timestamp": 1767299988}