{"label": "Y", "features": [0.0, 0.0, 0.31336979906287554, -0.009269521643890917, 0.5917854513457922, -0.21711687443451144, 0.7638323887366616, -0.4180407068441823, 0.8782191217328726, -0.555846020379337, 0.6430796513838776, -0.6871810224529667, 0.8896107659754179, -0.8881749986649223, 1.0201996269812215, -0.6653048786855063, 1.0947159685679142, -0.43828573462898135, 0.5780258177572061, -0.8160184690379937, 0.8700751718800475, -0.997998750118728, 0.9280215847943907, -0.6220003484791587, 0.9031910422250015, -0.2929583160374217, 0.4881185448795707, -0.9307722758181817, 0.755385512152208, -1.0663715122555744, 0.8070169839442839, -0.6583348380626267, 0.7748349711121304, -0.3127137909637882, 0.3734968483176754, -1.039576943222214, 0.5874343549678012, -1.312861194756646, 0.7153299483734458, -1.1322314544494345, 0.7738120709487611, -0.8774419065971949], "timestamp": 1767299952}