{"label": "Y", "features": [0.0, 0.0, 0.2751036115552393, -0.23215121521381943, 0.3965652003453944, -0.4794335971835608, 0.4713417819258994, -0.6673176083693361, 0.5125080217804725, -0.8274305006073976, 0.21857249566768336, -1.052131653605431, 0.5039646493190244, -1.0533918589444415, 0.5174802041956845, -0.8222695260134187, 0.46333615135058953, -0.6951058519607745, 0.1542156983298578, -0.9880372001948287, 0.484638085216512, -0.954159040270319, 0.46835142610697733, -0.6938720354170115, 0.39951260418907286, -0.5874134592867084, 0.1216318526658757, -0.8313677650047298, 0.42731305961660987, -0.7528467818176925, 0.3977066561057903, -0.5336373055498276, 0.3214591799220895, -0.4544102817239816, 0.1160379895370885, -0.6150989550157991, 0.3751592553237349, -0.5260342444679775, 0.4664971921430287, -0.3943148537208657, 0.5186427148459057, -0.3346848791488213], "timestamp": 1767299840}