{"label": "Y", "features": [0.0, 0.0, 0.28136152485841576, -0.24843256884097248, 0.39941615897504734, -0.5141916358248293, 0.46639956314060343, -0.7266993823823363, 0.50838118680184, -0.9002348683576071, 0.21451891376298002, -1.0664351916584944, 0.5117840885329428, -1.0594589021376164, 0.5314649991460941, -0.8284909251470531, 0.4817320847555976, -0.6968799500033636, 0.15146549739325577, -0.9884625402943412, 0.49341023770294706, -0.9559573842044147, 0.4901158787625325, -0.6963903708715423, 0.43113068596788034, -0.5725362272540196, 0.1222613776143751, -0.8247430732905697, 0.4390096991694291, -0.7478828434592545, 0.42837406847086185, -0.5255451549021233, 0.36713092990080826, -0.42701756773069116, 0.11974798689439603, -0.6078745774956518, 0.386572875888387, -0.5176527869593118, 0.4774886867552395, -0.3740421505759596, 0.5272035580378599, -0.2939031896929414], "timestamp": 1767299840}