{"label": "Y", "features": [0.0, 0.0, 0.21015542941884624, -0.2919434486669569, 0.37034015902522627, -0.585910841708574, 0.5011893425106182, -0.797517705340324, 0.6162280471418695, -0.9080963855815537, 0.2816297542584128, -1.1134922456483327, 0.5843950486329376, -1.1448599489918934, 0.692102815892965, -1.0306129628994092, 0.7258689694759969, -0.9332390488564385, 0.21607614614123646, -0.9763765098811795, 0.567902455428535, -0.9482793119008922, 0.6668483085619624, -0.758354366758198, 0.6957815744597444, -0.5896481354822936, 0.1862325980457321, -0.746693317318478, 0.5259083721577245, -0.5912883158726778, 0.6297753637603344, -0.384795816622816, 0.6714900608776119, -0.2273782194649256, 0.185208679897802, -0.46939262985700886, 0.46572731049590443, -0.3070314955538107, 0.576019735656256, -0.1795833270512475, 0.6398104186378828, -0.08439522514906735], "timestamp": 1767299787}