{"label": "Y", "features": [0.0, 0.0, 0.2121197815561104, -0.20437843968992697, 0.38711126431994664, -0.6064057745890226, 0.5210658928585377, -0.9474152421146965, 0.6557811892156677, -1.1632357933751818, 0.23840633056849117, -0.9412551231736099, 0.2641782128598031, -1.2054341632058996, 0.22277144709861765, -0.8922557411593047, 0.188469927561536, -0.624854037119808, 0.10094862654978656, -0.9948916341469509, 0.11659839912441616, -1.2415703513179261, 0.09961803688808392, -0.8616090005363515, 0.08937896498181766, -0.5691330514806143, -0.03642966891021889, -1.0168077346099273, -0.04074056104059901, -1.376548026787758, -0.023369607956165325, -1.0919834862614182, -0.0064458243179062276, -0.8286021713750605, -0.17535361887840384, -1.000315900444092, -0.18205958894329843, -1.3637513375533898, -0.17869903528260012, -1.5839545795160792, -0.1734672520230558, -1.7887667884579002], "timestamp": 1767299742}