{"label": "Y", "features": [0.0, 0.0, 0.07385400958396361, -0.514919041261421, 0.26173152270711714, -0.9830648484856562, 0.4997726003106589, -1.2107430261890224, 0.6870655905550362, -1.2342138679368033, 0.25351203627295543, -1.2619435160103833, 0.7050678525941334, -1.45227152889456, 0.7375176695332819, -1.16828301058508, 0.6513450194806623, -1.0339802449296878, 0.26774601550576177, -0.9634895226457056, 0.7623919852500308, -1.1342513326780062, 0.7740236321345734, -0.869118401613596, 0.6797548188972997, -0.7252935171553979, 0.3125068161200038, -0.6117957258040037, 0.7848737973442305, -0.7141947505207096, 0.7678397124145443, -0.511410926525756, 0.6529434973197235, -0.4180231332796812, 0.3673871283454327, -0.2493201861632037, 0.7722417170710133, -0.2821534944224858, 0.9194064297170012, -0.28000731147794927, 0.9775540749571275, -0.3403796625242538], "timestamp": 1767299988}