{"label": "Y", "features": [0.0, 0.0, 0.1388911163787337, -0.44134672030100086, 0.36897273495907035, -0.8615788561513711, 0.6075064719855587, -1.1026597758388095, 0.7812755911348066, -1.2317975450547318, 0.32699817074560467, -1.2149088305300115, 0.7646865340233059, -1.2069697074027639, 0.7795802457192694, -0.9784009517702804, 0.7061954135127824, -0.8841714728713758, 0.29689197092672753, -0.9549110664851076, 0.768662342393396, -0.9725115383526618, 0.7870608911113193, -0.7661908785987049, 0.7221412388554136, -0.6392213191181066, 0.2966799581012025, -0.6342367461522821, 0.7265634099421001, -0.5936858859216497, 0.7612873248197775, -0.44817807641488044, 0.7198976888481619, -0.37912284898107834, 0.30761111222867127, -0.2948246565806934, 0.6475500158122564, -0.3129790119549316, 0.7613013328100353, -0.2877979457918658, 0.8142449105840992, -0.29762852619826113], "timestamp": 1767299900}