{"label": "Y", "features": [0.0, 0.0, -0.2697725148257876, -0.12926462573093173, -0.48310640478909533, -0.5373608190341591, -0.6244939790842219, -0.8418716932627271, -0.7628892598454046, -0.9881217445505124, -0.25025202746117736, -0.974068602994561, -0.28685170527801884, -1.306648254376881, -0.27009267932309544, -1.0137149579846654, -0.24359062833029077, -0.7726697908414368, -0.10631916246061662, -0.9943320492938185, -0.12636609709236557, -1.201796427288111, -0.11772813396691735, -0.8042525353106883, -0.1013905385963096, -0.5824508228866359, 0.036360662574442364, -0.991304636544515, 0.019983174502892113, -1.1604311060432917, 0.0009639031244825963, -0.7745474754917819, -0.0019267833591974362, -0.5325689214354755, 0.17423017799499818, -0.985497691332961, 0.20313977053784585, -1.4120474979730284, 0.21921959768697893, -1.6883300242440746, 0.23652280099834888, -1.9569113839353098], "timestamp": 1767299747}