{"label": "Y", "features": [0.0, 0.0, 0.11034738086031136, -0.3941482343624408, 0.23961465891066547, -0.7140584233199688, 0.3661275765904473, -0.8437564395078292, 0.4877961675417008, -0.9064880111067434, 0.21802552683291687, -1.026475014423661, 0.5299527661927013, -1.2686044685561189, 0.693561229190359, -1.1535087467368903, 0.769621566826991, -0.9876740846666704, 0.23235120330975756, -0.9726319486848786, 0.5796933586136772, -1.2835891089022036, 0.7512111448533535, -1.1222879777074948, 0.7973823762676079, -0.9147913391634552, 0.2678271285117821, -0.826077170368268, 0.5970021003231255, -1.1443011400985839, 0.762289595593532, -0.9821624891437405, 0.8080024590231208, -0.7966256698176617, 0.3271851436855774, -0.6041842634835474, 0.5957940531328779, -0.8940402059761388, 0.7365670064387347, -0.8331101642960497, 0.7936576173343777, -0.7172385708149727], "timestamp": 1767299949}