{"label": "Y", "features": [0.0, 0.0, 0.1799468247326574, -0.14718794908371102, 0.3649535499344248, -0.49758074568042177, 0.5064060009950723, -0.7941969211404959, 0.6383735974211183, -0.9776072324016905, 0.2238828272277291, -0.9413772645064024, 0.2167348949551246, -1.0454998035175376, 0.1883477334470373, -0.738160615017499, 0.1761983860525789, -0.5143455835846833, 0.06445216400685488, -0.9979207933271269, 0.07724865308003245, -1.1129121653471699, 0.052373825167417024, -0.7435297272552858, 0.03633585784575735, -0.49688416683597264, -0.08094535976573311, -0.9937984942770326, -0.06595796499910052, -1.1787176225909815, -0.06813234792629036, -0.8790326711298159, -0.06577883723149558, -0.6245705309364213, -0.21018820778828046, -0.9285325184650852, -0.24948341109188885, -1.2688574428175523, -0.2783636329266193, -1.4923535586348369, -0.2928123986263139, -1.6877911324064194], "timestamp": 1767299736}