{"label": "Y", "features": [0.0, 0.0, 0.24036689532303396, -0.3087328565360202, 0.371161534408139, -0.6427429155969594, 0.48079373797470937, -0.9169840187050646, 0.5705390029833745, -1.096225649764751, 0.1867939659604243, -1.0969376712220957, 0.501800868771739, -1.177376701178078, 0.5106275251952899, -0.9323587453448816, 0.4504621528388413, -0.8460548684034737, 0.13789516507512597, -0.990446825220121, 0.5006221985012439, -0.9837456542282558, 0.4761719164802323, -0.7297217877044923, 0.40043375621188665, -0.6532433954712059, 0.12527375459073273, -0.7962465725076586, 0.4732719644572003, -0.7254202730150114, 0.44124069623867357, -0.5232232229774472, 0.3628126934569953, -0.4598403834577846, 0.1372823211835484, -0.5506579416145516, 0.41519607974930717, -0.4813517770780926, 0.5358046685760794, -0.3764800966683463, 0.6177713269043302, -0.32670706390702625], "timestamp": 1767299947}