{"label": "Y", "features": [0.0, 0.0, 0.2403208671564958, -0.3139304593886134, 0.30772426648946555, -0.6275029276949131, 0.3661587891459419, -0.8522827901042808, 0.4143116321342674, -1.066785367448019, -0.010606542208380813, -1.00838109993967, 0.15790635072656486, -1.387014306388728, 0.3113900410849424, -1.4475688867153937, 0.40990215557364407, -1.3948759122530225, -0.023676090106787843, -0.9997196764164953, 0.17305606682612154, -1.464531376354995, 0.3337318622569878, -1.4800176175937805, 0.4214956240944091, -1.399926324689063, 0.026830400578052548, -0.9559710702704024, 0.2142618883441089, -1.421962213916355, 0.37456295939844564, -1.4274138873672269, 0.4618150880884809, -1.3194662232189025, 0.12917967916056255, -0.8823104330397679, 0.271242135612376, -1.2493074081050648, 0.3879203537619991, -1.3136051756408522, 0.46603644185655696, -1.2772449104721422], "timestamp": 1767299931}