{"label": "Y", "features": [0.0, 0.0, 0.2777118571772773, -0.1809992607750294, 0.38382435761513534, -0.4688090650098967, 0.4579326199168165, -0.6659281390442068, 0.5198691880317238, -0.7974400573758021, 0.1857761431105148, -0.9967067439040806, 0.45383937532470153, -1.2420396724536902, 0.5965064962152347, -1.0708684896337906, 0.633568213124492, -0.8735995394028842, 0.1634128675551894, -0.9865577653807783, 0.4890323904534927, -1.295137222912888, 0.6252070216252111, -1.0688351998828292, 0.6365307965934087, -0.8625840986959871, 0.19357169755290696, -0.8927119726694588, 0.4977449788022576, -1.216433216991853, 0.6298479732997753, -0.9983130857166808, 0.6445364535567963, -0.7908669593958323, 0.2611235658678995, -0.7299136281698433, 0.501673022433298, -0.9602788592536399, 0.6173472564196555, -0.8549192644945935, 0.652065816840203, -0.7102387760469204], "timestamp": 1767299950}