{"label": "Y", "features": [0.0, 0.0, 0.26939694877040915, -0.18548696630089961, 0.37035748237454175, -0.4849344846502075, 0.43464765053734716, -0.6996219602649943, 0.492158357011027, -0.8726224924101073, 0.18870726650863576, -0.9953722680614642, 0.4199700228047211, -1.3106742601153378, 0.5660758825561382, -1.1619152045490473, 0.6070335214280507, -0.9715491129669668, 0.15322686617346806, -0.9881910328868588, 0.44630892096692587, -1.3616987473659175, 0.6001576042861958, -1.1465822164297166, 0.6212084477903473, -0.9422976179269074, 0.16984552944633413, -0.9048275816224582, 0.44093872263892847, -1.3058792165580198, 0.5873631686383864, -1.0845755230265008, 0.6059819035554813, -0.8674619020674845, 0.225569350206856, -0.7516244193392282, 0.44463742400247336, -1.0700845447943648, 0.5619615431675403, -0.959704920063665, 0.5902052501698101, -0.7947678848694356], "timestamp": 1767299951}