{"label": "Y", "features": [0.0, 0.0, 0.25751052296751165, -0.22576541362386357, 0.4003261898275411, -0.4643771293846667, 0.5067343946985611, -0.6108580222475641, 0.5771148274642697, -0.6733721144999031, 0.24019393577676248, -1.0804263416206517, 0.5607507606357731, -1.0438022862502674, 0.5855001950047697, -0.7870335151387166, 0.5304063804633938, -0.6340348936303442, 0.20552152013154726, -0.9786525913090693, 0.5693603858669676, -0.9145240889416283, 0.5825567936536311, -0.6256817161889869, 0.5153392680579774, -0.45662697980058364, 0.18921784806048997, -0.775317238767874, 0.5241886328846921, -0.7152146447998863, 0.5434701956988266, -0.44488372506093565, 0.48498875643814227, -0.28575396266917413, 0.19223589978440236, -0.5013865462276456, 0.4382257395549102, -0.6185557479559005, 0.5302704156160624, -0.5292886175922085, 0.5629849068024664, -0.43262297615602135], "timestamp": 1767299901}