{"label": "Y", "features": [0.0, 0.0, 0.23389652816391637, -0.23273702798470558, 0.36282683308106833, -0.5290748751300968, 0.4441160567885302, -0.7657860723395923, 0.4906814252305397, -0.8897229415204625, 0.21764265229981228, -1.099329940068153, 0.546101800112161, -1.12544691722849, 0.5727322324101733, -0.8719361970117324, 0.5108559639724215, -0.7586597324957612, 0.1643372480797636, -0.9864042067169381, 0.5375277019943636, -0.9474895109203879, 0.5321626617381725, -0.688728994887158, 0.4550116541875492, -0.6093946637866084, 0.14853905813801668, -0.7901973141957251, 0.5013247784222151, -0.6981925625263048, 0.48609928278805004, -0.48902067053673604, 0.4144725115755251, -0.42894303853316557, 0.15800291976808117, -0.5549745930022906, 0.456725180251071, -0.46139022813233793, 0.5305880463832403, -0.31833277764936047, 0.5564940850601635, -0.26194473166229487], "timestamp": 1767299839}