{"label": "Y", "features": [0.0, 0.0, 0.21797297508388183, -0.20413121826754754, 0.40519713456400913, -0.5895805709663068, 0.5602355400469574, -0.8905269504292198, 0.6822828396261976, -1.0710360677197395, 0.21023533256281457, -0.968402847095369, 0.23337995348934337, -1.2381347596142815, 0.20432547567818324, -0.9182117968743113, 0.1852051152610072, -0.6469601449902025, 0.06827681499496811, -0.9976664098553695, 0.08415177716241568, -1.2780178385567353, 0.0767445055206714, -0.8940009260094733, 0.07557146398697848, -0.5894886069091276, -0.0711290335799451, -0.9961090185392266, -0.08181052554006278, -1.3762094617818368, -0.06117259157787765, -1.114104568352892, -0.04285108560666916, -0.8626145262629205, -0.2074710795977481, -0.9648175816778044, -0.23406710159411778, -1.3271812903997475, -0.24089626584743504, -1.553850200136752, -0.24585257874426758, -1.7702201350790072], "timestamp": 1767299741}