{"label": "Y", "features": [0.0, 0.0, 0.2065463416783358, -0.878373699928641, 0.7991535096717305, -1.627141000187848, 1.4105096025400576, -1.9025035637300052, 1.8817312787155354, -1.8955421890186928, 0.7128000347906142, -1.4880062982441253, 1.779203620609412, -1.3414726327199071, 1.7339219634967789, -1.1072844468374479, 1.4219728680952652, -1.0344288304010667, 0.7007184796055118, -0.7134378596378833, 1.8337185982139825, -0.5278835741694777, 1.7025171480459411, -0.3998155728682654, 1.3391503837545438, -0.4588480694906303, 0.6918138391458961, 0.05283592567125406, 1.8103759669734962, 0.0910741601596029, 1.6429064089892986, 0.22045102102488964, 1.3158917539487667, 0.22948703582134708, 0.6722473654238516, 0.7177727243732284, 1.3969951391605544, 0.7068837942088237, 1.3235642105725016, 0.8337611240110758, 1.1385740045057775, 0.9090625496627126], "timestamp": 1767299897}