{"label": "Y", "features": [0.0, 0.0, 0.319804044796189, -0.9451978990184567, 0.9242577680723506, -1.8224976350461342, 1.527635537651718, -2.2559817064880137, 1.9830009456020345, -2.4679723469349413, 0.5842401488540707, -1.73929506333607, 1.4084809448395192, -1.7563437494140348, 1.9714315655747048, -1.7136549987150431, 2.3709455646057758, -1.6327871585006029, 0.5442585491178126, -0.8389175086210783, 1.5347236958002657, -0.7365454912494371, 2.0914616826977626, -0.6080553580862614, 2.4444882524653258, -0.5115228779588958, 0.5495922730131231, 0.05806087204866021, 1.5230161820069537, 0.09328633662677932, 2.0603463747839235, 0.16997089053612516, 2.378334366833226, 0.25459001047381286, 0.5849389431996287, 0.8454544859583042, 1.3302044669898567, 0.8566568635289551, 1.7909374551506756, 0.9211558524744812, 2.0969822934529314, 0.9854408695079953], "timestamp": 1767299755}