{"label": "Y", "features": [0.0, 0.0, 0.12873126834804402, -0.5414027882209881, 0.40414576369722494, -0.9783013592906709, 0.6965184534039389, -1.0918346348987769, 0.9326543923650149, -1.0411087095606546, 0.4798393161720892, -1.1933458039897518, 1.0140143002372368, -1.1924191346084143, 0.9697652947319042, -0.9229026620019254, 0.7977267007123728, -0.8379116714133705, 0.5101181116131079, -0.8601043541732117, 1.0889797553410503, -0.8093599822548989, 0.9996031807366035, -0.5822167511367187, 0.8076744712021933, -0.5315783566300888, 0.545480929233704, -0.46926580874639306, 1.0613941606078525, -0.408707494469054, 0.955800871830003, -0.24169649779557603, 0.7837192357900271, -0.2200720420451341, 0.5700980713468254, -0.05829987414577378, 0.9779986183569553, -0.050079933333802035, 0.8867904068488817, 0.055740501568746936, 0.7415892359718782, 0.06746746280282896], "timestamp": 1767299990}