{"label": "Y", "features": [0.0, 0.0, 0.2767470210639662, -0.19137514347368242, 0.37614534280431694, -0.4908712108093717, 0.44052996458829036, -0.7131757357002276, 0.5028497236172829, -0.9050729823766605, 0.19257604240878207, -0.9942793632060113, 0.4388435958709164, -1.3067682888997663, 0.592021318089375, -1.1476003867457436, 0.6352629150690476, -0.9601228545043852, 0.15320635169832633, -0.9881942134366921, 0.46266009076029085, -1.3623362622599373, 0.622380572660149, -1.1381009406192877, 0.6436738252727883, -0.9320087052742114, 0.1685343597288346, -0.9049227545683218, 0.45679674249897967, -1.3006957607290985, 0.6125043256373687, -1.0805489135198916, 0.6320511799780725, -0.8601425539286573, 0.22290328121712327, -0.7594905380295798, 0.45509821394875866, -1.0697241995350395, 0.5809598721688419, -0.9662372494413113, 0.6115515488611233, -0.8056932851904172], "timestamp": 1767299951}