{"label": "Y", "features": [0.0, 0.0, 0.16423266911819395, -0.5121685764149182, 0.4716490663440388, -1.0592752602436322, 0.7545421496286996, -1.3736979566251248, 0.985303169300328, -1.505072219290402, 0.46251166643002795, -1.3055628194447053, 0.9966907582358869, -1.2786666085147402, 0.9181706901412532, -1.0609573367148193, 0.7521211105760777, -1.0042300588126285, 0.4382326825120958, -0.8988615598814654, 1.0291066558689144, -0.8217806861163861, 0.9156247712989692, -0.6294234594994788, 0.7272226143103003, -0.5794013213761275, 0.43655929333062443, -0.433585887440251, 0.9964833491939266, -0.3224645928653232, 0.8855862952847832, -0.17031612472675947, 0.7079898598059291, -0.13911391386108518, 0.44175193977293403, 0.04166351753530517, 0.8817512188457417, 0.09813741615412364, 0.8065267103017689, 0.19944279729121014, 0.6699024288850186, 0.21234849010457368], "timestamp": 1767299987}