{"label": "Y", "features": [0.0, 0.0, 0.26089818402727166, -0.31710459919180234, 0.38939895602327773, -0.6472704448185364, 0.5033095992397162, -0.8992372642484959, 0.5992031967155246, -1.1008998346528096, 0.16321389617362284, -1.1128060629704992, 0.4768529992678613, -1.1968308332762188, 0.527213350014908, -0.9631092949364207, 0.4882195614203683, -0.8278508423623182, 0.11843426784415301, -0.992961889660692, 0.4681628278979895, -1.0420966902050608, 0.496477263615031, -0.7863832770760821, 0.4444798027930866, -0.6632716570526591, 0.11153684833269815, -0.798871726407996, 0.43768310133265076, -0.8195410141587948, 0.4637830651647861, -0.5864208391528591, 0.4196447045431936, -0.46383018472081844, 0.13344861987662401, -0.562522389327721, 0.3927977484993334, -0.592457737772274, 0.5100783234637578, -0.49491436684088425, 0.5783274664098592, -0.429742425400918], "timestamp": 1767299885}