{"label": "Y", "features": [0.0, 0.0, 0.0991461759254178, -0.4762674024704903, 0.31102149869902274, -0.8899646070355155, 0.5403375936699762, -1.0619209794636866, 0.7093596688111984, -1.0751516805611288, 0.2969645137795676, -1.2377521447989863, 0.7285391930156065, -1.3348206119237056, 0.7071144960855805, -1.0742838811008253, 0.5945209319548489, -0.9911009060268414, 0.28806825552543414, -0.9576098727576772, 0.7493236382243145, -0.9986945892331717, 0.6942152194085852, -0.7810282728466932, 0.5743063195366875, -0.7215649161257142, 0.3109803334036712, -0.6272487431310494, 0.7309005044255564, -0.6221775290866836, 0.6638040509175916, -0.4741194499104898, 0.5440256537905316, -0.45401817343314715, 0.3479504472301809, -0.2795887301974336, 0.7073987993807103, -0.32856422069166735, 0.7468535453317549, -0.2948370562815081, 0.7287828565297935, -0.32462181159728054], "timestamp": 1767299838}