{"label": "Y", "features": [0.0, 0.0, 0.13184228642340826, -0.4508873895547328, 0.3801640959212343, -0.8729644971246322, 0.6470670735371925, -1.0587769270333636, 0.8584380622918989, -1.1248064485375728, 0.4013850897029239, -1.188238634658706, 0.8757112036258761, -1.2305795440218212, 0.9034927341502462, -0.9311544682891185, 0.8200592311972739, -0.797578503549333, 0.3901217961020418, -0.9207632549382906, 0.8957230026414463, -0.8985866978004029, 0.9077926756622111, -0.6184125268535065, 0.8215986147509218, -0.5027607219301381, 0.39823369603692005, -0.5718824876350117, 0.8754291205743989, -0.5217918752212968, 0.8867661638251032, -0.29787970235978, 0.8065581785516616, -0.21092998831059226, 0.4223258722516599, -0.1969542424874446, 0.8351503936785183, -0.1928830371990397, 0.910393193136777, -0.07494911113193657, 0.8994499805033971, -0.028806912711491214], "timestamp": 1767299884}