{"label": "Y", "features": [0.0, 0.0, 0.2753743679476331, -0.24236332693007728, 0.4029571166736939, -0.5293824049019766, 0.48120147541272457, -0.7639451636721097, 0.5289975543770807, -0.9343341701389438, 0.21786277675274388, -1.0900950750597191, 0.5440653396482944, -1.0896089940112679, 0.5590062958727547, -0.8425396113051027, 0.5002537580873851, -0.7329084087561926, 0.15927052062967026, -0.9872349727889645, 0.521289199079111, -0.928424401987936, 0.5117917106342238, -0.6647476864648193, 0.4493252052928396, -0.5780553787320156, 0.1395563125057274, -0.8028278659481856, 0.47872612730871783, -0.6994028508132226, 0.4698931823438945, -0.48513710290824824, 0.4110703940658852, -0.4153921811016955, 0.14759832128219721, -0.5749672659789591, 0.4274818109126799, -0.4768574351152706, 0.5109820118919354, -0.35215015686433837, 0.5516619922995825, -0.3075098231148969], "timestamp": 1767299840}