{"label": "Y", "features": [0.0, 0.0, -0.28728366925801435, -0.16174799091770986, -0.4758288261790713, -0.5210382511036276, -0.5816286007750241, -0.7845019784948819, -0.6866356730846263, -0.8913614893903548, -0.20532981716068074, -0.997821718996202, -0.23740163746073562, -1.3618842110341518, -0.250309909289728, -1.1117016654434628, -0.23510283989893807, -0.8511909396448066, -0.06117833239242053, -0.998126844913225, -0.09239689404615219, -1.2596037376680889, -0.10847519364816043, -0.8602712681511456, -0.096574501511873, -0.5931499366175479, 0.08533836659051038, -0.9964689680516533, 0.05867442457910297, -1.2442038646408702, 0.02287194181854421, -0.849192970451905, 0.022049938067690702, -0.5788336317476448, 0.23481959240874378, -0.9914947514376482, 0.29026147942389147, -1.4246325158946356, 0.31136673827601, -1.7100533933826547, 0.3359616062073223, -1.9998392123661166], "timestamp": 1767299746}