{"label": "Y", "features": [0.0, 0.0, 0.07296249672697586, -0.48913317708161236, 0.23879338430335284, -0.9856468614112798, 0.3607425508132535, -1.3246619639490702, 0.4291879891942556, -1.5876281453148924, 0.356164253887022, -1.2475224927177166, 0.8342817009303177, -1.3367187498517692, 0.8033951421484083, -1.1008445163919924, 0.6560776001570878, -0.9930719973233034, 0.38896212748070313, -0.9212537392740211, 0.9162511344862225, -0.9688970191607155, 0.820519965842469, -0.7413753924942365, 0.6387712418223725, -0.6647671030302695, 0.4339729873009737, -0.5394702833919206, 0.9339271054026033, -0.5457169541320793, 0.8252942262255255, -0.3656020418778742, 0.6577546983714901, -0.31768058783757047, 0.4746402701231789, -0.132245133509023, 0.8902933586419379, -0.13534430900086372, 0.8184693961769604, -0.014354323212425432, 0.6885348865783764, 0.017719257364891702], "timestamp": 1767299990}