{"label": "Y", "features": [0.0, 0.0, 0.1854641536737579, -0.3568463911099973, 0.45428906205517966, -0.7751811702745948, 0.7237750713410205, -1.0707679902928735, 0.928507881445897, -1.1685035202663505, 0.25311659052435376, -1.13093951337742, 0.7315952079223038, -1.168743678011649, 0.926900492314517, -0.7922136912550449, 0.9771895241800291, -0.573051069734391, 0.1686961397655601, -0.9856680932463394, 0.7802821874952204, -0.7997279602634968, 0.8874585852783218, -0.3881596255726853, 0.8635255317496272, -0.22747741634676752, 0.13541127692445595, -0.7470533614613525, 0.7058332864526761, -0.5448485451781669, 0.8201813949047548, -0.22579431081513365, 0.8354140670051622, -0.10849259564830699, 0.15196014689006881, -0.47442362057906917, 0.4997522574498875, -0.34954692986261804, 0.6222647285848442, -0.1885191603254096, 0.7045791293383393, -0.1293616366099012], "timestamp": 1767299755}