{"label": "Y", "features": [0.0, 0.0, 0.22195706100495372, -0.6282841581751916, 0.6105443313991344, -1.207561747294878, 0.9811550791763572, -1.4656993928624278, 1.2759714235712998, -1.5505198281660966, 0.41809138407117635, -1.4350928351140801, 0.9777937235402002, -1.5753586988667316, 1.374260630525759, -1.619717422319095, 1.6660109168036568, -1.5831463125102934, 0.3754078445295591, -0.9268597086622733, 1.022883136667762, -0.9462083346354778, 1.4173997065503476, -0.8876368729144057, 1.676839408155657, -0.8289958217004577, 0.38238144423671566, -0.33955094267395886, 1.0029961077759904, -0.35143609553620836, 1.37367232461559, -0.3264891779913711, 1.6239880196187508, -0.3035228140398347, 0.4250677307319991, 0.2411431588862438, 0.9211405511293295, 0.2450026287871977, 1.2270316970550046, 0.20006063550638642, 1.441638367874927, 0.1584296370445192], "timestamp": 1767299755}