{"label": "Y", "features": [0.0, 0.0, 0.3184747102160169, 0.013113590791873152, 0.6148369993172248, -0.19000536159296177, 0.8005885548931345, -0.3905709666311318, 0.9413269635609067, -0.5194164220646613, 0.6630713680900211, -0.6791235307798935, 0.9194375471912981, -0.9160446078737763, 1.062083463228153, -0.7050315914335403, 1.1558571485378817, -0.48789031341778716, 0.5883509118836419, -0.8086057084501453, 0.8944619654935193, -0.9550681588486422, 0.9539991037328089, -0.5256768908826484, 0.9252539060482301, -0.17244877166119185, 0.4868102410317481, -0.923137070545237, 0.7709141074525756, -1.0529611634977383, 0.8114914734323305, -0.6037224732089034, 0.7640146369626513, -0.2453698037182662, 0.35726632865775687, -1.0407642855681627, 0.5837559503960786, -1.3422074357635971, 0.7061344581717294, -1.143989269091004, 0.7490985827745199, -0.8751397630348002], "timestamp": 1767299954}