{"label": "Y", "features": [0.0, 0.0, 0.16466506582537657, -0.36820055833145865, 0.3313203947271862, -0.7442724323800112, 0.4972038315340938, -1.0059396018712823, 0.6244079648508346, -1.1703335687394039, 0.20368757240893245, -1.1443943419141058, 0.5417514356233781, -1.2101432383811914, 0.5518236592512878, -0.9707307428722475, 0.48998853750973026, -0.8968567493180939, 0.15806911169522972, -0.9874280456634587, 0.5431225162382062, -0.9669246520530854, 0.5288282648311647, -0.7410866260507357, 0.4538180801187595, -0.6780726489131703, 0.14933081458579942, -0.7543830695651627, 0.5171105555463273, -0.6875721326999107, 0.4971495172830758, -0.5124957334011381, 0.4252267435176671, -0.46559466920035264, 0.1627114845474571, -0.48134013442155, 0.4848044390408278, -0.42887634632085264, 0.604219908761589, -0.32408479189592027, 0.6753446566185625, -0.28003514715727335], "timestamp": 1767299946}