{"label": "Y", "features": [0.0, 0.0, 0.33703813718739967, 0.004552885951515813, 0.630609329853886, -0.2092174730584546, 0.8170913532505097, -0.4041191551821479, 0.9756401398121681, -0.5142709936617699, 0.6610118966655312, -0.6870394099313885, 0.9112813689933572, -0.886826308195503, 1.0440147238989523, -0.6592738436503952, 1.1284318609892385, -0.4278015388816751, 0.5850689912098925, -0.8109835157979038, 0.8838197173528408, -0.9476152581289599, 0.9319667591546584, -0.5090805456037923, 0.8979172166572905, -0.14872020590687954, 0.48373086548654043, -0.9221244411817652, 0.7674811929782849, -1.0278645305398142, 0.7952661420505903, -0.5604370389185099, 0.7406631252823077, -0.1978215208615506, 0.35379446618553234, -1.0387113663770207, 0.5833727146964196, -1.3108299490746365, 0.7046150852729494, -1.1070279902723084, 0.7503247881128742, -0.8468160869135495], "timestamp": 1767299955}