{"label": "Y", "features": [0.0, 0.0, -0.297945439652241, -0.14472414271428682, -0.4849672981187291, -0.48435731344594646, -0.5845557624261899, -0.7417208433507794, -0.6907640146750504, -0.8292257543280721, -0.21644216428465488, -0.9975956680107708, -0.2642875133378522, -1.3646699813587373, -0.2740747592469997, -1.1078152368406735, -0.25552740033950394, -0.8418049451062752, -0.06860235851278478, -0.9976440763306553, -0.11784537329564991, -1.2873246420101971, -0.12706566414968984, -0.8638520462513427, -0.10415239273771869, -0.5674614499599993, 0.08118214692456667, -1.0071360912518657, 0.04360852540174714, -1.3076053375074648, 0.0072696148527703975, -0.8842755761739485, 0.012770632734618523, -0.5815711803335613, 0.23552739341308893, -1.0162264964081085, 0.280659486018442, -1.4643628323312987, 0.29734820449580657, -1.76786905322327, 0.32112525564036604, -2.076634848031246], "timestamp": 1767299746}