{"label": "Y", "features": [0.0, 0.0, 0.2524411647294176, -0.24630122785658345, 0.4081383807639458, -0.5205500591481051, 0.532367966876138, -0.7004594046805016, 0.6123279914444727, -0.7793235808737831, 0.2564267848269417, -1.0914321754992935, 0.5994265376115729, -1.0664506809505458, 0.6251860718888953, -0.8186816976278936, 0.5678948727957032, -0.6860490300928327, 0.22581274318983713, -0.9741707213977312, 0.6080997958143015, -0.9343053725805562, 0.6216318198549536, -0.6545366072893056, 0.5533952278884776, -0.5032742019355128, 0.21506118993269321, -0.7646816712523522, 0.5641881041557343, -0.6943524315829102, 0.5784281396177472, -0.4314027622932337, 0.5142271654366036, -0.2885062161089255, 0.2266576567973732, -0.4936304838807832, 0.4866104615253933, -0.5954333468862418, 0.5641729629001204, -0.4884042271513981, 0.5782472331574441, -0.3843554112298831], "timestamp": 1767299901}