{"label": "Y", "features": [0.0, 0.0, 0.07250607530507866, -0.5100094084836759, 0.2305546216783233, -1.003684924489007, 0.3598657611049969, -1.3194348253025787, 0.4780824649800354, -1.4941513950572285, 0.33088085590910316, -1.2563533576812933, 0.7990873636925524, -1.3407623297532294, 0.7646637795322508, -1.1062407922470852, 0.6179682440359189, -1.0123544723834506, 0.3512481266709991, -0.9362824052683247, 0.8706122084634093, -0.9831791076129277, 0.7820556154290432, -0.7612107077651479, 0.6069207620599737, -0.6904658875369124, 0.38785554808935213, -0.5609193189138224, 0.8809036386730535, -0.5605876679531402, 0.7762318840780806, -0.39643928997751754, 0.6068781070510724, -0.36323782142108585, 0.4226268201710468, -0.1563993846918862, 0.8197089112129374, -0.14750135143968446, 0.7437581959448408, -0.03085511240787637, 0.6069849099028175, -0.007307563540455535], "timestamp": 1767299989}