{"label": "Y", "features": [0.0, 0.0, 0.1273576937460028, -0.4802577384371506, 0.40350339154802706, -0.9837667886608921, 0.6741545553944389, -1.2971569102828537, 0.8535016956438811, -1.5561383797133883, 0.3706984620590424, -1.2408516885663767, 0.8218032126152548, -1.2832493049528864, 0.7821980155439069, -1.0241698198222862, 0.6569980380483039, -0.9330789632373476, 0.3662246965042903, -0.9305264424887806, 0.8549191534602175, -0.9360951736439183, 0.7800363581027702, -0.7063480862508452, 0.6373544579910585, -0.6432379703367921, 0.38468112136913024, -0.57228899740314, 0.8372850666104401, -0.5160019394352766, 0.755899477893207, -0.3478618320804222, 0.6241041747335603, -0.33010282661989665, 0.4186096329303728, -0.19756229569873554, 0.8043733822593209, -0.19655369358232408, 0.7579996184876242, -0.1285321685856026, 0.6536523098249036, -0.15228109854175842], "timestamp": 1767299837}