{"label": "Y", "features": [0.0, 0.0, -0.24934626942497462, -0.355368352661446, -0.37091553968784036, -0.734977703174677, -0.4435760073992354, -1.0287815467270374, -0.5214743737997554, -1.2463101472140667, -0.16767936166838907, -0.9972044663625902, -0.19721092943654786, -1.2688690639375808, -0.2233229452059611, -1.1454162026254209, -0.23072138365539846, -1.0091655923492586, -0.05719721483422958, -0.9983628935476964, -0.07249429848478404, -1.2643544601336123, -0.10755600529970674, -1.028317020484139, -0.1182503033174471, -0.8479442328631374, 0.06320649214177368, -0.9801519016799857, 0.050742440888470686, -1.2425927479205878, 0.0062743325156352815, -0.9978315937812213, -0.013119553171774639, -0.8043344955872741, 0.1812743151428811, -0.939398643992859, 0.19882674676279602, -1.3188362183423847, 0.1890710160331939, -1.5360649326484648, 0.1860996791876179, -1.7404106045838363], "timestamp": 1767299745}