{"label": "Y", "features": [0.0, 0.0, 0.24037143511675862, 0.14711439238674387, 0.484819815457289, -0.07812348775033431, 0.6216910369324945, -0.26377076046074777, 0.7290888286835561, -0.3605314921437698, 0.6939459611589328, -0.6292634597392358, 0.9488776949846075, -0.877629176798428, 1.1410897014349348, -0.9719778185328439, 1.3032763201313893, -1.0476204461105054, 0.6603773672337456, -0.7509338956425763, 0.9432185213966755, -1.0022567323366343, 1.151997736714222, -1.0983846753161177, 1.3389059679360662, -1.1824413911293958, 0.5957220659772988, -0.8393729170029071, 0.8720061845597252, -1.0884371137259403, 1.0782288411370629, -1.1986585903487532, 1.2563847783198583, -1.2904565752651749, 0.497748617581818, -0.9047359357144875, 0.7211255959840779, -1.1434743346149772, 0.8930911865796208, -1.2436897436360932, 1.0446802624263427, -1.3148723142566565], "timestamp": 1767299771}