{"label": "Y", "features": [0.0, 0.0, 0.23624334068454528, -0.06359061254737224, 0.45234010641112143, -0.33293755897396704, 0.5897483307459985, -0.5733033693479157, 0.6966446484349434, -0.7782030185149272, 0.5042108684901861, -0.8198733086350315, 0.6758827382002133, -1.173437374788911, 0.7860568839265145, -1.044636195358044, 0.8219875166700494, -0.8859747364825544, 0.42420914530843556, -0.9055642385359075, 0.6268622755226807, -1.2772859845360671, 0.73199037904024, -1.0515127827117234, 0.7408257538551983, -0.8113591905871523, 0.324216430486511, -0.9614359004943411, 0.5079956442628271, -1.3142240029879202, 0.6241333831871267, -1.09098505160783, 0.6500917111385933, -0.8454687173410136, 0.19789563321727185, -0.9864434776690719, 0.34140057538817714, -1.2874695311131752, 0.46387394042311103, -1.1952001609697087, 0.529196800705433, -1.0210239857217818], "timestamp": 1767299951}