{"label": "Y", "features": [0.0, 0.0, 0.21588467264896244, -0.24868277092795749, 0.3847104920695317, -0.6575569280393544, 0.5295635424025551, -0.984734752999407, 0.6535027001972796, -1.1744535426319307, 0.16949922638941728, -0.9942224603365151, 0.16208315373754434, -1.2553596920394823, 0.15491458085312373, -0.9466068137256423, 0.15378607273914383, -0.6821414724367497, 0.021882158338882282, -0.9997605514632696, 0.010083912543631442, -1.2584036472397087, 0.026463174676818878, -0.8973037571668179, 0.04319681884924836, -0.615473533766489, -0.11531023896918945, -0.9747140940005373, -0.14760344421012478, -1.3253943411768305, -0.11617502845808582, -1.057982357833499, -0.08473663810860367, -0.8068826527413379, -0.24002336065007562, -0.9180733018721988, -0.2816312180171939, -1.2510325008234742, -0.30082120817787084, -1.455883809003074, -0.3145342523050629, -1.6521589096444398], "timestamp": 1767299738}