{"label": "Y", "features": [0.0, 0.0, 0.2675324575243764, -0.9032528732322066, 0.8050404181418896, -1.6970365669159668, 1.3728853902708593, -2.0719694552566508, 1.8259628593870416, -2.2518203497697153, 0.5006896706057039, -1.6350942340040961, 1.3220726979249544, -1.871619486356849, 1.7946148670618047, -1.7227985583095269, 2.046877025265088, -1.5416755603584846, 0.4752482341043181, -0.879851733845311, 1.455356513703456, -1.1296986658393124, 1.860102271532692, -1.007650077741161, 1.990683815892746, -0.8795229595969272, 0.49807338629837183, -0.051544215048559244, 1.4751278589365593, -0.19029706399729357, 1.8676849437651313, -0.08638922731189515, 2.011009019282742, 0.027155488400171967, 0.5513866597065046, 0.7477085118054335, 1.2676997598239534, 0.7903075382652702, 1.625668529206197, 0.8932518134996357, 1.8066612819742256, 0.9755225110923523], "timestamp": 1767299756}