{"label": "Y", "features": [0.0, 0.0, 0.18654574061675872, -0.7318718740301389, 0.6949980269543524, -1.3415399113578639, 1.20393308496725, -1.5985372868442074, 1.5952062775045799, -1.7456378547159987, 0.668965226878412, -1.37805772872561, 1.5277058101393994, -1.2081820134031198, 1.440882953765034, -0.9358619181411764, 1.160343065826196, -0.9041426284673432, 0.6506076130867005, -0.7594140557162182, 1.614424200407414, -0.5320166905844338, 1.4628653878204843, -0.33993655073049855, 1.145397499419847, -0.34631436014982914, 0.6329950884358717, -0.10148728605332953, 1.4975250911348326, 0.12407270461970037, 1.3388840910438407, 0.30396871668736297, 1.0800762257584653, 0.34514602965159935, 0.6024833040501497, 0.5173499565060647, 1.229379799461238, 0.6677135539350423, 1.1726520152468949, 0.8098058937670847, 1.0309679381760681, 0.8727651580385543], "timestamp": 1767299897}