{"label": "Y", "features": [0.0, 0.0, 0.17466094051766623, -0.4181227055296339, 0.361097627365765, -0.8058695256596493, 0.5508223462398154, -1.0602250696335915, 0.6913792668139908, -1.2246423717126624, 0.20518726503789905, -1.1908651843634774, 0.5718719674336796, -1.2637071977591385, 0.6351347417871114, -1.0206091141143643, 0.5910137834643109, -0.9013642420818341, 0.15897201471864386, -0.9872830839149663, 0.5652943012612162, -1.0000109704943991, 0.6121012147033987, -0.7671405040826169, 0.5610272133608509, -0.6579720091021845, 0.15225560490565634, -0.7237762273004571, 0.5439354707992096, -0.6925822991427375, 0.5819999327678197, -0.492892710807588, 0.5380451143471248, -0.4104052907905563, 0.1726813603533307, -0.4354977030063405, 0.4982745541938262, -0.4190285444944407, 0.6080077966717726, -0.33216220856193324, 0.6553001526437332, -0.29347452169535726], "timestamp": 1767299885}