{"label": "Y", "features": [0.0, 0.0, 0.27711357346541005, -0.2419619810501506, 0.39775735001289575, -0.5065319479441291, 0.48028994783705053, -0.717822943484395, 0.5313311968132044, -0.9047061764696595, 0.21544541035643716, -1.0480549035752573, 0.4937786464582098, -1.0457938817627552, 0.4990836627113615, -0.8123435888982842, 0.4424864053655133, -0.6938778212064673, 0.1509697350956083, -0.9885383805003709, 0.47858504307654365, -0.9577677794422863, 0.4595789824538291, -0.6954741812940058, 0.39067055481568236, -0.59817322965529, 0.11979578872961655, -0.8372033883946965, 0.42561314990432647, -0.7641893770914568, 0.3969604256272971, -0.5449589944561497, 0.32132418151115005, -0.4750659912946889, 0.11518640710296953, -0.6260385167417873, 0.3744311276954925, -0.5307628022146524, 0.4584494481705997, -0.39785222196356224, 0.5016100469505808, -0.344872934359896], "timestamp": 1767299841}