{"label": "Y", "features": [0.0, 0.0, 0.2369956850302812, -0.28304614717121496, 0.3028190160743099, -0.5958037861816794, 0.3636529897422666, -0.8294125768086066, 0.39973959875250076, -1.052787585785112, -0.006946771167938413, -1.0050555138967912, 0.1606715815784867, -1.4565882090020659, 0.3299870969319499, -1.53602599495601, 0.4485548409107446, -1.4946332686614765, -0.023610450617227333, -0.9997212286555682, 0.17161163586662018, -1.526726421741964, 0.35870579789680423, -1.5804746853624325, 0.4760853033982551, -1.5294754760900713, 0.026623212341196544, -0.9598571756551859, 0.2119350166553649, -1.4969406217954926, 0.40086873636317044, -1.555932272833001, 0.5203960917824378, -1.4790748791047255, 0.1330434816942776, -0.8924732015499454, 0.27840672913729264, -1.3151145589482385, 0.4127537132798839, -1.421866622640543, 0.5119477784199619, -1.4152051600424265], "timestamp": 1767299930}