{"label": "Y", "features": [0.0, 0.0, 0.22014386730819446, -0.21190574099443885, 0.385984544152856, -0.6049125970813595, 0.5123676958197175, -0.921742131102849, 0.6175752382530848, -1.096204935312851, 0.1855951096852174, -0.9727525651852046, 0.2124487842360938, -1.225524051156486, 0.18534035065774251, -0.9067963761292713, 0.17039945440687582, -0.6538046280617624, 0.04092259203256015, -0.9991623144377284, 0.06022208646995205, -1.2515211328934306, 0.06415489858957868, -0.8782125104210432, 0.07503714180260641, -0.6014700300832627, -0.10473527458586773, -0.991880384753478, -0.11559354810018835, -1.3634913695106767, -0.08138036625911081, -1.0959639426663903, -0.051942661013153764, -0.8485010971290388, -0.2479227236419382, -0.9435837092625841, -0.2948902955352653, -1.303590120697068, -0.30738061400817746, -1.5288693339958368, -0.31116669270193487, -1.7489310888902172], "timestamp": 1767299739}