{"label": "Y", "features": [0.0, 0.0, 0.32339461016852555, 0.01379816497471965, 0.618952328402352, -0.19715875981518086, 0.8033043877025668, -0.4054452189075129, 0.948050230685136, -0.5381986295460428, 0.6650518211454721, -0.6814521534623237, 0.9233338147232706, -0.9081901721464513, 1.0609367880331022, -0.6887206162220028, 1.145149039721656, -0.4626989713993429, 0.5882949041057781, -0.8086464574036277, 0.8941036363376662, -0.9568990415025549, 0.9461075219082746, -0.5201625516164863, 0.9100319511313898, -0.16237137190889056, 0.4855967539300567, -0.92161269616627, 0.7732684784404654, -1.0353552595690407, 0.8078881559406282, -0.5779315772565541, 0.7543902438448457, -0.22035515793327548, 0.35498392758150016, -1.0394554375070806, 0.5848310391792219, -1.3335602979466488, 0.7040556839116984, -1.1329262901456723, 0.7429195350492799, -0.8666700841353506], "timestamp": 1767299954}