{"label": "Y", "features": [0.0, 0.0, 0.21788372998933647, -0.19997281277414494, 0.40714379701706827, -0.5833334824811036, 0.5607717628453913, -0.8880864720608295, 0.6783495796951431, -1.0677842180736195, 0.2064751843835579, -0.9720905260373414, 0.22299884436593878, -1.2457576631387164, 0.19429735069514922, -0.9270596151197547, 0.17563468235969756, -0.6565885476556377, 0.06311669670041035, -0.9980061479716414, 0.07311543755033115, -1.2757902957627325, 0.06482212453621936, -0.9014048763780443, 0.06417592922755762, -0.6078728704160827, -0.07424582003909379, -0.992483842030677, -0.0875144527869157, -1.3717518857765483, -0.0717351951024685, -1.1115327594952369, -0.05558265064757441, -0.8635113421263534, -0.2052526075783359, -0.9543574837261883, -0.23463286520218862, -1.3035043749427473, -0.24620124769356794, -1.5199281945694545, -0.2528586126465937, -1.727196049652136], "timestamp": 1767299740}