{"label": "Y", "features": [0.0, 0.0, 0.10936107095496952, -0.3741625931382841, 0.24236319109318022, -0.7223319612447857, 0.390925116430753, -0.9209251216182198, 0.4947536530110349, -0.970256964325175, 0.21875406696614608, -1.1368070236496037, 0.5853298651618063, -1.1936582293511941, 0.6172689372471714, -0.9287129665489573, 0.5484966040939128, -0.8081904287480655, 0.18038014940529565, -0.9835969658602688, 0.5857341453857744, -0.9802764485507747, 0.5826733890214184, -0.7223546981140844, 0.49929713357123057, -0.6310490373619777, 0.17565150351909922, -0.7538655072503307, 0.5485651261657717, -0.6861940434742794, 0.5260269708754973, -0.49213361815431744, 0.4414057939652168, -0.4418265817792236, 0.19183937579984156, -0.48540007873831953, 0.5025874388763142, -0.4264321639442121, 0.5940544379612525, -0.28507393287477883, 0.6324739849926817, -0.22337074155764564], "timestamp": 1767299839}