{"label": "Y", "features": [0.0, 0.0, 0.26727463237979704, -0.24285668602781027, 0.3872128982001942, -0.5031150073411281, 0.4578406389121754, -0.7082411575876147, 0.5351850310288241, -0.8551434492459541, 0.22350596126389802, -1.0669717269263026, 0.5053804727496303, -1.0949764089743315, 0.5865434360208419, -0.9065561136006045, 0.5992838358078717, -0.7513926969628646, 0.16784804985761947, -0.9858128742128661, 0.5023397561447265, -0.9826140381522099, 0.5808631932498934, -0.7562724771163903, 0.6020359912569568, -0.5720287824794458, 0.14476850111723596, -0.8190261703728018, 0.4648736662469404, -0.6834196914806965, 0.5702028727157045, -0.45787503057889456, 0.6213604084511077, -0.29303426478960726, 0.14950715212047996, -0.604971614601408, 0.4068162852486884, -0.4915544746541716, 0.5105582683418575, -0.35614585060964565, 0.5772701546985961, -0.2508511728261932], "timestamp": 1767299788}