{"label": "A", "features": [0.0, 0.0, -0.2280883190441046, -0.2565905199162612, -0.3658267826854783, -0.7130012935147131, -0.4161824168699143, -1.074243577199299, -0.4866663718319894, -1.3513845951219592, -0.19757265754247874, -1.0273211448087904, -0.2716487855006257, -1.2479854825230867, -0.2759886731295194, -0.9320869188624069, -0.2643455384775534, -0.6652604344245306, -0.0632511581093107, -0.9979976363749773, -0.1552907700132559, -1.2124950961701644, -0.16698890293944002, -0.8381993649447345, -0.16089457036298974, -0.5426121877458766, 0.07331217573960352, -0.9279756669163339, -0.023742493083398222, -1.1068926479474985, -0.0505489138338309, -0.7143686553703918, -0.05689492898896484, -0.4196813546963593, 0.2137657208515428, -0.8197718003231532, 0.09511663439817442, -0.9399762903507175, 0.05112011019606717, -0.6547408359458766, 0.0419285890915077, -0.4353922664681116], "timestamp": 1767299622}