{"label": "A", "features": [0.0, 0.0, 0.16333807370542047, -0.3548639221187059, 0.18068650384185245, -0.7294883334726388, 0.16121709616273916, -0.9744020897987877, 0.12821622211745254, -1.1691006047419328, -0.0786836909457123, -1.049510466699322, 0.14758799045229637, -1.2412677111761428, 0.2252143299410215, -0.9747450518215274, 0.20208880324216244, -0.8262682066489847, -0.15936087734354717, -0.98722039104851, 0.12625869100060164, -1.1203358738683118, 0.1886167162891185, -0.815572566378914, 0.1367278324783232, -0.7171417006540114, -0.20298332043221745, -0.8541673484363289, 0.08583401295661902, -0.9729723926919454, 0.13940342598281108, -0.7017664116863355, 0.087249936488251, -0.60330524409597, -0.21805130563297628, -0.6799815129746246, 0.0022411137264611537, -0.8013337504058228, 0.06901433506854292, -0.6434980669572437, 0.050953505014282696, -0.5636361231721415], "timestamp": 1767299631}