{"label": "A", "features": [0.0, 0.0, -0.21799437406532243, -0.26617746270344944, -0.3483188107449087, -0.7345097654326483, -0.39343752229121864, -1.089808631640587, -0.45882448211867893, -1.364772282081956, -0.1647127031710663, -1.030187815728746, -0.23316122121193505, -1.2298687055584425, -0.24171984858377873, -0.9199427624769343, -0.23543938748942744, -0.6559786318475795, -0.02865338650002868, -0.9995894031267865, -0.11234563018956269, -1.178074889940578, -0.13217362091562512, -0.8045665817364577, -0.13420116327642598, -0.5131568258743208, 0.10256873482185863, -0.9206659329195759, 0.011446952693960283, -1.0842751733245137, -0.02496065578476826, -0.704453090008486, -0.038854394937389646, -0.4200884800744503, 0.23137763996431449, -0.801293351380731, 0.12144753230924482, -0.9120258143355564, 0.07349021020547901, -0.6354943549756613, 0.06282152421396466, -0.4266674860184393], "timestamp": 1767299626}