{"label": "A", "features": [0.0, 0.0, 0.2629770059733875, -0.4048913538934355, 0.46106427317231186, -0.7631823648696155, 0.5868369477768091, -1.1025519532362023, 0.6600564140030324, -1.3225892217688358, 0.33706456235043986, -1.0041972525979164, 0.31938122843552313, -1.3979683110746763, 0.2667029562219604, -1.1985352012191826, 0.2377563040614304, -0.9472049271871384, 0.17807467344510589, -0.9840169694455704, 0.16080461275752797, -1.3906957841406007, 0.10910997409971508, -1.1485577020022917, 0.10295739597438584, -0.8720666614949253, 0.03521131171610086, -0.937286802477842, 0.010791624195561657, -1.2547321379473964, -0.01462943950095869, -1.0278801886320217, 0.0023798912185861183, -0.7707359608729651, -0.09952939192164834, -0.8478492831197063, -0.11664593566954203, -1.1117106072502319, -0.12372513295512175, -0.9946413369894395, -0.09925351581439337, -0.8173410640054045], "timestamp": 1767299631}