{"label": "A", "features": [0.0, 0.0, -0.2290763400729543, -0.2658699984449954, -0.36220326876352754, -0.7162522430169102, -0.40612301863160477, -1.076197269394877, -0.4686563604228753, -1.3578929290313362, -0.19470154778446427, -1.0314685889951447, -0.25669912500414876, -1.2640754802193197, -0.262578005187336, -0.9582247110790022, -0.25474390133831637, -0.6890471325372332, -0.05531637109768727, -0.9984688729369827, -0.13369518785895665, -1.215466205247582, -0.1507183938250751, -0.8466498897602176, -0.15319590869308972, -0.5473458572315733, 0.08501960277505524, -0.9251901227706186, -0.007548521254402005, -1.103391548342288, -0.03907329963841968, -0.7177979819263528, -0.05294083114319937, -0.4239076020608943, 0.228943455664913, -0.8103127408456225, 0.11441902318155343, -0.9384753933701836, 0.0694118931474762, -0.6612967468722735, 0.05644919086246086, -0.44246703632275863], "timestamp": 1767299622}