{"label": "A", "features": [0.0, 0.0, -0.22242080731193944, -0.26626941028508205, -0.3581584556325016, -0.7328938942068632, -0.4073151974795616, -1.0856915432112655, -0.4742209724859353, -1.3553347727544804, -0.18988035653547045, -1.0232234760974999, -0.24962922603820367, -1.2413625234523846, -0.25544554451100826, -0.9302266095011411, -0.24767974838584972, -0.6658314005173139, -0.05309217920588415, -0.9985896113451732, -0.12928957371344832, -1.194920611646498, -0.1457643041374332, -0.8209363950878827, -0.14531238911496475, -0.5314600308149936, 0.08080697911991717, -0.9276106920714801, -0.003375103837503146, -1.0982914684227039, -0.03627960440751269, -0.7186137391790839, -0.048364670207338416, -0.43851223515058, 0.21432924185847507, -0.8176093345188284, 0.10834553474434624, -0.9306764691966171, 0.06338320145716116, -0.6526079404795362, 0.05409312345121507, -0.44685711965586583], "timestamp": 1767299625}