{"label": "A", "features": [0.0, 0.0, 0.1923609449687336, -0.3919303851621703, 0.21388125896220841, -0.8780928315474208, 0.18652109329269134, -1.2297442276520565, 0.22324700887778048, -1.460128617346326, 0.013557970749189512, -1.0798611715938569, 0.010839035757213355, -1.4094655129890878, 0.09746767856555645, -1.0708711104502162, 0.08146305454120148, -0.9509976288082581, -0.12481716825071379, -0.9921797532038595, -0.10043842561838086, -1.2706694225728192, 0.0014575806745666566, -0.8693515826012544, -0.053661908955735006, -0.7918157021414671, -0.2659238593150184, -0.878926440640236, -0.22927991058505467, -1.1885670442078944, -0.11749864862521256, -0.7945995753523586, -0.16387485999000678, -0.6681616867983086, -0.421389925805697, -0.7426571174974683, -0.4211396136765357, -1.0769177762364996, -0.2934138131910904, -0.8585806613888817, -0.2640740023886888, -0.7117553484213468], "timestamp": 1767299639}