{"label": "A", "features": [0.0, 0.0, 0.1639828086727127, -0.37635793255884864, 0.18643845135658219, -0.8138632983805562, 0.10402130926141305, -1.03272250820239, 0.040594890555781055, -1.1636549317600768, -0.048100681355277175, -1.0809140990974389, 0.005859719874120122, -1.3152423972979834, 0.08696303006720148, -1.0171288096407736, 0.0646015847907264, -0.891029551488665, -0.17839747790477792, -0.9839584995542044, -0.09798223620846688, -1.1889780881912082, 0.00758732991654261, -0.8280603107759893, -0.03475925431199825, -0.7332638539006754, -0.29919217263088327, -0.8403164949136585, -0.2171539572792467, -1.0398154250251477, -0.10514312969432685, -0.702360528540056, -0.14968058451334867, -0.5855961841427214, -0.4259479357505828, -0.6504266867166881, -0.37018455011350937, -0.8784271548903104, -0.2586847393538698, -0.6877850825812338, -0.26686215931202206, -0.5826867500832682], "timestamp": 1767299633}