{"label": "A", "features": [0.0, 0.0, 0.1819654927264615, -0.40880449724961304, 0.1896835985908946, -0.9128152730551221, 0.15227746248789006, -1.2841398178367762, 0.16986311558961992, -1.5398716171513482, -0.031355210538259355, -1.0867178620984266, -0.04013409789431698, -1.4161611755686905, 0.061351481084645, -1.0837901051815428, 0.04856275202235478, -0.9591537153249564, -0.16562744139393074, -0.9861883891481966, -0.14572034251548868, -1.2703070518502086, -0.0265490813701734, -0.8785416860644091, -0.08061597431568145, -0.7970978638458012, -0.30295822966115554, -0.8577913974019633, -0.2726341688670687, -1.1749285935546803, -0.1441381124030226, -0.7950737875583113, -0.18692056964283424, -0.6671803601829781, -0.45480506746418115, -0.7027675628654682, -0.46803502902625205, -1.043582453925947, -0.3282964421088233, -0.8423937595455199, -0.28961289715338395, -0.6950201759251505], "timestamp": 1767299636}