{"label": "A", "features": [0.0, 0.0, 0.24218808765015934, -0.2784225778946323, 0.3821737014271253, -0.7158378709840083, 0.4398333848907651, -1.0817817626532937, 0.5101462738064103, -1.3399927668922489, 0.19781790653081108, -1.0142599235702223, 0.20417016638956723, -1.2928693151387003, 0.2132498166442682, -0.9934932634250613, 0.21508686734941707, -0.7734648323073249, 0.026686913383149186, -0.999643835909825, 0.027604769419217003, -1.2510060961791192, 0.0519495956087279, -0.8998814669142382, 0.056657121705235174, -0.6935784862921002, -0.13971855649082762, -0.9430446472666622, -0.1489908211624315, -1.1902630946750181, -0.11137211001378335, -0.8620850150488341, -0.1017046511292752, -0.6637736735156482, -0.297248592013121, -0.8498180795896448, -0.2944981473819484, -1.0530877178038154, -0.25568939148454334, -0.8151195219908458, -0.24116336407853572, -0.6487342803490689], "timestamp": 1767299630}