{"label": "A", "features": [0.0, 0.0, 0.20659224128288353, -0.326527021374478, 0.2607430994112274, -0.8105129288932029, 0.27124575649726634, -1.1691542273928168, 0.36991467142301293, -1.3157736982607022, 0.004831395137014548, -1.11103283319963, -0.07276402487251593, -1.439251936586458, 0.018406331239639074, -1.0937112196720362, 0.04990927493965005, -0.970987291467716, -0.14873836610259572, -0.9888765780474095, -0.21623597975777442, -1.289831145623064, -0.08377411251615757, -0.8714779805133168, -0.06545113289774822, -0.8490374308061597, -0.2926065278477102, -0.8551146019201568, -0.3550950177766914, -1.1522270566696036, -0.2215987084040882, -0.7877597885557409, -0.1914223344218496, -0.7205224612860107, -0.4344948019296041, -0.7098605099905105, -0.5465430192057132, -0.9698357160531391, -0.4266604551562014, -0.8020768627970181, -0.3396319248955859, -0.7155471192221741], "timestamp": 1767299634}