{"label": "A", "features": [0.0, 0.0, 0.1886999662268009, -0.4107241159401349, 0.20506468661075078, -0.907793047054054, 0.18063791793637746, -1.263975413505277, 0.21210315417583356, -1.4951934640927984, -0.012616283133331413, -1.0872881347202858, -0.021328405222939866, -1.426941292551295, 0.0785356963187782, -1.0948542394695089, 0.0650464215289354, -0.9739056321079226, -0.1472132532075626, -0.989104770081404, -0.1301981934352411, -1.2753757408124058, -0.010743348189090982, -0.8809405638082971, -0.06202693806593633, -0.8041417322404668, -0.286438911626692, -0.8618007905427931, -0.2560637419389674, -1.181651618617341, -0.12702998002771926, -0.800925978368535, -0.16458800926833414, -0.6714246909590578, -0.4398933336610206, -0.7095870241290253, -0.45483378776670713, -1.05256181738771, -0.3183899990182559, -0.8555020773922534, -0.278060546614971, -0.7096507655338208], "timestamp": 1767299637}