{"label": "A", "features": [0.0, 0.0, 0.18404462211615122, -0.40801058197981954, 0.20058136202499857, -0.9072307490688744, 0.18414379507918582, -1.2669715288704015, 0.22129813682260255, -1.5061033910191268, -0.02562267137325227, -1.0822720838564828, -0.026924492351668466, -1.4169361710972088, 0.07153887406534204, -1.085503293730107, 0.05226133810184847, -0.9673615672906712, -0.157027286990578, -0.9875942584584273, -0.13054880921468487, -1.265963270412883, -0.013326454827069203, -0.8678066828452258, -0.07203359592969998, -0.7939850722442183, -0.29328267378654604, -0.8622245110642032, -0.256268827074095, -1.1753117969785978, -0.13158775150562457, -0.7890362710533565, -0.17991549249831393, -0.6596753394127501, -0.4435043920274609, -0.7115737466711528, -0.45317718477578073, -1.0517465051635602, -0.3174782391881868, -0.8512701187749654, -0.2823806813962166, -0.7061610832879411], "timestamp": 1767299636}