{"label": "A", "features": [0.0, 0.0, -0.22966736829760812, -0.26314405965016424, -0.36343817988099936, -0.7323170975088432, -0.4059302124501796, -1.0954226299085985, -0.47771383301814363, -1.3663165746229615, -0.18692074538730474, -1.0256524700079939, -0.25256499095760615, -1.2401299705315256, -0.2581980284138879, -0.9270725052516041, -0.24674223846540122, -0.6622871779200877, -0.04926852958802921, -0.9987855642326376, -0.1303458607100688, -1.1970336412947862, -0.14662801151113636, -0.8139550443160565, -0.1434819469099681, -0.5209047613054933, 0.08348056055530137, -0.9266550804791027, -0.006245088144382805, -1.1071785004520536, -0.03926403381762008, -0.7159592157738172, -0.04797231582078809, -0.4294716772825002, 0.215029328318758, -0.8152799479593024, 0.10410005198011234, -0.9392385634817216, 0.0610525730727863, -0.6558004228021515, 0.056376123284013924, -0.445727722881077], "timestamp": 1767299625}