{"label": "A", "features": [0.0, 0.0, -0.2287869610875724, -0.264848131625824, -0.36700464150523754, -0.7250797562479545, -0.4144219931916448, -1.0795560830204574, -0.48028550478171045, -1.354534983410559, -0.19249812114353565, -1.0259474749589186, -0.25797516651624675, -1.2520330709737384, -0.2682345840885879, -0.9373318368955037, -0.2589448406634894, -0.6673242383248763, -0.05774460226663649, -0.9983313839544391, -0.13923075729409287, -1.2085110492575464, -0.15938209867190273, -0.8320014699573586, -0.15857330050888496, -0.5382476404874362, 0.07585341640692819, -0.9274425120558545, -0.016437679118375206, -1.1092131418829632, -0.04928081017896424, -0.7233033631103497, -0.0577630549239547, -0.43897676235737554, 0.21270300121722652, -0.815857473976583, 0.09759454517650526, -0.9420853453793067, 0.0567564754620756, -0.6616171692819114, 0.053145212455927904, -0.4508103735265671], "timestamp": 1767299624}