{"label": "A", "features": [0.0, 0.0, -0.22418539062537798, -0.2691900958574518, -0.3622409399804313, -0.7335434949001151, -0.4124367198110355, -1.0848873830895052, -0.4809806769459719, -1.3547285882391444, -0.1916283782126099, -1.0235984963719553, -0.2566196106359744, -1.2398686784346582, -0.2592163087877811, -0.9266002376732807, -0.24762687294751984, -0.6592891751297332, -0.05482990317642747, -0.9984957050792556, -0.1335444763786332, -1.1924248930291956, -0.14767127790746706, -0.8125578260252693, -0.14504749319635774, -0.5190125279118688, 0.07899343577940651, -0.9268729090369267, -0.008263980259599587, -1.0985173397305603, -0.03845852876672032, -0.7115087078910869, -0.047573542922883634, -0.4263677242111965, 0.21167759144114368, -0.8157808686150442, 0.10332180944328409, -0.9353597729845017, 0.060440432493300625, -0.652332056864675, 0.05435008412592473, -0.44181144845659837], "timestamp": 1767299624}