{"label": "A", "features": [0.0, 0.0, -0.22821972492213374, -0.269614109662371, -0.357759202043708, -0.7305123252031381, -0.3995412154149287, -1.090538481051976, -0.4716629424620293, -1.3585836793770443, -0.17676357881936303, -1.0278973315309812, -0.24808621048013138, -1.2412213380453758, -0.25483887742669564, -0.9420463995097562, -0.24786104384889832, -0.6799096875966639, -0.041370028395777074, -0.9991438895655831, -0.12687686227398995, -1.1950956038387226, -0.1447857714235116, -0.828998240468111, -0.1445831473664066, -0.5328927195545703, 0.09116242888387877, -0.9277808367374127, -0.006933784869731022, -1.11765305196726, -0.037583912382454586, -0.7368758088584343, -0.0429638142976349, -0.4426511677793248, 0.22436779495675924, -0.813940319170669, 0.10479757691077919, -0.9476835977020532, 0.06369728207439637, -0.6749523941688726, 0.06452591600613777, -0.4596358313895964], "timestamp": 1767299623}