{"label": "A", "features": [0.0, 0.0, 0.18791884504310385, -0.34436932891448235, 0.2464506667554575, -0.8630131103811668, 0.23334048172318267, -1.2791860719391872, 0.1740268885337704, -1.5690190152923895, -0.05728045652787432, -1.093943023275709, -0.11288809415412404, -1.4897071915419755, 0.01108684110640129, -1.197356874476765, 0.03425379958243462, -1.0122254813040399, -0.1906189859805494, -0.9816640921924469, -0.21064952341715423, -1.306040498757783, -0.06456185885927011, -0.9128949263123548, -0.08764553332170905, -0.7958591052394417, -0.32951850799808463, -0.8291635585877942, -0.3350932286970537, -1.1488167548524935, -0.1867965243192488, -0.7900801099049312, -0.1986271557316739, -0.639694807203788, -0.4864966098237178, -0.6451245588065665, -0.5385935974747286, -0.9679465745071913, -0.3919445437526818, -0.8127710682109596, -0.32937491171530486, -0.6693007181813969], "timestamp": 1767299635}