{"label": "A", "features": [0.0, 0.0, 0.18529772020169044, -0.3869674522853045, 0.20324317048723298, -0.8657660104860028, 0.17543829383594506, -1.2025567712925467, 0.21144645727135905, -1.4222170954560915, 0.0100646804621045, -1.0791473931863556, 0.008621377387620463, -1.404800474238402, 0.09423226143955375, -1.0684008247598002, 0.07436158415740561, -0.9600245458605715, -0.1253190876109757, -0.9921164822976696, -0.10024793454719247, -1.2672654175265063, 0.004601465330318988, -0.8713918066116397, -0.049543119341116035, -0.8044288920204163, -0.2629005204632, -0.8775896339130405, -0.23202053540434614, -1.1892372969209948, -0.11452191100086795, -0.8053800437349877, -0.15716027548705772, -0.683806843382566, -0.4151196209836537, -0.7409789259752981, -0.4179851550840694, -1.074243513100662, -0.2901968465870827, -0.862937947601632, -0.25993447533621666, -0.7202292180485191], "timestamp": 1767299638}