{"label": "A", "features": [0.0, 0.0, 0.20041027961229932, -0.32607083370526974, 0.2472391389086882, -0.7925584650500563, 0.2505389732771777, -1.1278546685444544, 0.33815105727592465, -1.287732090782285, 0.005896343431777602, -1.105454156443307, -0.06632393570137636, -1.418656144560523, 0.01904106646411272, -1.1040504863963314, 0.04959429617509804, -0.9718733686878243, -0.1471771538106769, -0.9891101423148866, -0.21039998859325731, -1.2842848061877765, -0.08191359738036076, -0.8813312155128276, -0.0652258610693244, -0.8409687762354935, -0.29156134436275766, -0.8577830111649276, -0.34689901093491105, -1.1425088716254324, -0.21661770689339693, -0.7817723319886104, -0.19126433307214444, -0.7005831868483325, -0.43580115291587707, -0.7095434618196956, -0.5383302555589816, -0.969063924666748, -0.4184883749214198, -0.817275751570481, -0.33615539473411854, -0.7335643484617057], "timestamp": 1767299635}