{"label": "A", "features": [0.0, 0.0, 0.17291096641979753, -0.40400502383478354, 0.175759866357668, -0.9121066371927891, 0.13295175815534604, -1.2950540064783551, 0.1423157202369177, -1.5556561484055058, -0.03730809129656168, -1.0710825427289405, -0.0574912373987632, -1.4087349472769908, 0.05146036103076879, -1.0826369877340185, 0.05106445126991219, -0.937390882007061, -0.16370825633808847, -0.9865087912786321, -0.15789226802961243, -1.261484881462189, -0.03221550215164821, -0.8811569116669278, -0.07813123551550072, -0.7943710165767136, -0.29258298631780477, -0.8646964863078221, -0.2737625743338448, -1.1616270878458022, -0.1440458269817118, -0.7951834653521406, -0.1846572634844134, -0.6654636236119504, -0.4373877979257354, -0.7101974726484521, -0.4499352836314595, -1.0311264288525461, -0.32577571340891864, -0.8407187608954217, -0.30514018496381906, -0.6989899429266606], "timestamp": 1767299635}