{"label": "A", "features": [0.0, 0.0, 0.19094935059465556, -0.3880402039709654, 0.20916175914649543, -0.8737299477846142, 0.1773710655929774, -1.2329695868645087, 0.21205106510026503, -1.467550363323163, 0.002252474995971981, -1.0782069062373947, -0.004176080137277191, -1.4084492964075328, 0.08581908471516092, -1.0704391278489886, 0.07216460680534337, -0.9537690030497589, -0.13470356861334673, -0.9908859352678396, -0.11786954292759139, -1.2742822676217351, -0.009279764632949073, -0.8770087235339428, -0.0589682609048151, -0.8042831242933219, -0.2749057844950228, -0.8749444273017941, -0.24725475795640373, -1.1910975084072912, -0.12831656519395498, -0.799271048480227, -0.16874992663341, -0.672156116324754, -0.4306809448363425, -0.7330909516272088, -0.4423398773241465, -1.0689868555812898, -0.3096205137929972, -0.8548535977751038, -0.27266810509865463, -0.7072888434606374], "timestamp": 1767299638}