{"label": "A", "features": [0.0, 0.0, -0.1733531209800738, -0.18056483242753724, -0.28768830788641, -0.616081741747012, -0.3314347166848138, -0.9494754754880755, -0.40245654316063123, -1.1971980833450202, -0.11378162371108455, -1.048024877384225, -0.14981318941535696, -1.1756420294590944, -0.1795123994066247, -0.8839907015717768, -0.19249461649766078, -0.6546630602526808, 0.036869723835662824, -0.999320076611929, -0.004351319248218361, -1.050842888141233, -0.07643504945829735, -0.7294956650123199, -0.1213851859233647, -0.5015467227890109, 0.16781180659954803, -0.8701743514025237, 0.11317407744974337, -0.8832046323638062, 0.022390423731976587, -0.5910788217377015, -0.031072700194712866, -0.3849229380018782, 0.28144616071805495, -0.6952514596848458, 0.20389404062023783, -0.6687616376797355, 0.11437591097373707, -0.4468258881295684, 0.06767937496710598, -0.3001747331336236], "timestamp": 1767299626}