{"label": "A", "features": [0.0, 0.0, 0.1818303174391047, -0.4089345069734561, 0.1999623312547069, -0.8860892050604724, 0.1781316066422131, -1.2221241479914104, 0.20832991233655726, -1.4487655091461336, -0.007727631841556537, -1.0794371847375444, -0.005326264594946284, -1.416849398119707, 0.0862963095017765, -1.0901772952977358, 0.06978490705853453, -0.9637681841663145, -0.140547539069034, -0.9900739251770688, -0.10860659551993139, -1.2665344891368198, -0.0032898197245814736, -0.8717027189124704, -0.05886990077411811, -0.7958511998624994, -0.27830813924904424, -0.8738605672270301, -0.23372379243398614, -1.1845415935110108, -0.12030529485869931, -0.8002704988442894, -0.16572771706271525, -0.6702452739806487, -0.4313168874122839, -0.7316430187566563, -0.4349728755895175, -1.078588428693672, -0.3065124556763088, -0.8751415337731092, -0.2717725575014036, -0.7226548916242733], "timestamp": 1767299638}