{"label": "A", "features": [0.0, 0.0, 0.1902442732550191, -0.37956264094221936, 0.20947898111819527, -0.8713283626320495, 0.17601796912620074, -1.2290174118531731, 0.2135167913586262, -1.4625231302231225, 0.002513828317664609, -1.0784584898317298, 0.0006122069244677863, -1.4131447381949656, 0.08905120238128335, -1.0738911364985249, 0.07471591623503952, -0.947778982907827, -0.13420543728346018, -0.9909535250202073, -0.11297204867769452, -1.2768499195758074, -0.007407686122848313, -0.8725662005220293, -0.06044598397282718, -0.7956591628507454, -0.27496542755497944, -0.8773186643159503, -0.23985484820360678, -1.1927203945584508, -0.12543697731580522, -0.7978253791582103, -0.17109796976740446, -0.6752670638018723, -0.43053248836260216, -0.7366841711649834, -0.43406212799665866, -1.076251648136894, -0.30503466128180007, -0.8593322156377753, -0.273524462728145, -0.7121026324274379], "timestamp": 1767299639}