{"label": "A", "features": [0.0, 0.0, 0.1847291103191506, -0.4067848525430292, 0.18939236249049085, -0.9133255315336548, 0.151984844744706, -1.289723512755417, 0.1734727012547529, -1.5444978397359532, -0.02688868972013885, -1.087897791068347, -0.043611444284901324, -1.420589815607774, 0.06012578241687584, -1.0907852234246918, 0.055520617809577476, -0.9602354759589329, -0.15980482846027258, -0.9871486236007736, -0.14842045205554197, -1.2645573595208517, -0.0299308184312479, -0.8756002355051866, -0.07838239807122613, -0.7912022368919482, -0.2966487347262836, -0.8603982395719574, -0.2747382802691168, -1.1794692981167396, -0.1468657143827872, -0.797598332815865, -0.18272268724239477, -0.6615431071750185, -0.4494409529363119, -0.7061452719882857, -0.46846135454552307, -1.0482825964900881, -0.32941606062690426, -0.8453433405678208, -0.28400259161089836, -0.6930187054108997], "timestamp": 1767299636}