{"label": "A", "features": [0.0, 0.0, -0.23062507631725784, -0.27462870309757065, -0.36564448267789756, -0.7375176527245125, -0.4133712653073822, -1.0899481709189118, -0.48252330584809083, -1.3642244107171033, -0.19159737114588973, -1.026634590522608, -0.25865482510018317, -1.2614970939167778, -0.2646419806990135, -0.9358333310158615, -0.25283734491407484, -0.6665280300865195, -0.056670276601754124, -0.9983929441608892, -0.13789156265141456, -1.219461124975187, -0.1569581487511676, -0.8372060225656068, -0.15758754750005907, -0.5435933419540752, 0.07798565198140073, -0.9265520597150204, -0.012858878689331955, -1.118923329072568, -0.044612570069865305, -0.7270061691190671, -0.054210114242024494, -0.43954481228003506, 0.21425939759868542, -0.8146308006902624, 0.1008102731109934, -0.9531811340321834, 0.058617741230615895, -0.666739927665313, 0.05232270474378612, -0.44865981741137745], "timestamp": 1767299623}