{"label": "A", "features": [0.0, 0.0, 0.2254760331170701, -0.33085955250002064, 0.2586921012127635, -0.8469662833496693, 0.22649886465403235, -1.218662212464817, 0.2534734589700486, -1.4322958409333288, 0.0992885868385722, -1.0851020334982702, 0.011281539427358633, -1.3025394912965, 0.0530441486485559, -1.0625616258212114, 0.10442475856545749, -0.9455523922486252, -0.05176799134384617, -0.9986591330615857, -0.1423227534153891, -1.222249187051716, -0.06212650170110805, -0.9481040497224604, 0.0022234182494775337, -0.8438337180193133, -0.196889320928871, -0.8567635177759912, -0.2947570163502915, -1.1118444946691326, -0.2178309177293291, -0.8900057070111606, -0.16054068750282166, -0.7976282151126668, -0.3400338223924267, -0.6753816109332133, -0.44696588177977914, -0.9185355769713177, -0.4383357201511731, -0.9272275093448479, -0.4256434749082194, -0.9772463700471847], "timestamp": 1767299632}