{"label": "A", "features": [0.0, 0.0, 0.19599638623227117, -0.32038823303960057, 0.2584372938138103, -0.7820455326917005, 0.27993117528150846, -1.1414248197264631, 0.38695725258403413, -1.2997897565178707, -0.004007526193111878, -1.1132123602297181, -0.09921256275065171, -1.4251310389302232, -0.004108605441311965, -1.101069727876643, 0.042771506543852505, -0.972853716179077, -0.1564820254626557, -0.9876808005659291, -0.23174368302028234, -1.2567943683058556, -0.09439001861942124, -0.8572906983719893, -0.06754514361762194, -0.8381778538614535, -0.29861877762154637, -0.8483205357562819, -0.36424456818146017, -1.126652353600042, -0.22963715602138965, -0.7768429660536406, -0.19565546543461385, -0.7067996576833542, -0.43750405863066033, -0.6937207122943205, -0.5556656111105551, -0.9468919546089206, -0.4293549432415607, -0.7938221517670826, -0.33642667241672425, -0.7054856274567531], "timestamp": 1767299634}