{"label": "A", "features": [0.0, 0.0, 0.34338633328350193, -0.1282258388802791, 0.6301756011689812, -0.3890877205606175, 0.7963418205265387, -0.7140441925029483, 0.8871063832805569, -0.9622227920491784, 0.6958365724468132, -0.6999118870075268, 0.860315743699061, -0.9419827970799999, 0.779106537913927, -0.924716711265224, 0.686186260152249, -0.8517141404236341, 0.5354229147364086, -0.8445840901243266, 0.6558817643767606, -1.065136035908008, 0.5267710335070359, -0.9758973772347542, 0.4122108697951777, -0.8132417046362461, 0.37627931632846195, -0.9012838752915499, 0.45076145916161053, -1.0836724355971605, 0.3282441409865469, -0.9303946833401939, 0.23339624465637565, -0.7553958366909779, 0.2114353435166987, -0.8856714886607323, 0.2472541216234247, -1.006444480048776, 0.1748515767942408, -0.8770007691093749, 0.11951476967980573, -0.7277432165927205], "timestamp": 1767299632}