{"label": "A", "features": [0.0, 0.0, 0.1863280622165924, -0.40418350209722687, 0.19777443429194605, -0.9070026169414029, 0.1752599327809745, -1.2731506446566403, 0.2088274269816276, -1.5158030665285132, -0.027425143506610218, -1.0817482523778879, -0.02651834681981702, -1.4258494336281182, 0.06991733351482078, -1.0913688864811715, 0.05033918470683269, -0.9651287773891333, -0.15914739475772202, -0.9872548277572958, -0.13597356475514966, -1.2830842221817247, -0.017854671875325245, -0.8839944111007624, -0.07484971258165875, -0.8001252220407701, -0.29616592300850275, -0.8638790838207066, -0.2613795687426239, -1.1882257555719227, -0.13468412521177872, -0.7944771037024173, -0.1836288812013911, -0.6584688652385529, -0.44785495021908545, -0.7133934279120658, -0.46333139289566266, -1.0595975607954105, -0.32672930116680604, -0.8570179137033593, -0.29369722535148385, -0.708915767253677], "timestamp": 1767299637}