{"label": "A", "features": [0.0, 0.0, 0.19562270195319856, -0.34357364489509096, 0.2285357720503007, -0.8506083147873578, 0.20491467559792564, -1.2248639621249906, 0.23897429794869157, -1.4833567569266712, 0.028877025440600956, -1.072523694633948, 0.020400393289385595, -1.423523168182542, 0.10858325979385253, -1.0914082686889126, 0.09918737007642296, -0.9502283788788797, -0.10932014291474693, -0.9940065868450827, -0.090524627366906, -1.278474924368446, 0.013750285954517607, -0.8705914798316621, -0.03658818886229389, -0.788243726713945, -0.2535112529017445, -0.8856481889209242, -0.22097240230725904, -1.1996026251872667, -0.10853182307559177, -0.8070264699685692, -0.1508621569318332, -0.6798057408946397, -0.4101576078201573, -0.754175241955641, -0.41923462463890954, -1.0910881793813576, -0.28743863423022514, -0.8709053133221314, -0.2496214379696231, -0.7154347044704493], "timestamp": 1767299640}