{"label": "A", "features": [0.0, 0.0, -0.23665871787544707, -0.2641399051966189, -0.3675282512295614, -0.7254503139855045, -0.407576412065846, -1.0822414032386523, -0.47902487072774896, -1.345993752238369, -0.18606768852848304, -1.0294111030465545, -0.25742570023219935, -1.230608171221797, -0.2632436814912823, -0.923690462373876, -0.2551160817529204, -0.666156792695864, -0.04915676219805553, -0.9987910712875719, -0.13791434643065204, -1.188482307183635, -0.15435147055831536, -0.8199869692473087, -0.15181998646365547, -0.526210610751532, 0.08273139459113518, -0.9262075161846086, -0.016848902586872046, -1.1072142979929043, -0.04704117950086929, -0.723681315786213, -0.05258781988539229, -0.4332138729316747, 0.2141392290724629, -0.8121915237229144, 0.09574235702065134, -0.938595914936122, 0.05585267162392452, -0.6618235845794348, 0.05654944819069573, -0.4494546421244713], "timestamp": 1767299623}