{"label": "A", "features": [0.0, 0.0, 0.195920305379336, -0.3298786908294639, 0.26754312357135174, -0.7656238785822761, 0.29715213476724595, -1.0649521442586414, 0.3806396870740142, -1.1673943102487803, 0.015538409533389813, -1.0779779001773937, -0.013680516067523893, -1.3912271608250066, 0.04803039707968675, -1.0756377560067483, 0.07307788178920153, -0.9020334126739694, -0.11347372012432444, -0.9935409918298111, -0.15860340969020026, -1.2714889837286398, -0.06990991392693567, -0.9066028812439588, -0.040962681465328936, -0.7745363739895625, -0.23815815301310495, -0.8820304439540888, -0.286328552403869, -1.1480315104077834, -0.18201611807340234, -0.8250609547220034, -0.14263372654682963, -0.6776503419332321, -0.3609979908085757, -0.7450036437362474, -0.41754636490971636, -1.0002884383051083, -0.3200650459818793, -0.8114064813007352, -0.25509012117060836, -0.6727425036615362], "timestamp": 1767299631}