{"label": "A", "features": [0.0, 0.0, 0.19079969672625413, -0.3863293800171981, 0.21130693913584386, -0.8758287562533329, 0.18264149785188222, -1.2288312974806526, 0.21882851811586754, -1.4604739177627986, 0.004476543789378585, -1.0783174819027357, 0.006201904221305125, -1.4165081538565683, 0.09230439046648475, -1.0776245020066049, 0.07612091725024682, -0.9493945095233964, -0.13111534100213645, -0.9913671143728784, -0.10610727392189706, -1.2777765916072639, -0.003947858615425132, -0.8733886163019446, -0.0571262674042192, -0.7879184963660731, -0.27090604592644774, -0.8779697273902279, -0.23205167337684413, -1.1916787134125444, -0.11944651660792881, -0.7959804578789108, -0.1631170108192861, -0.6629311535451685, -0.42573645277296124, -0.7371239561432398, -0.4274604839595627, -1.075600504458315, -0.29658157139257674, -0.8612708614532871, -0.26243228421190684, -0.7107492476361298], "timestamp": 1767299640}