{"label": "A", "features": [0.0, 0.0, 0.20879475244342444, -0.3082999579081433, 0.286171381629959, -0.7919660995379498, 0.3125489971784637, -1.1366227761528918, 0.4249505498614943, -1.2683152743067316, 0.025075993397422877, -1.103240830260589, -0.06188394475190487, -1.4357005020990972, 0.021113598189699368, -1.0941878219018708, 0.05978891655565169, -0.9522632031292838, -0.130696787199556, -0.9914223810352697, -0.2098927064447664, -1.3039761949972837, -0.08716933190970287, -0.8906912587156463, -0.05622376966676484, -0.8189386332962703, -0.27824068383845973, -0.8534482518355933, -0.34282838916812497, -1.1477722668311992, -0.21481791306629808, -0.7722758154460087, -0.1786656804536158, -0.6647786572442641, -0.4195282148244887, -0.6973935530768594, -0.5219972871786839, -0.9787184325108442, -0.4085865729005121, -0.7970068180819802, -0.32840930216896025, -0.6865359776582416], "timestamp": 1767299634}