{"label": "A", "features": [0.0, 0.0, 0.2986636997721752, -0.2565343968925657, 0.5205419222543491, -0.7046288378087555, 0.6584871428928641, -1.0397584474333041, 0.7858611168562359, -1.1670059219366646, 0.3783431064291123, -0.9653743244424766, 0.3201244755258666, -1.449123716052204, 0.23627201031591277, -1.240006685880871, 0.21164325692781707, -1.018741640041679, 0.22717015045521222, -0.9738550760220273, 0.17463525011296666, -1.4331428887711983, 0.09962310407950946, -1.182201313663708, 0.08599919358640341, -0.9590452839351477, 0.08204700065006267, -0.9388972959859166, 0.03699814311097493, -1.3765730217301928, -0.027138303366893442, -1.1548013679249418, -0.03328125544028263, -0.9379276023760534, -0.05603315952497584, -0.8644973097187532, -0.10115248661855554, -1.2173165062111513, -0.1366213488781532, -1.0846604679786165, -0.1287084212412909, -0.9274879395443628], "timestamp": 1767299632}