{"label": "A", "features": [0.0, 0.0, 0.18697403675745283, -0.38299618527213286, 0.2067237457891772, -0.8708117576676718, 0.18015185296534383, -1.2194841586142164, 0.21602242337710276, -1.4486745366156786, 0.003595770828049009, -1.0816548128268257, 0.0011793843784184484, -1.4196732755780974, 0.08960707139918274, -1.0812614475908393, 0.07563069075186049, -0.9615951902947252, -0.13201529378678567, -0.9912476735267828, -0.10806518381744916, -1.2712639698676629, -0.0026802897092163534, -0.8675840998769156, -0.056080242907714205, -0.7953965997666321, -0.27211627046228215, -0.8760681273083974, -0.23662679485193316, -1.1869344301630405, -0.11976859983377691, -0.7923922994516439, -0.16026734698566392, -0.6697690452549958, -0.4265861038591614, -0.7363996389936238, -0.4297463631759398, -1.07182459423964, -0.2983197835002449, -0.8521130380322763, -0.2635363913751961, -0.705243760777376], "timestamp": 1767299639}