{"label": "A", "features": [0.0, 0.0, -0.23024195840754685, -0.2733676582080501, -0.36230028859914093, -0.720966793480708, -0.4109305945058143, -1.0777136879638267, -0.47663828617453224, -1.3614249316984521, -0.19086845214312326, -1.0270822824963035, -0.2534898406804988, -1.2634733761780117, -0.2635430716187115, -0.9495185769955972, -0.2579137264387034, -0.6763281379368474, -0.056584070107415625, -0.998397833612002, -0.13176349238070448, -1.2231243734355195, -0.15650376031718427, -0.8510606810485842, -0.16358540587694992, -0.5585246093481286, 0.0778859700847019, -0.926439474864836, -0.00810909467535222, -1.1162480404587953, -0.04462546959525192, -0.7306207538950505, -0.05878823327683882, -0.44597699987482087, 0.21560502801399264, -0.8137004054177305, 0.10494406406761153, -0.950071331961272, 0.06073922623297579, -0.6782999646917861, 0.05171054350165579, -0.47020855391397864], "timestamp": 1767299623}