{"label": "A", "features": [0.0, 0.0, 0.18844513073310798, -0.40851678044292766, 0.20854938154348068, -0.8882494160379705, 0.18672093063638448, -1.2388068730165345, 0.21903352800505474, -1.4710011536234846, -0.0059608136151574394, -1.0780763256014088, -0.006466280016644171, -1.4146016609859233, 0.08677276213786574, -1.0912163334243399, 0.07580027475190737, -0.9611124949155033, -0.13656967714720478, -0.990630461592894, -0.10852344219275974, -1.2686500472075608, -0.003068196946642386, -0.8739967818573134, -0.05430744788575642, -0.7919728085891611, -0.2723300430878377, -0.8743685989168772, -0.23108315493536188, -1.182397670056905, -0.11834931709375285, -0.7999147927332334, -0.16079260520070815, -0.6684147864622744, -0.4247820995613941, -0.7291632675272972, -0.42847343435786095, -1.0713366558807123, -0.2993652569636541, -0.863789291299033, -0.2637743665890438, -0.7103750301841554], "timestamp": 1767299637}