{"label": "A", "features": [0.0, 0.0, 0.1940724530431248, -0.3386787574621156, 0.2321165690584934, -0.8273681719015561, 0.21982483122919483, -1.1844694233152064, 0.3033911967914718, -1.3680114085448396, -0.03006114325155412, -1.1033396357011467, -0.10398734639624509, -1.4592730640724965, -0.00846811139169364, -1.1114879496105279, 0.019413281425567936, -0.9714682877318067, -0.18225146070607387, -0.9832519478733135, -0.24171760013858126, -1.3019568112770143, -0.1043616578797617, -0.8907375498031301, -0.093811579418972, -0.8408624562128663, -0.32584655738985435, -0.8390086203435294, -0.37913723202257016, -1.1631107296948464, -0.23865591031846872, -0.8038289182330242, -0.21950773245981342, -0.7099309800002632, -0.4672574957415551, -0.6737329635438295, -0.5758984127587563, -0.9627302150899248, -0.4433814426992461, -0.8126188061631795, -0.3595523124545966, -0.715522353364709], "timestamp": 1767299635}