{"label": "A", "features": [0.0, 0.0, 0.13946019836411166, -0.32855609686893616, 0.15537221866838985, -0.7381143392992913, 0.05267948022668579, -0.9153573299087352, -0.05876910439296382, -0.9433891249311112, -0.11127230421484126, -1.051214635055578, -0.014360202343476241, -1.2549914194676997, 0.08473254776187086, -1.0111419557651313, 0.08799243569883827, -0.8679304094803086, -0.23938282707943245, -0.9709252555368447, -0.08153198055089274, -1.060601987054912, 0.02554728095616785, -0.7455456362256695, -0.01468402012091255, -0.6699000910656946, -0.33657937794745485, -0.8225680949378594, -0.16584446724406376, -0.9137094979893733, -0.060954415725251766, -0.6246714010451903, -0.10422980266524322, -0.5396531811789097, -0.42383519700243655, -0.6201287788529393, -0.280217196722659, -0.7438354258109374, -0.17451232610807418, -0.5663444501047032, -0.1895265853221229, -0.48623425587169006], "timestamp": 1767299633}