{"label": "A", "features": [0.0, 0.0, 0.19434008217092044, -0.38124002590912737, 0.2111072740309506, -0.8665549150507106, 0.18095312093690655, -1.2192982060530198, 0.2148543117661466, -1.449779628765129, 0.007788966529333745, -1.0787393434517705, 0.009980114618816371, -1.405797676099705, 0.0965839605289861, -1.0683954182258675, 0.07806275735542995, -0.949385283501332, -0.1274607994219907, -0.9918436029847523, -0.10399633725112978, -1.271948334214903, 0.0008023575016752406, -0.871465300657404, -0.05445129031717072, -0.8022570307227022, -0.2668473246454628, -0.8777230546170864, -0.2316267915710472, -1.1878648990948155, -0.11846300869527364, -0.7957116125620676, -0.16718851230672852, -0.6809106819544049, -0.4207413266209957, -0.7385422304490746, -0.4226323838390807, -1.0687898989132025, -0.29756376254406397, -0.8510823883597939, -0.27254094301988346, -0.709538910423668], "timestamp": 1767299639}