{"label": "A", "features": [0.0, 0.0, -0.22434805873813837, -0.25889869566545387, -0.359876849414622, -0.7254939739740245, -0.4050901271065705, -1.0854821228305993, -0.47457259512382505, -1.3552472940354403, -0.18702675972119415, -1.022128064270709, -0.2508722837152965, -1.233953522054906, -0.25354784004621267, -0.9229836523665552, -0.2422325681427387, -0.6571643419779207, -0.04989093876505944, -0.9987546673754386, -0.1282200416407194, -1.1897553055552708, -0.14244143707933968, -0.8112929915900778, -0.14028202227138245, -0.5197994960731026, 0.08358690907691753, -0.9278227361868865, -0.0031855288316883484, -1.0986175133217586, -0.03553536709387711, -0.712925876481456, -0.04588004617330079, -0.43006901202594516, 0.21651134422022386, -0.8164903927824234, 0.10745922564154207, -0.9335085183023505, 0.0644200141852444, -0.6521193670421064, 0.05914370091742654, -0.44534993702514153], "timestamp": 1767299625}