{"label": "A", "features": [0.0, 0.0, 0.277218855842864, -0.2493403577572248, 0.4623515655957571, -0.6116777807864837, 0.5669853269162395, -0.977250962105187, 0.5721427385987197, -1.2908877476807288, 0.3105221278618561, -0.9897582786643734, 0.3166536627567737, -1.3359392074807983, 0.29956007101429344, -1.103803518514427, 0.28739621368939566, -0.8373409303650493, 0.15851144838788386, -0.9873571324511038, 0.14399410774524316, -1.3431569654454434, 0.14233981660308, -1.0037781250498432, 0.1570478088278273, -0.7113337356702902, 0.009819170163839977, -0.9395436794518892, -0.00445228721518254, -1.2519289560367355, 0.016124173451060573, -0.9386108777196938, 0.04061717402182401, -0.6803062134913581, -0.14423221766109304, -0.8498531564070366, -0.13452862490486062, -1.1389590974818904, -0.11237437920343703, -0.9654309731381446, -0.09368602379775605, -0.7814076019365006], "timestamp": 1767299632}