{"label": "A", "features": [0.0, 0.0, 0.1808110617739469, -0.40959494339654956, 0.20057997654845428, -0.8910345083512904, 0.17785931194992755, -1.231978869623647, 0.20793686523822402, -1.4594274566007495, -0.014569798086127444, -1.075502661608811, -0.014883990188276663, -1.4090066401459447, 0.07503177578384865, -1.097605051929211, 0.06607228948677796, -0.9630530903632653, -0.1426082654068245, -0.9897792031256127, -0.11972017694471147, -1.2635797098915176, -0.014791693534691081, -0.8835800065812413, -0.060160335848750766, -0.7949525589597316, -0.2770839667538021, -0.8705169361128546, -0.24029708297794636, -1.163047649893651, -0.12633389890631858, -0.7946408943391253, -0.16410536747495652, -0.6636668007835622, -0.42720861365121, -0.7206055563649499, -0.43301136265567464, -1.0566535758068647, -0.30170634332705726, -0.8564672762973586, -0.2639876032526774, -0.7031056227797222], "timestamp": 1767299637}