{"label": "A", "features": [0.0, 0.0, 0.2032785953922907, -0.2915472995098588, 0.2472225968195339, -0.8572122117132405, 0.23087645963571257, -1.296831064274534, 0.33739361632050935, -1.4982559740068038, -0.003931862002286704, -1.1283302636728263, -0.11232751543046483, -1.351739579660398, -0.004125586941164579, -0.9984170493338553, 0.054381329486622464, -0.8906603309243738, -0.16122658793777694, -0.9869174099293179, -0.2622906654772952, -1.1983388043918197, -0.10005059440641327, -0.7972793527025654, -0.05013545841332674, -0.7612421473206092, -0.30084113435932475, -0.8267009308173089, -0.39548211863850685, -1.0207652853155538, -0.2336801120554359, -0.6766518351777182, -0.17327207117624283, -0.6321895798412434, -0.4309240565084807, -0.6529082238678318, -0.5075009841919685, -0.7867400014684083, -0.36876018488204, -0.580736156679813, -0.2959273489219675, -0.5334498045909258], "timestamp": 1767299631}