{"label": "A", "features": [0.0, 0.0, 0.17572116686466904, -0.3225318409191682, 0.20635240554217282, -0.8137842169591553, 0.16943907604541475, -1.1499911421704054, 0.23411688194895078, -1.3385462985306449, -0.054693710308680664, -1.078876503971699, -0.09441106206729756, -1.3919785818023387, -0.01633219682124403, -1.0872969188791688, 0.007502207562336847, -0.9230781730365584, -0.20157073902276343, -0.9794739535172038, -0.25359029630604657, -1.2980615219996454, -0.14257413128840044, -0.9565154134275039, -0.11265136415135343, -0.8299096901846538, -0.3434308907315199, -0.850363105201514, -0.4020402144605312, -1.1789396748762122, -0.2794043243987609, -0.8977618479222772, -0.24225526803741207, -0.7455853970051859, -0.48746869737081294, -0.6976420469097859, -0.6011981741299534, -1.0108990383425662, -0.4927820617980141, -0.8977900766231117, -0.40774258415533005, -0.7787386291255401], "timestamp": 1767299633}