{"label": "A", "features": [0.0, 0.0, -0.2225566283952199, -0.26417208257840363, -0.3606669231645455, -0.7308551105575264, -0.41094078837246883, -1.0862108487808046, -0.47852601946688517, -1.3551926689403029, -0.18680862796062417, -1.0259800057573945, -0.25275441198629006, -1.2482136812672806, -0.25797232252221947, -0.9367504359134821, -0.2475741749566949, -0.6694374221759464, -0.05007016845643361, -0.9987456981197581, -0.1294851403570741, -1.2037433547558196, -0.145539250401145, -0.8246839659816321, -0.1440104854958316, -0.528564230397256, 0.08452895552254445, -0.9269251854615225, -0.004563950429424651, -1.0967059081936579, -0.036383513513860925, -0.7102139263456602, -0.04622747081034511, -0.42747633984576233, 0.2198555678997002, -0.8159629389911922, 0.10673553887691796, -0.9358688758652618, 0.06525518968196724, -0.6546746040386409, 0.061744538526189836, -0.4466752783082413], "timestamp": 1767299624}