{"label": "A", "features": [0.0, 0.0, 0.18408081469529702, -0.41488016227120245, 0.18189899331866186, -0.9161865340507174, 0.13890307155523837, -1.2873408714322565, 0.15275545494962822, -1.5399643049538432, -0.027303442771602328, -1.0847654088267733, -0.04868553766713621, -1.4332839848481127, 0.05763421309885482, -1.107216415649255, 0.05093020012704635, -0.9807787537885089, -0.15805084603803987, -0.987430968879961, -0.15057494824000717, -1.2751726641274232, -0.02816200797629093, -0.8915181221977515, -0.07976067245778398, -0.8155051271748884, -0.292873366470382, -0.8640471908485502, -0.2773368069864356, -1.1905063555286806, -0.14654128690728122, -0.8147261431467879, -0.1858096894633337, -0.6903323502706619, -0.44354165606839174, -0.7130725838362503, -0.46585435992098806, -1.0557368599992414, -0.32835745620405343, -0.85682072920533, -0.28925636693666473, -0.7117708882033352], "timestamp": 1767299636}