{"label": "A", "features": [0.0, 0.0, -0.22561951214757978, -0.25647504894632955, -0.35773718010714384, -0.7288083637075891, -0.40074742340299824, -1.0901952116490494, -0.4731777939581012, -1.357308544976722, -0.178521979284255, -1.0243589058850715, -0.24805153559762635, -1.2312498998884867, -0.2537149812374048, -0.9215344625732087, -0.2431700151401087, -0.657210935748278, -0.04400751836437723, -0.9990311955715376, -0.1306015022127147, -1.186047958762092, -0.14430262598831028, -0.8105818428995164, -0.14151871597054944, -0.5190147608800566, 0.08674908704022855, -0.9272914828659463, -0.006414862921485563, -1.102471693379457, -0.035893442292719575, -0.717600940341125, -0.04426722007245273, -0.43067772479755806, 0.2178866566483883, -0.8145909399487608, 0.10463466420102466, -0.928868408044991, 0.06100246992413263, -0.6473004827087181, 0.05428816811317799, -0.43664112206463], "timestamp": 1767299624}