{"label": "A", "features": [0.0, 0.0, 0.21785501862605977, -0.33811906203071873, 0.25742100372595933, -0.8377611106846616, 0.2663032626212667, -1.2323555639538861, 0.37320715641752544, -1.4329572306702392, 0.0004896328969304782, -1.124426816514805, -0.09355441368442405, -1.3666660965823731, 0.018246391053679447, -1.0015890965477148, 0.06894958465028093, -0.8978338681833412, -0.14264243949186423, -0.9897742780236839, -0.2303202884588893, -1.1901889375638717, -0.07585856865352142, -0.7865347237746602, -0.0325658253987362, -0.7658580153942196, -0.2762584848893643, -0.8376598474627133, -0.351687557808415, -1.0258728707306612, -0.1943495357198505, -0.6671380134453484, -0.14498681887356185, -0.6331011554565077, -0.4058831686171557, -0.678193551795613, -0.4641565640177851, -0.8279998792632085, -0.3391559431060331, -0.597770766502242, -0.27758441232617875, -0.533899668226265], "timestamp": 1767299630}