{"label": "A", "features": [0.0, 0.0, -0.22117467938368482, -0.2623541188825189, -0.35545777887522545, -0.7376563033172822, -0.4002389058537793, -1.096366446431937, -0.4668393394740113, -1.368974593527228, -0.17534687074930513, -1.0294604837829555, -0.24108404317616464, -1.2413270899231503, -0.24665157552804953, -0.9274702054295871, -0.23743366683773184, -0.66096645619707, -0.03880347471623951, -0.9992468572409363, -0.1188610967039416, -1.187984194588364, -0.13568940890801942, -0.8117803248672198, -0.13571671588698017, -0.5191025786878115, 0.09347024330460417, -0.9225098669400654, 0.005480201541812312, -1.0939672964785268, -0.02865584067621089, -0.7117046263972131, -0.04044498480999347, -0.4262279366601627, 0.2244175119417788, -0.8062789990586643, 0.11704337931198806, -0.9219815026584758, 0.0710754292006777, -0.6440441152446839, 0.062172838833454, -0.43390609239530653], "timestamp": 1767299625}