{"label": "A", "features": [0.0, 0.0, 0.18094294332014477, -0.34560111863342385, 0.21149055201844658, -0.8846771158476946, 0.1572782963311622, -1.2706403053598436, 0.22403684804991544, -1.4889951327834792, -0.06277265923496485, -1.0936394801258487, -0.15000941053515243, -1.3466122431428298, -0.06656805522942517, -1.02149408217754, -0.02474378105250597, -0.9331275880734763, -0.22557396958596512, -0.9742260377520019, -0.3097060260591744, -1.228668443984562, -0.17904083327888384, -0.8415034482827012, -0.1361599178119314, -0.8173628196024002, -0.37366742837309347, -0.8446379027792202, -0.4595334181503912, -1.1285261178517343, -0.32494306337473566, -0.7760397882316422, -0.2685727990924063, -0.6933885348500899, -0.5120266203683576, -0.6970389389662061, -0.6269163334399996, -0.9512969044561471, -0.5356480985343725, -0.823542449586816, -0.4738832885731007, -0.759189240460832], "timestamp": 1767299633}