{"label": "A", "features": [0.0, 0.0, 0.17318947831735632, -0.2580916498552042, 0.2526900051345813, -0.7532930573525596, 0.26920842614756224, -1.1332436949660958, 0.31024579893601467, -1.4235929621053105, 0.05421966640517862, -1.0799408019889742, 0.09030087578774647, -1.37656111302631, 0.18335092834327144, -1.0991943508540507, 0.20771027790220475, -0.8784411249755569, -0.08118133255515785, -0.996699342972443, -0.04033729571683114, -1.2444336747795937, 0.07771860155827148, -0.8984422068425559, 0.09725476233185454, -0.6980543544819106, -0.22781811519244602, -0.8620957016568582, -0.1694380094312877, -1.104775364288859, -0.042570174833259936, -0.7795635495228329, -0.019979028336566448, -0.5639695428896881, -0.3837941595692253, -0.692848087704972, -0.3704974326334767, -0.9907363950624394, -0.2489344522613955, -0.8243887386826966, -0.19429143975165344, -0.6550555243608349], "timestamp": 1767299640}