{"label": "L", "features": [0.0, 0.0, -0.21530177872884862, -0.1945233541087276, -0.40648305592418804, -0.6117650903597966, -0.552365841835347, -0.8832348292131775, -0.703968376644545, -0.9825815097669581, -0.20268486108703196, -1.036418759782573, -0.21378239340124974, -1.5000087538880864, -0.20844067462997146, -1.7796283241153075, -0.19691503681873554, -2.018982885871773, -0.07549497738082335, -0.9971461776912688, -0.1410854097657861, -1.2930132596328974, -0.1729533235059385, -0.9193837979235112, -0.16669390222377953, -0.6220520762663267, 0.0626883960309338, -0.9170245474481259, -0.010182424382106911, -1.1161576896571692, -0.046436473532617775, -0.7367718954890898, -0.045966854775282735, -0.4790889698448315, 0.2078851753153558, -0.8074147511124974, 0.14463816647528258, -1.045766248716556, 0.09053860454604033, -0.8068706679444689, 0.07405135375330282, -0.6147856989636058], "timestamp": 1767299714}