{"label": "L", "features": [0.0, 0.0, -0.1980544968628591, -0.19968774822431273, -0.3790613649426991, -0.6192492298973857, -0.5198570591528943, -0.8856292619206992, -0.6602737153197881, -1.0073952333312848, -0.169604303937829, -1.0319818895170156, -0.1771352301388381, -1.5069050196985598, -0.15874280187317313, -1.7944813549950303, -0.13975579450072315, -2.0305136717126797, -0.04027892937479453, -0.9991884705155032, -0.124474718670811, -1.2247612766166227, -0.16357504594334504, -0.8792816021502037, -0.16904458454746157, -0.5935254595817505, 0.092262867755167, -0.9292851649507105, -0.005816662822528609, -1.068144426463003, -0.048911619007368956, -0.717435794533941, -0.05367119775317737, -0.4699160965473628, 0.2298409119436317, -0.8264234704588231, 0.13506151635045757, -1.005346611264348, 0.07650087513326813, -0.7659543825132494, 0.06711207334177634, -0.5793358365630549], "timestamp": 1767299716}