{"label": "L", "features": [0.0, 0.0, -0.22543974858878063, -0.12605311027827784, -0.4468745689834534, -0.45369085708005386, -0.6394313215109534, -0.6507729292424681, -0.8046083325945498, -0.7112973523966992, -0.270266554449724, -1.0047268793327049, -0.26476329983234703, -1.445461316927654, -0.26399368396387707, -1.7161412588519591, -0.25133877185702186, -1.9516403284023134, -0.14189267713688705, -0.9898820430158141, -0.19031291999017622, -1.3086877637142014, -0.2135067746337989, -0.9150765183642225, -0.19040746273501818, -0.7145069295912195, -0.0005626512350623617, -0.939427912115896, -0.042770162540484304, -1.2178416672851677, -0.08443452713126974, -0.8341601191047654, -0.08063520908998441, -0.6284551526413065, 0.14847355650779218, -0.854431275541798, 0.11728284848957106, -1.1306049907193843, 0.05371219849938604, -0.8738927234850407, 0.028409688480835363, -0.6784205869461102], "timestamp": 1767299730}