{"label": "L", "features": [0.0, 0.0, -0.20737459825648108, -0.222550961421053, -0.3832735658606626, -0.6393452553972921, -0.5169111886775795, -0.9129065106096825, -0.6568747672547802, -1.0387492364805897, -0.1625618442792613, -1.0469710429270223, -0.15567737718059424, -1.5033020090006861, -0.13836646651390822, -1.7783557319843595, -0.11743417715161478, -2.0020206527246844, -0.03752612930668486, -0.9992956426384138, -0.1040593132623633, -1.2722853978766446, -0.1543221478250614, -0.9248582611413247, -0.16267261528625962, -0.6303250154535132, 0.09402939068842246, -0.9118595775523883, 0.019660873467808, -1.094713837080508, -0.029838572407279818, -0.7341885189048329, -0.0375663205570117, -0.4853546853874271, 0.23736437798968563, -0.7929594000382424, 0.16994429077222178, -1.012396519833364, 0.10589169118122752, -0.7855100498176038, 0.08629159472610887, -0.6013110988837321], "timestamp": 1767299715}