{"label": "L", "features": [0.0, 0.0, -0.21185196878301082, -0.02026111853468166, -0.45169879260566964, -0.3408427652201919, -0.6232612706391409, -0.5432850498710766, -0.7654692720514501, -0.6274167501323532, -0.2963644211285876, -0.9754525955061004, -0.3158007702855397, -1.424317513033118, -0.33205760737268014, -1.726639891700336, -0.330255999949406, -1.9731923923796126, -0.152936968299945, -0.9882359404461456, -0.23427455189381127, -1.2980659840682767, -0.262116177436119, -0.9152081550091785, -0.22614178023952114, -0.730961002545313, 0.0064823622766870675, -0.9471721764032273, -0.06710581361362122, -1.2111720899515357, -0.10978893484434069, -0.8281494230998442, -0.08660629860184649, -0.6533598389860238, 0.17526639484133966, -0.8561515333240254, 0.11691352605590301, -1.1094369903537644, 0.05653442933404564, -0.8353967720337075, 0.05719813361513905, -0.6627196074485617], "timestamp": 1767299730}