{"label": "L", "features": [0.0, 0.0, 0.21207353057411635, -0.13790233647004027, 0.3946979081532283, -0.43335853084092923, 0.5731975042164531, -0.6391480917679397, 0.717477849946952, -0.6974807811978707, 0.25214764311002746, -0.9714297574861893, 0.2654958905742735, -1.367983913843164, 0.2610880250023552, -1.6151400114937038, 0.2629052509032001, -1.8155591107478932, 0.1308011046699404, -0.9914086250197829, 0.1256297532635143, -1.4117513563551076, 0.11115027267911261, -1.2793175199231288, 0.1075093401416051, -1.0774518377016609, 0.00998695178286666, -0.9501991427238324, -0.0001621562834352901, -1.2927811796401258, 2.812915120816257e-05, -1.1483979694645225, 0.005502006821118151, -0.95393314965872, -0.11322286714876895, -0.8661641308174235, -0.11523417040415063, -1.1824290026825468, -0.09617632574063019, -1.124695022931762, -0.07810955104921107, -0.9883202096827219], "timestamp": 1767299721}