{"label": "L", "features": [0.0, 0.0, -0.24046444276128698, -0.18501991558277686, -0.454228472070493, -0.5706015622734131, -0.6094755993850433, -0.8197889868789807, -0.7497121005466225, -0.9304120287292541, -0.23038967170732774, -1.0272556227300345, -0.2499762700706016, -1.4994328360541969, -0.24983783214824218, -1.7835206837242756, -0.23994550946278478, -2.0205212536817387, -0.10317608439699563, -0.99466310189029, -0.187329628363872, -1.2962460768169308, -0.21594505331740366, -0.9343969239350364, -0.2034555572152879, -0.6247561377045461, 0.03256383048561363, -0.935782695894268, -0.053482162665387224, -1.1630791017508888, -0.08070903018841247, -0.7887407313140061, -0.07054261712951108, -0.5040226707679956, 0.18099045283659712, -0.8471531781358554, 0.09640961757616073, -1.082520765558445, 0.045397053743044306, -0.8479467589020566, 0.03860245366233354, -0.627453309539971], "timestamp": 1767299714}