{"label": "L", "features": [0.0, 0.0, -0.1949489928170093, -0.21418910965316706, -0.3700364119081089, -0.6135760922662247, -0.5051507120610081, -0.8567405674071837, -0.6363872303363926, -0.9828439906462643, -0.1617771814040841, -1.0408088569142329, -0.1634466338309838, -1.5105886036523712, -0.15090763753548023, -1.7943235998254703, -0.13448540363557643, -2.030447831402337, -0.03477455517927295, -0.9993951780907296, -0.12754224721128377, -1.2251127346276924, -0.16961879685135023, -0.8610173613100822, -0.1710402616925548, -0.5749961675844598, 0.0945209642628755, -0.9240796124020145, -0.01048615506111916, -1.0742254320742393, -0.05322507954257735, -0.7124095606443387, -0.05636733024092052, -0.46388954560270734, 0.23148599576781764, -0.8163282624547175, 0.1318309445182956, -0.983573074148208, 0.07254306448064336, -0.7427458820024258, 0.06178313112491677, -0.5537701661620553], "timestamp": 1767299716}