{"label": "L", "features": [0.0, 0.0, -0.2019549612624296, -0.20760717899507278, -0.3851924315819992, -0.6400956779231416, -0.5241828498645628, -0.9173311941614872, -0.673004550646623, -1.0238797348757502, -0.15560815516534063, -1.050856340556757, -0.1501973167850589, -1.5166046974910776, -0.13560765907304106, -1.803565092269512, -0.11740051304660239, -2.0442597154477213, -0.026513551413211302, -0.9996484498696625, -0.09948129810476627, -1.2671497279603792, -0.14416504972517727, -0.8959920278854281, -0.1465549516190171, -0.6052890216180836, 0.10915445249792013, -0.9083114881579404, 0.02253374776478668, -1.0845851641618824, -0.027216014589675406, -0.7064614530221496, -0.03394458718948131, -0.452163379200142, 0.25030940317696565, -0.7862902846518477, 0.17701727219249228, -1.0024344109457444, 0.11480026628856187, -0.7614506251556244, 0.0977401647967632, -0.5766872925014843], "timestamp": 1767299715}