{"label": "L", "features": [0.0, 0.0, 0.19964150900572245, -0.10380014274763316, 0.3751398085879255, -0.4324899848753414, 0.5472473861010804, -0.6348398357351835, 0.6912489541266261, -0.6384405115302101, 0.25164404759157616, -0.9634789951558627, 0.2721116589575043, -1.3514526690239461, 0.2679641240989533, -1.5939363682189955, 0.26821606857012714, -1.7780597872239783, 0.13892166723285493, -0.9903033687500225, 0.14600304526520602, -1.4324340859406886, 0.13814343059376263, -1.3220775106866487, 0.13385853825384283, -1.1080765134659927, 0.02451427049841141, -0.9631638809338989, 0.0264830610646978, -1.3282358268566816, 0.03512984918106232, -1.2230554985074868, 0.03972153104710533, -1.0229249136211331, -0.10065646826985251, -0.902416126945566, -0.08848931318892318, -1.2147285990709946, -0.07129220549034622, -1.1839886803038402, -0.06503362570423384, -1.0507154416207853], "timestamp": 1767299722}