{"label": "L", "features": [0.0, 0.0, 0.21535716185270737, -0.2262807930816899, 0.35545950321021164, -0.6131832305439209, 0.4742881382735866, -0.9499758758989859, 0.6247303620251362, -1.0838395744944833, 0.28497019328368545, -0.9745448727602053, 0.3262001303272915, -1.3362999520810046, 0.32728302882702415, -1.5625329852181051, 0.3407431790643895, -1.7443357281953396, 0.171537558301404, -0.9851775760340358, 0.1809711666249456, -1.3933352273728263, 0.1627672016473907, -1.388093719063713, 0.16338400385861399, -1.2519915642847559, 0.05409512650782257, -0.965408599213651, 0.04915415638661402, -1.3042288580699632, 0.04430404664779531, -1.283694848478623, 0.049287971597217, -1.0807578931917614, -0.05928392414638286, -0.9069788209055674, -0.060841218681093184, -1.1823084946423523, -0.05519637181553778, -1.1976215268763692, -0.037891400429128405, -1.0700223895493939], "timestamp": 1767299720}