{"label": "L", "features": [0.0, 0.0, -0.2089710443331708, -0.20753093204168296, -0.3879752520286423, -0.6366806446126295, -0.5198172822948578, -0.9196522090711954, -0.6589191286388392, -1.0441481665338526, -0.1703702844729109, -1.0437516356147034, -0.16449307620277123, -1.5191212021380627, -0.14277613284323581, -1.8067000008416618, -0.11725814310045568, -2.0428041608556353, -0.038159225432001655, -0.9992716673283434, -0.10649080352663368, -1.2662982384900974, -0.15715150375012393, -0.918164593075648, -0.1689174211871755, -0.62367363040215, 0.09746384965785451, -0.915217113248504, 0.016575542463327854, -1.0806330114075047, -0.038348990228744585, -0.7292091094381976, -0.05187404483296775, -0.4785995683799098, 0.23893188050298889, -0.7969933948581653, 0.1729309841412127, -1.009596472395927, 0.10520620336106694, -0.7801333302094706, 0.08130858996570565, -0.5868682605358438], "timestamp": 1767299716}