{"label": "L", "features": [0.0, 0.0, -0.2102395017087448, -0.22656487321335989, -0.38909541526687025, -0.6479422970664916, -0.5299960848019234, -0.9248470599021763, -0.6754973078160604, -1.047762560068797, -0.18155610446963702, -1.04943369602316, -0.17331306616259168, -1.5043063041509568, -0.15812692627760294, -1.7794303705703736, -0.13805752009057243, -2.013316199553128, -0.054939457180491605, -0.9984896833589262, -0.11451175675009974, -1.2936130323401498, -0.15902140302957696, -0.9412811291878938, -0.16495541454894175, -0.6445275599703637, 0.07822641628024433, -0.9085515125053013, 0.019221760678615307, -1.1067023913701315, -0.02990199549255491, -0.7388880790973196, -0.04222551399495163, -0.4809990194685913, 0.22079008792209517, -0.7891153272548739, 0.17033780331522916, -1.021913685466146, 0.11103663199780382, -0.7971247023045834, 0.09030591935567653, -0.6055457257924356], "timestamp": 1767299715}