{"label": "L", "features": [0.0, 0.0, 0.26263908500272426, -0.09257531241895448, 0.4673643389580512, -0.4082099367119135, 0.6556058399571766, -0.6476456974905144, 0.8072803604051041, -0.7863740896306243, 0.36123657352213284, -0.9039001102547596, 0.4219010246155202, -1.3401535793642643, 0.4618937803573772, -1.6234189056573247, 0.48593768004173055, -1.8446725549503833, 0.20457476854558704, -0.9788509351174669, 0.26337008370828924, -1.4016964301902328, 0.27210083484812864, -1.285437603857823, 0.25886558624392825, -1.100447366921557, 0.04337534957438151, -0.9785347047203005, 0.10473816985083367, -1.3052925871312506, 0.11690102728271286, -1.1881792244483869, 0.10474644898340836, -1.0261880931327354, -0.10456089901217566, -0.944400328122665, -0.06348195354370632, -1.260534947088762, -0.036529967958511, -1.2155841272861974, -0.02944611485730295, -1.1134394362983677], "timestamp": 1767299719}