{"label": "L", "features": [0.0, 0.0, 0.20129061536717546, -0.09330157871928176, 0.3839483908069666, -0.3827509535719115, 0.5399720538617452, -0.5858212029901347, 0.6721747892294946, -0.6422047254004961, 0.270317007636347, -0.9582119581695158, 0.30347148228279863, -1.3442435484359518, 0.31437429779094134, -1.5862732952230811, 0.3213051027557133, -1.7812672281034443, 0.16018364691524636, -0.9870872256990021, 0.18037825098332774, -1.4344332186023916, 0.18541685577670414, -1.316629989765074, 0.18231475136982792, -1.0958396543049966, 0.042240739257626156, -0.9629549861178497, 0.05484390837721675, -1.3460763185373574, 0.07083071824339227, -1.2396098294462976, 0.07247914619287321, -1.035074283842127, -0.08844102205819748, -0.9054978492048158, -0.0779166949998695, -1.2363616311606473, -0.05473267368409882, -1.220796036454483, -0.04698352512828198, -1.1000370391667413], "timestamp": 1767299723}