{"label": "L", "features": [0.0, 0.0, -0.2228518078239771, -0.16362066947857198, -0.41465159123818063, -0.5260893981194154, -0.5456063409304237, -0.7943923872324058, -0.6719837240368799, -0.9277250311313772, -0.21965837615735015, -1.0202248458088563, -0.2185674751614881, -1.4541900476926748, -0.2105043792519153, -1.7077337230734608, -0.1976378830519012, -1.927414678059072, -0.0950261892222269, -0.9954747687043124, -0.1364649654760663, -1.2625157976551604, -0.1748749882563549, -0.9085165838325845, -0.17197606304530377, -0.667240206725739, 0.03695147955904944, -0.9219895179090385, 0.0006501230006835809, -1.1663380881916323, -0.051337874491881014, -0.8129359862077361, -0.058836499694933535, -0.5852272760872215, 0.17901722155402855, -0.804868718123376, 0.149705730296708, -1.0666461804469456, 0.07768221320927536, -0.8371260102025935, 0.04649005281105702, -0.6442348349484353], "timestamp": 1767299731}