{"label": "L", "features": [0.0, 0.0, -0.23176597757123144, -0.2030671855421938, -0.42792293274808557, -0.5952547009709327, -0.5835988907161428, -0.8511469967746446, -0.7329839534512106, -0.9513399790263374, -0.21984006685721347, -1.0250936159186093, -0.23791756361517852, -1.4905577647836483, -0.2394087489582418, -1.7724608996739772, -0.23087379426389287, -2.0064631057166515, -0.10023199981548778, -0.9949640882932328, -0.18946077186923443, -1.3017655121588718, -0.2237159947085587, -0.933177577851382, -0.2092058573220679, -0.6232704108619833, 0.030868388393295542, -0.9354122950791568, -0.055307396679287295, -1.15342403186953, -0.0835701262171804, -0.7668712571502435, -0.07088639549649788, -0.48805779124647714, 0.17597113611608378, -0.8506216335212933, 0.09634700450213386, -1.0974725706160504, 0.046538611373744924, -0.8530569339995631, 0.04039526847707848, -0.6345066449201898], "timestamp": 1767299714}