{"label": "L", "features": [0.0, 0.0, 0.22937782836696347, -0.27998669344239085, 0.38368000269930336, -0.6592948035382147, 0.5098651597851703, -0.9510571412841076, 0.6503567618266418, -1.0345156782894847, 0.3032051110548365, -0.9542541043939518, 0.34485813458024506, -1.2964829085077052, 0.3555618642031646, -1.524180263937929, 0.3749327135871385, -1.7170012886671226, 0.1935878193444483, -0.9810829459305351, 0.2204427299357635, -1.3481614457643833, 0.20436513097669126, -1.3826295014308243, 0.1974596345969447, -1.2740260997308093, 0.07934901682371379, -0.9667598223861508, 0.09145879352764848, -1.2838586183633391, 0.0823965734155792, -1.280595501523208, 0.08366022178902745, -1.1016342439139732, -0.03664454142412498, -0.9133335372127801, -0.02744973353906524, -1.1802195495590135, -0.019388228753795037, -1.2027022872344328, -0.004573437230921659, -1.0878837986364378], "timestamp": 1767299719}