{"label": "L", "features": [0.0, 0.0, -0.27973188829427803, 0.0897126173670491, -0.5717428789759604, 0.02573460220895187, -0.7681132427082475, -0.08653222650013787, -0.8186821841617933, -0.28802803354878753, -0.44618970299333494, -0.9653709508332066, -0.4776197804942877, -0.7509061089280549, -0.4608805412323422, -0.18427979175042306, -0.41421785289230656, 0.18108406007963487, -0.1877609431143956, -0.9822147497847346, -0.21902913476391003, -0.564856876562035, -0.21423674837382334, 0.02500914366771812, -0.17183638127938922, 0.4203497336840703, 0.05600281566890818, -0.9005774508374399, -0.018755747561034337, -0.49303405874770284, -0.014951228199550285, 0.04676280727060099, 0.012897579006864656, 0.43795451724896806, 0.27473805292696507, -0.7620911697758135, 0.21882405243839712, -0.40385271764123454, 0.19447981150713528, 0.02407779539024107, 0.19581769108735156, 0.3181371870948618], "timestamp": 1767299732}