{"label": "L", "features": [0.0, 0.0, -0.2155159841055686, -0.1577575142672388, -0.418603352954694, -0.47714695674469865, -0.5930048133063005, -0.6758717985781064, -0.7376024626841668, -0.7283903469813378, -0.23620230549720395, -1.021368850613688, -0.23249138446280612, -1.455916836335565, -0.23082622758839685, -1.7100525002371705, -0.2113537490453838, -1.9355771679868305, -0.11261060351875223, -0.9936391916361536, -0.1553440224881029, -1.2878130071684843, -0.18820688566458582, -0.8981188540711845, -0.16780207698210478, -0.721636933315324, 0.022636145179223018, -0.9322397189526277, -0.012094532480220032, -1.1802192965752905, -0.060044216354488145, -0.8082865977630769, -0.056114603841083466, -0.6298364536961545, 0.16533916933992404, -0.836031239209726, 0.1408086617938711, -1.0978853717835637, 0.07002911204323085, -0.8469736986701298, 0.04059434294031473, -0.6661266223951982], "timestamp": 1767299731}