{"label": "L", "features": [0.0, 0.0, 0.2096629809355521, -0.19835879659086028, 0.37348547892460215, -0.5402540595666737, 0.5177205284899549, -0.8350247447172914, 0.6697437283443863, -0.955174531241147, 0.2774022830874002, -0.9751656581933571, 0.3109007840624947, -1.3629178535711295, 0.3099274505179754, -1.599045340857749, 0.3185459278244022, -1.792797548954184, 0.1579986497908062, -0.9874393230569657, 0.17031306780982633, -1.3843248192389817, 0.1351035270806179, -1.3085378803430527, 0.11672014915771518, -1.1384072384761776, 0.03568583397099971, -0.9581671465879839, 0.03095387395119957, -1.3019094907603395, 0.012915934592894075, -1.1949828435245344, 0.0140798447114469, -0.9874606628910721, -0.08219904036837652, -0.8968859599258752, -0.08495261993456318, -1.1840936003985778, -0.08384287446438457, -1.1357581351811368, -0.06794395708866012, -0.9854388618027838], "timestamp": 1767299721}