{"label": "L", "features": [0.0, 0.0, 0.2108515860804054, -0.09962308771004205, 0.3934925664789912, -0.40319173863044794, 0.5768197442462545, -0.6047228138871061, 0.7368312986605174, -0.6232482569436454, 0.24360100882940627, -0.9755385375239467, 0.24869603102718618, -1.3863417594916063, 0.24097233677358107, -1.637008014844328, 0.2426697794596246, -1.8380161575950564, 0.1141505622339977, -0.9934634568526562, 0.11229160587597843, -1.4401178645475596, 0.0881157437329554, -1.3070260188021527, 0.0839232583176921, -1.0904107250630102, -0.012114064226109753, -0.9487183773151325, -0.018131155718863708, -1.2933346705183584, -0.027580715831812513, -1.1605055033887586, -0.019806506459782956, -0.9685219202213012, -0.1319968126849476, -0.8534864678194899, -0.12794408576399188, -1.1662661127868987, -0.12143807527838062, -1.1260334477479932, -0.10940436376731133, -1.00785258730562], "timestamp": 1767299721}