{"label": "L", "features": [0.0, 0.0, 0.29187562025239466, -0.09253805988254997, 0.5465653406481589, -0.38707348476586617, 0.7423251952497135, -0.5983219523350837, 0.8805452825201497, -0.6148308359366838, 0.4272645060763512, -0.848736484653189, 0.5084644233019507, -1.1558730899257703, 0.42327930482964177, -0.9169390803742798, 0.3431070475854432, -0.6654961671628259, 0.28758673484773006, -0.9577545916594323, 0.3710367984899887, -1.2856120085878648, 0.2875193295806231, -0.9709267343112505, 0.21351375313677765, -0.6751185393843262, 0.15048189836033646, -1.0274094644991005, 0.21185962067285313, -1.4039392515743467, 0.16841242032273812, -1.1455918041841013, 0.12824122409081398, -0.8764908737264642, 0.007446119279477169, -1.056056342563589, 0.043233630185618335, -1.3992904508798087, 0.07380894771011895, -1.5965860281578834, 0.10809858381699267, -1.755791501768965], "timestamp": 1767299727}