{"label": "L", "features": [0.0, 0.0, 0.20316729647588055, -0.23005780464781828, 0.3340582826834116, -0.627938194020182, 0.4472900750099629, -0.9834872489036571, 0.5811811111663082, -1.1506211331778777, 0.2714803347416045, -0.9750032557116334, 0.31082267978141637, -1.3417613159758062, 0.3114438374466775, -1.576243615465306, 0.3208380360304371, -1.769998795347852, 0.16010095491109894, -0.9871006404312513, 0.17608426187184445, -1.391076987365636, 0.15300881500604901, -1.3899933533380153, 0.14440374621023147, -1.2578296722940163, 0.04234246872529113, -0.9549226972281081, 0.037631580677071834, -1.3049413547694761, 0.03285772151701339, -1.277126852449463, 0.0435576489631238, -1.0913215173582818, -0.0739423902121498, -0.8883174001218626, -0.071726603431393, -1.162232888222352, -0.06016321963910416, -1.1917113321228827, -0.03544993397217163, -1.0912819945058863], "timestamp": 1767299720}