{"label": "L", "features": [0.0, 0.0, -0.19252417276432357, -0.2195656553954141, -0.3680069585825712, -0.5959220439207977, -0.5181645281008933, -0.8097886784086497, -0.665898869959395, -0.8946898805048599, -0.15889842437756516, -1.023775620987699, -0.17674154250683122, -1.4844520049151986, -0.16762572339554657, -1.764862569676427, -0.1607621104824507, -1.9947824671098169, -0.03207408869948521, -0.9994854899955393, -0.12893662622896077, -1.1638791135245536, -0.1673069190573034, -0.824588752243265, -0.17614629583428756, -0.5481648151559371, 0.09633168110292482, -0.9351008115802716, -0.023549643163240895, -1.0352007744853464, -0.05443130196888713, -0.692094443888898, -0.054056095648251645, -0.4447778028135013, 0.23028759962761255, -0.8330766454218216, 0.11654295628688571, -0.9362610463511141, 0.06169892736529954, -0.7104033019929399, 0.0506184795454487, -0.5344315376148964], "timestamp": 1767299717}