{"label": "L", "features": [0.0, 0.0, -0.19537173761921858, -0.23043503091407114, -0.36584228252570744, -0.6591677087122777, -0.49908008307347546, -0.9261762353506268, -0.6361287947019337, -1.045086480714738, -0.14842124402217413, -1.0571498425158041, -0.13720168099722868, -1.5044041501746488, -0.12089761353418503, -1.7808521204900747, -0.0999129301115548, -2.007792788226895, -0.01958007920261408, -0.999808287733058, -0.07647259487058261, -1.2828307334833635, -0.13243520481129997, -0.9399718518906238, -0.15059069508604242, -0.6437952740500036, 0.11289361467566685, -0.8998842550060279, 0.05377366761857029, -1.0835947922291735, -0.0016693399179043202, -0.7389118742762406, -0.021766060827301082, -0.4821942385595275, 0.2533308445471783, -0.7725488515697032, 0.20869487618954569, -0.9992955936228888, 0.14085074061676828, -0.8059324425055412, 0.10855791997017872, -0.625239842893363], "timestamp": 1767299715}