{"label": "L", "features": [0.0, 0.0, -0.21566972861455846, -0.1701541009502374, -0.41160763402091705, -0.5084903704012453, -0.5834474989587218, -0.7268892451933902, -0.7331607350977093, -0.7951095671573627, -0.2182616493331631, -1.025792854621962, -0.19378604356001053, -1.459378434828644, -0.18135477100356048, -1.705710632414471, -0.1563656764161535, -1.9351883148030065, -0.09035085661076857, -0.9959099929072237, -0.127843091357432, -1.2732468117472453, -0.16558477959499587, -0.8989777824524997, -0.14727754933952714, -0.732229580939609, 0.04483965557415657, -0.9284674554707247, 0.010579119444993863, -1.164763967260315, -0.04470347167463575, -0.7980347869034753, -0.044448810386430476, -0.6259355736598908, 0.18529394888491982, -0.8224939881151178, 0.16009810474451183, -1.075194280245268, 0.08560837599514207, -0.818138707229104, 0.056952471325417385, -0.6395497973741288], "timestamp": 1767299731}