{"label": "L", "features": [0.0, 0.0, -0.2286502324937926, -0.20135658319452332, -0.4268619270047192, -0.6121743043439063, -0.5727905098347846, -0.8890322120787931, -0.7110701854265006, -1.0081696693004025, -0.20109736914190499, -1.038586443347742, -0.20695214682338045, -1.4994051322206499, -0.19806771770667359, -1.7782181668303447, -0.17850612504045804, -2.010577755207354, -0.07581048403476728, -0.9971222398221269, -0.15137040378616398, -1.318945275429456, -0.19531095253996825, -0.953547771624873, -0.19026199852260664, -0.6365348447937417, 0.05709740582927551, -0.9246226642355505, -0.020771165236829665, -1.1553067086018243, -0.06002660833130713, -0.7711771529043675, -0.05471202269059497, -0.4875277811859172, 0.2044191595578591, -0.8239189813801744, 0.13206216565146345, -1.0855521791397467, 0.07856948139998815, -0.8506102161050594, 0.070764878315179, -0.6328321855060717], "timestamp": 1767299713}