{"label": "L", "features": [0.0, 0.0, -0.19409826926646304, -0.19601683112816648, -0.37571043393923187, -0.5895699884923047, -0.5081780306886449, -0.8343144155207005, -0.6315095251336944, -0.9671033260055816, -0.15761346252055056, -1.0356221310670215, -0.17251751429305745, -1.4993492271467515, -0.16097940785782447, -1.7791416243848979, -0.14351809119524855, -2.011134924307253, -0.0325481002922765, -0.9994701661066283, -0.13139254476272846, -1.2139335942602527, -0.16710816076480278, -0.8593055110879599, -0.16231077499990149, -0.5783531957925399, 0.09473383615540618, -0.9290678738889597, -0.013362236397581287, -1.0693792049487043, -0.05199910933814807, -0.711015543004519, -0.05164517367381182, -0.4620668115947043, 0.2288882073771964, -0.8232396385864593, 0.12464078659766697, -0.9740822112844167, 0.06913322560139999, -0.7295921371901282, 0.06309301792992092, -0.5409248058860581], "timestamp": 1767299716}