{"label": "L", "features": [0.0, 0.0, -0.22423967166372014, -0.20459579335752054, -0.4170510942202518, -0.5972051994321605, -0.5644894017192201, -0.8641649133247526, -0.7072690057063021, -0.9760297661714897, -0.20608493746136664, -1.0291518100715624, -0.22692507584587937, -1.499276043623616, -0.22412773454078916, -1.7847366273851006, -0.21206352093247285, -2.020280318312572, -0.08170078682934886, -0.9966568979919784, -0.16075420636297136, -1.296901332741728, -0.19703215849034827, -0.9307376153436192, -0.18848608518502466, -0.6189136655955261, 0.05301608400215268, -0.9321653570450807, -0.026071025345167483, -1.1340828102136369, -0.060361006772336065, -0.7434994117256379, -0.052675925560624615, -0.4671301872056965, 0.2006980992663372, -0.8401516835356024, 0.13497443489106115, -1.0830913753378955, 0.07656472039273028, -0.843995310909642, 0.06034878063026836, -0.6341735210482937], "timestamp": 1767299714}