{"label": "L", "features": [0.0, 0.0, 0.19397937554661562, -0.14412115828365946, 0.3659286047987327, -0.4782886268699106, 0.5299539247984129, -0.7049569609856081, 0.6800338917292871, -0.7406268804182863, 0.22511540529954358, -0.9785653111930191, 0.23160468277498505, -1.3740851109364682, 0.2213721134109698, -1.6190776564178249, 0.22462789697501126, -1.8173419997691613, 0.1100189859278298, -0.993929481592533, 0.1047203992823189, -1.427914248495979, 0.07773273538468341, -1.3172596961598702, 0.06994156786250236, -1.1117677772855437, -0.003743416411772904, -0.961258827933721, -0.016158503886663806, -1.332871169632825, -0.03078823645780183, -1.2321635304419631, -0.030324761110698553, -1.040436156951329, -0.12536497594027304, -0.8929914744833098, -0.12679307024931497, -1.2020065020804716, -0.12236446493441583, -1.1693009819259073, -0.11630578868151148, -1.0383889955578904], "timestamp": 1767299722}