{"label": "L", "features": [0.0, 0.0, -0.19139094696754205, -0.21597313926701348, -0.3671769452466188, -0.598312556163911, -0.5129537436976229, -0.8131397622909551, -0.6493415961893848, -0.9044531137820834, -0.15866485088966228, -1.027749849345592, -0.1744386968922656, -1.485038479252908, -0.1622938410998933, -1.76405102651948, -0.1497094161140542, -1.9891780609642236, -0.031143501589163233, -0.9995149194373452, -0.13466398521374484, -1.1799156672866435, -0.1772595485908032, -0.8578030455841392, -0.18491905390298213, -0.5817090051346097, 0.09639844494476729, -0.9326911938554433, -0.022588380103305498, -1.0345433015720762, -0.0601000616286914, -0.7010312016070254, -0.06118735323347949, -0.45287621786550947, 0.22612272894085997, -0.8291130379772536, 0.10768064013695114, -0.9530126666793209, 0.053724127439882766, -0.7160228373800196, 0.049401858584387955, -0.526600501287739], "timestamp": 1767299717}