{"label": "L", "features": [0.0, 0.0, -0.19365379581252684, -0.2545851105501675, -0.3385801853427564, -0.6747489817901923, -0.43856238512702855, -0.9599817343684733, -0.5510763360884499, -1.1131390897448177, -0.12001157146880415, -1.065610742412813, -0.10618983045150639, -1.4979497682862535, -0.08959985823599306, -1.7530352444897919, -0.06666217263103459, -1.9731552130724386, 0.00036986753846896615, -0.9999999274758449, -0.03513938222784597, -1.277196109704974, -0.10766487694047033, -0.9481017364883473, -0.1362695230567616, -0.6774891964439657, 0.12285328465638996, -0.902105206011676, 0.08621280546843207, -1.1467324010859472, 0.006832596215624051, -0.8196107366608755, -0.022469268642618362, -0.5669187089338484, 0.2523956421779283, -0.7744527364441751, 0.22574674747102974, -1.0350412517981433, 0.1447445277505173, -0.8461195486455633, 0.10128644365580353, -0.6546780768073205], "timestamp": 1767299718}