{"label": "L", "features": [0.0, 0.0, -0.1833264632402512, -0.07356825822541793, -0.3586406609379543, -0.29094186143836737, -0.5122822897916547, -0.4300326948500184, -0.6465658119605059, -0.48624356874318664, -0.23760200729222428, -0.9366828141833278, -0.3022263971012269, -1.287738905452956, -0.3286605985955044, -1.5256015211362182, -0.3460518812516806, -1.675480916861364, -0.07032603981071504, -0.9975240548766724, -0.021883892437842577, -1.4490442000641444, -0.03798223051191346, -1.501460144573056, -0.07548940366156585, -1.3359016921704907, 0.07771467235847301, -0.9366671872964113, 0.13450782809951392, -1.3488239255821977, 0.12017244328326716, -1.4058974036331557, 0.08450178996676881, -1.282441871615558, 0.2065874450359032, -0.7853996431857919, 0.28532002876675144, -1.0951396879301087, 0.3006088940985485, -1.21294670136151, 0.2865288285731526, -1.1988050899430278], "timestamp": 1767299718}