{"label": "L", "features": [0.0, 0.0, -0.18613822455945836, -0.1929465999635014, -0.3662064380518184, -0.5659444092455311, -0.5131335167462303, -0.7910071036689582, -0.6473297381396462, -0.9003825001670521, -0.16549276257373566, -1.019908669956442, -0.17990080620351012, -1.4672822565874366, -0.17394359747267552, -1.7421283820819067, -0.1662953116795098, -1.9697824167991196, -0.03969205264045516, -0.9992119559538182, -0.15567321142904844, -1.1607959140049215, -0.1882807504622503, -0.8208546976424937, -0.18193795412762684, -0.5510604882438757, 0.0853427509841814, -0.936826755605656, -0.04031713565032403, -1.0199328589924561, -0.06944600391021348, -0.6774019788040848, -0.06176370976938443, -0.4432746227559349, 0.2162051963249633, -0.8368862806300847, 0.09257766770645297, -0.9344801796168839, 0.043132404148794753, -0.6946684001054244, 0.045371446700236934, -0.5221418969505245], "timestamp": 1767299717}