{"label": "L", "features": [0.0, 0.0, -0.21215441253196707, -0.17595517891893286, -0.4037720272656298, -0.5277659226921626, -0.5731387060757597, -0.7519490569512053, -0.724960631356286, -0.8274083927088138, -0.19561459673495038, -1.038063678252468, -0.17429873932984408, -1.4746283968584135, -0.1593988039007819, -1.7255813232458368, -0.1281629380849189, -1.95040858533322, -0.07097903148946406, -0.9974778034658298, -0.11151755725317118, -1.286193516174326, -0.15608928831439722, -0.915702159796813, -0.1364422899142304, -0.7350420921731019, 0.06160133757085518, -0.9210691586091324, 0.026871993571318854, -1.1562416647312441, -0.03278156561361625, -0.7949859552035474, -0.03154117645552633, -0.6156713242969968, 0.20039865921577696, -0.8086480888528219, 0.17833349705434431, -1.0645457539136403, 0.10094915183987525, -0.8187551647148299, 0.07345385883554875, -0.6418281665055788], "timestamp": 1767299731}