{"label": "L", "features": [0.0, 0.0, -0.20809408471909496, -0.2402540167028127, -0.37632205630313387, -0.6402206896503262, -0.5106773914566287, -0.9246480437343058, -0.645314304318688, -1.0371832078002308, -0.1529780294345905, -1.0454446334936551, -0.13181001110838447, -1.5272018435115515, -0.10305892462369802, -1.8037032424469024, -0.07612906990283519, -2.030525582185949, -0.02807520109819346, -0.9996058097010753, -0.06074489009249954, -1.252284102873887, -0.1117079831942332, -0.9450679899392508, -0.13137071032864853, -0.6834605437764099, 0.09962041334325518, -0.9155384239073564, 0.056323205373109156, -1.0929195251310817, -0.0059759244505101046, -0.7721018986340984, -0.029813368674064745, -0.5415396927184365, 0.22993428020911752, -0.7910237228777605, 0.18787710190197396, -0.9803457955493216, 0.13017592098229866, -0.7815591025332529, 0.10677579981971919, -0.6121447469075975], "timestamp": 1767299718}