{"label": "L", "features": [0.0, 0.0, 0.2432355494439352, -0.029605342768423585, 0.5220633710349342, -0.3109124249835857, 0.737362371000123, -0.5168502787387783, 0.9039565730314129, -0.592792338074269, 0.4178648457484426, -0.8440703446561457, 0.5008467241180946, -1.1422803554180188, 0.405581010386285, -0.8541582056143932, 0.33765232487307634, -0.5979017980494357, 0.2627821145697708, -0.9648551953062194, 0.349134896481653, -1.2605154460141978, 0.25793330000583103, -0.8998064943297734, 0.19423053070091822, -0.6312990161506797, 0.10451218332373065, -1.0368702707412056, 0.1808919649670586, -1.372767840878953, 0.12864526095771628, -1.0520443986507393, 0.08778044138185093, -0.7736415984259288, -0.05546243517751587, -1.056996293320814, -0.003398330213326844, -1.4411773214586339, 0.03535261090030009, -1.6737565967876347, 0.07828013702857257, -1.882790535159237], "timestamp": 1767299727}