{"label": "L", "features": [0.0, 0.0, 0.19530876124459337, -0.13924768515318864, 0.37233917732806104, -0.4537721544117363, 0.5363454969766132, -0.6639393953383164, 0.6855386364355234, -0.6924953090180611, 0.23573080308618982, -0.9732204483579537, 0.2454555454631771, -1.3583715038470108, 0.24020068125473404, -1.5963491863727919, 0.240056289122885, -1.788978999650266, 0.12126267882428482, -0.9926204483403995, 0.11933314202400032, -1.4126609758791049, 0.10340138442420307, -1.3035773363839012, 0.0982201318908203, -1.115866826401468, 0.006885645932855772, -0.9634384661333025, 0.00480026903118944, -1.3326896460022288, 0.0009690152275495761, -1.2162822603207588, 0.0015416598970821762, -1.026667448309592, -0.11526775877894793, -0.8947452326929219, -0.11604486664626507, -1.2039502121085672, -0.10339904559171788, -1.1725394456395275, -0.09494342757906443, -1.052004389911031], "timestamp": 1767299722}