{"label": "L", "features": [0.0, 0.0, 0.21375311544355546, -0.2505871294217967, 0.34022215730343486, -0.6558966680440909, 0.44822439808101383, -1.0210767568808363, 0.591584575401837, -1.2063825298373776, 0.2843839331819393, -0.9811740193720695, 0.325036718121921, -1.373954721645906, 0.3206953768919713, -1.6225868018792622, 0.32982918924676197, -1.8275469382694234, 0.17086931036552852, -0.9852936965743156, 0.18963319325721478, -1.4296070784149795, 0.1628341805828334, -1.445042788368973, 0.15593001157088485, -1.297386245128169, 0.04824718728043134, -0.9730969738243013, 0.046853870534866615, -1.3247223609090149, 0.04291149395933427, -1.3186789948535103, 0.057317361101388555, -1.1139530666251256, -0.07098924342293127, -0.9252446208126779, -0.07650996272160415, -1.215621590536585, -0.06698919442611236, -1.2383888879244758, -0.044602886866376035, -1.108136871778137], "timestamp": 1767299720}