{"label": "L", "features": [0.0, 0.0, -0.2332829041248443, -0.19819377198223165, -0.43037316374005663, -0.6057408770608985, -0.5708711111506802, -0.885538052343199, -0.7119024414309328, -1.0055965232121244, -0.1999868403868662, -1.0354364552557167, -0.2089468931227097, -1.5035631600346377, -0.20312784190984273, -1.7845181324749688, -0.18808427359466695, -2.012843443262764, -0.07806152947423968, -0.9969485384287099, -0.15551757474104572, -1.3228646802364867, -0.202659879172971, -0.9574448000509327, -0.19857710612183446, -0.6381578055680374, 0.05381126060354858, -0.9253212877987985, -0.024068484416689188, -1.1560536418967429, -0.06489677169514195, -0.7681966048602749, -0.05980290961347712, -0.4878835848715953, 0.19980561269995156, -0.8271716018149439, 0.127888564801103, -1.0970051516865509, 0.06791806829434999, -0.8541297074146957, 0.05325560705042785, -0.6309624261153763], "timestamp": 1767299713}