{"label": "L", "features": [0.0, 0.0, 0.19951588676947254, -0.14360511693552183, 0.3730974541102701, -0.43644567411312585, 0.5444407288920733, -0.6519339164124972, 0.6957879830493688, -0.6911895989974186, 0.2273834322683419, -0.9750792625546327, 0.23548868967641123, -1.3709151737225165, 0.2242468883812139, -1.6242303958466577, 0.225137298033433, -1.8301123321935653, 0.10583264940622159, -0.9943839509122326, 0.1028587570549961, -1.424563873012442, 0.07079755916427613, -1.288834834182458, 0.06932775084489573, -1.079138048981824, -0.010836310763235046, -0.9534827811717189, -0.020621963432580326, -1.2988878627047564, -0.03536627457068632, -1.1784344085560812, -0.027390088618595636, -0.9845446712979242, -0.12705121260151747, -0.8679121369778765, -0.1273362954646001, -1.1811815246990072, -0.12293572401152358, -1.1567681109618002, -0.11008751746166226, -1.038341603558361], "timestamp": 1767299721}