{"label": "L", "features": [0.0, 0.0, 0.1855157865427636, -0.09837209256748253, 0.353092098062848, -0.41084788313044596, 0.518987791054264, -0.6045881186137261, 0.6531477721691565, -0.6282607487628297, 0.2445434331910593, -0.9677279351616492, 0.2677510378249488, -1.3498466955309654, 0.27209379545503265, -1.5828619110476456, 0.2790582604015403, -1.7730602261851696, 0.13256334552240817, -0.9911745312367942, 0.14677457805662542, -1.417215887327943, 0.14803720151434296, -1.2841266886493987, 0.14505220801111104, -1.0754972383856487, 0.016178832753389404, -0.9563883191668152, 0.027077658308879538, -1.3253258377264014, 0.0384061165707633, -1.2024511236490694, 0.03542328262874754, -1.0041400568761538, -0.10919089438235145, -0.8878632822166971, -0.09668091618397942, -1.2062401937784533, -0.0777090509243505, -1.178225885779874, -0.07551457680185794, -1.0579344868195673], "timestamp": 1767299722}