{"label": "L", "features": [0.0, 0.0, 0.20942973728157474, -0.20878776686957087, 0.3532806267421563, -0.5979763768615373, 0.4748395866265947, -0.9389352616071066, 0.6148491705365783, -1.0838566860277739, 0.2795279399483928, -0.9709397141878856, 0.31448633283450844, -1.3295278806093531, 0.3146770981036955, -1.5642626454554251, 0.32459952133177833, -1.7564355753615817, 0.1658430867761031, -0.9861521488929043, 0.18316562491042962, -1.388442651955522, 0.16393207451211064, -1.3752612977007683, 0.1531715110737711, -1.2311953956243802, 0.04672492907245765, -0.9599016208786001, 0.039810783577075626, -1.3029010805173877, 0.0361593668855459, -1.2660002706713567, 0.039765502387605504, -1.0657480080169046, -0.07690608343529841, -0.905667317771758, -0.07929123357354903, -1.1885904705202914, -0.07166778015537045, -1.208849128620873, -0.056056505812131896, -1.0982309805225356], "timestamp": 1767299720}