{
  "templates": {
    "A": [
      0.0,
      0.0,
      -0.01341444905847311,
      -0.24943958222866058,
      -0.05110279098153114,
      -0.6878882646560669,
      -0.044485121965408325,
      -1.0532859563827515,
      -0.013311246410012245,
      -1.273634672164917,
      -0.10406584292650223,
      -0.977909505367279,
      -0.1199193149805069,
      -1.2640855312347412,
      -0.10850752890110016,
      -1.0564051866531372,
      -0.11445765942335129,
      -0.9368173480033875,
      -0.1086561381816864,
      -0.9747138023376465,
      -0.11234723776578903,
      -1.2468026876449585,
      -0.09846676886081696,
      -0.9857513904571533,
      -0.11061371117830276,
      -0.8925917148590088,
      -0.10907269269227982,
      -0.9178671836853027,
      -0.11123785376548767,
      -1.1945232152938843,
      -0.09555601328611374,
      -0.945789635181427,
      -0.10484374314546585,
      -0.8377830982208252,
      -0.10651321709156036,
      -0.8256576061248779,
      -0.1254410296678543,
      -1.0821646451950073,
      -0.10651126503944397,
      -0.9607734084129333,
      -0.09627754986286163,
      -0.8851462006568909
    ],
    "B": [
      0.0,
      0.0,
      -0.11008600890636444,
      -0.10971721261739731,
      -0.20399786531925201,
      -0.4684246778488159,
      -0.23830674588680267,
      -0.8075731992721558,
      -0.2497895509004593,
      -0.9561027884483337,
      -0.154939204454422,
      -0.8496177792549133,
      -0.20438893139362335,
      -1.209001898765564,
      -0.235964834690094,
      -1.4113378524780273,
      -0.25582364201545715,
      -1.578862190246582,
      -0.11158903688192368,
      -0.9548802971839905,
      -0.17454397678375244,
      -1.3197541236877441,
      -0.21691301465034485,
      -1.4314240217208862,
      -0.23859894275665283,
      -1.5131332874298096,
      -0.06674385815858841,
      -0.9767668843269348,
      -0.12065256386995316,
      -1.3164210319519043,
      -0.15956255793571472,
      -1.4149508476257324,
      -0.18055573105812073,
      -1.490357518196106,
      -0.023290060460567474,
      -0.9488281607627869,
      -0.055263202637434006,
      -1.2429389953613281,
      -0.08064884692430496,
      -1.3437551259994507,
      -0.09209166467189789,
      -1.4179062843322754
    ],
    "C": [
      0.0,
      0.0,
      0.008316656574606895,
      -0.0836452767252922,
      0.01166230347007513,
      -0.32876744866371155,
      0.02120470255613327,
      -0.47256723046302795,
      0.028590943664312363,
      -0.5753173232078552,
      0.04347217455506325,
      -0.8952128291130066,
      0.0441325418651104,
      -1.1300464868545532,
      0.059783730655908585,
      -1.1268720626831055,
      0.07776319235563278,
      -1.0796561241149902,
      0.044953566044569016,
      -0.9589506387710571,
      0.04242853820323944,
      -1.2409530878067017,
      0.06038721650838852,
      -1.1871200799942017,
      0.08260472118854523,
      -1.0682963132858276,
      0.03654637932777405,
      -0.9618744254112244,
      0.03301280736923218,
      -1.2552906274795532,
      0.051396023482084274,
      -1.1981627941131592,
      0.0747263953089714,
      -1.0867551565170288,
      0.02120087295770645,
      -0.9129767417907715,
      0.01597588136792183,
      -1.1541757583618164,
      0.030079208314418793,
      -1.1698840856552124,
      0.053103819489479065,
      -1.1347910165786743
    ],
    "L": [
      0.0,
      0.0,
      -0.14829939603805542,
      -0.13929463922977448,
      -0.29462122917175293,
      -0.4772624373435974,
      -0.40038251876831055,
      -0.7186492085456848,
      -0.4833594560623169,
      -0.8278116583824158,
      -0.18403619527816772,
      -0.9661887288093567,
      -0.20185428857803345,
      -1.3731087446212769,
      -0.21212643384933472,
      -1.597097635269165,
      -0.21264223754405975,
      -1.790400505065918,
      -0.10504008084535599,
      -0.9815945029258728,
      -0.16963748633861542,
      -1.2776073217391968,
      -0.18119458854198456,
      -0.9642626643180847,
      -0.16032512485980988,
      -0.7064217925071716,
      -0.019423598423600197,
      -0.9554583430290222,
      -0.08283869922161102,
      -1.1973570585250854,
      -0.0951290875673294,
      -0.8741822242736816,
      -0.07656154781579971,
      -0.6244887709617615,
      0.07724092900753021,
      -0.8968969583511353,
      0.017999893054366112,
      -1.1531903743743896,
      -0.016197752207517624,
      -0.9691359400749207,
      -0.01634353958070278,
      -0.7820077538490295
    ],
    "Y": [
      0.0,
      0.0,
      0.11560621857643127,
      -0.274898886680603,
      0.22894826531410217,
      -0.6732045412063599,
      0.34024596214294434,
      -0.9520900249481201,
      0.438796728849411,
      -1.1126967668533325,
      0.15956546366214752,
      -1.0248427391052246,
      0.3276073932647705,
      -1.231536865234375,
      0.3592401146888733,
      -1.004562258720398,
      0.35576319694519043,
      -0.8257251977920532,
      0.12110164016485214,
      -0.9570590257644653,
      0.3123890161514282,
      -1.1351464986801147,
      0.33635300397872925,
      -0.8539693355560303,
      0.32343652844429016,
      -0.6541329622268677,
      0.09108657389879227,
      -0.8443902730941772,
      0.2615898549556732,
      -1.0389997959136963,
      0.28985610604286194,
      -0.799988329410553,
      0.284290075302124,
      -0.6159632205963135,
      0.06705613434314728,
      -0.7035137414932251,
      0.19406649470329285,
      -0.9360302686691284,
      0.2306978404521942,
      -1.0252114534378052,
      0.2433442771434784,
      -1.1180241107940674
    ]
  },
  "counts": {
    "A": 236,
    "B": 108,
    "C": 231,
    "L": 87,
    "Y": 452
  }
}