{
  "templates": {
    "A": [
      0.0,
      0.0,
      0.07717819511890411,
      -0.32435527443885803,
      0.07549471408128738,
      -0.7932391166687012,
      0.058868177235126495,
      -1.1439505815505981,
      0.06850848346948624,
      -1.3736295700073242,
      -0.02498595230281353,
      -1.0553406476974487,
      -0.052654001861810684,
      -1.3410412073135376,
      -0.0025857386644929647,
      -1.0346249341964722,
      0.00044943662942387164,
      -0.8571736216545105,
      -0.08446869254112244,
      -0.9885320067405701,
      -0.10480458289384842,
      -1.2395648956298828,
      -0.04373522847890854,
      -0.8708187341690063,
      -0.059526227414608,
      -0.7173711061477661,
      -0.1427886039018631,
      -0.8848015069961548,
      -0.16138222813606262,
      -1.1351943016052246,
      -0.09956464171409607,
      -0.7800925970077515,
      -0.11237505823373795,
      -0.6063545942306519,
      -0.2050912231206894,
      -0.7487883567810059,
      -0.2527967691421509,
      -0.9836739301681519,
      -0.19253353774547577,
      -0.775438666343689,
      -0.1679847240447998,
      -0.6255272626876831
    ],
    "B": [
      0.0,
      0.0,
      -0.03878670930862427,
      -0.1400514841079712,
      -0.08088873326778412,
      -0.5153611898422241,
      -0.12121850252151489,
      -0.8610399961471558,
      -0.1587470918893814,
      -1.0045806169509888,
      -0.007206337060779333,
      -0.879547119140625,
      0.01176357176154852,
      -1.2652711868286133,
      0.025825083255767822,
      -1.4971321821212769,
      0.04097459465265274,
      -1.696692705154419,
      0.017505038529634476,
      -0.9648141264915466,
      0.018722638487815857,
      -1.328410267829895,
      0.018063781782984734,
      -1.4137567281723022,
      0.02908494509756565,
      -1.4841231107711792,
      0.04454740881919861,
      -0.9725703597068787,
      0.04866543784737587,
      -1.2992810010910034,
      0.0524231381714344,
      -1.369479775428772,
      0.06333726644515991,
      -1.4353107213974,
      0.07225916534662247,
      -0.9323480725288391,
      0.08501248061656952,
      -1.2230801582336426,
      0.08792009949684143,
      -1.311707854270935,
      0.10041260719299316,
      -1.3844444751739502
    ],
    "C": [
      0.0,
      0.0,
      0.010824715718626976,
      -0.10218554735183716,
      0.018028516322374344,
      -0.35463228821754456,
      0.030241070315241814,
      -0.5031333565711975,
      0.035860273987054825,
      -0.6114121675491333,
      0.05445953831076622,
      -0.9002939462661743,
      0.030685391277074814,
      -1.1354701519012451,
      0.04014846682548523,
      -1.121746301651001,
      0.058830298483371735,
      -1.070504069328308,
      0.05041201040148735,
      -0.957279622554779,
      0.023142926394939423,
      -1.2305305004119873,
      0.034807197749614716,
      -1.1937240362167358,
      0.05764837935566902,
      -1.1001020669937134,
      0.03563430532813072,
      -0.9568362832069397,
      0.00843256339430809,
      -1.235803484916687,
      0.019796965643763542,
      -1.19465172290802,
      0.04232114180922508,
      -1.1058933734893799,
      0.012625501491129398,
      -0.9092525243759155,
      -0.015996523201465607,
      -1.1279284954071045,
      -0.008299260400235653,
      -1.129778265953064,
      0.013882942497730255,
      -1.0921080112457275
    ],
    "L": [
      0.0,
      0.0,
      -0.0465087890625,
      -0.16775165498256683,
      -0.09556993842124939,
      -0.5237417817115784,
      -0.12577396631240845,
      -0.7695708870887756,
      -0.15343241393566132,
      -0.8662477731704712,
      -0.013317805714905262,
      -0.9979484677314758,
      -0.003489200957119465,
      -1.4057676792144775,
      -0.0018399689579382539,
      -1.6256294250488281,
      0.007522910367697477,
      -1.8076313734054565,
      0.021302761510014534,
      -0.9922348260879517,
      -0.009991595521569252,
      -1.302820086479187,
      -0.043124374002218246,
      -1.0463093519210815,
      -0.04688539355993271,
      -0.8074767589569092,
      0.05789704620838165,
      -0.9415256977081299,
      0.019356032833456993,
      -1.1877868175506592,
      -0.009567463770508766,
      -0.9288520812988281,
      -0.011548569425940514,
      -0.701697587966919,
      0.09743265807628632,
      -0.8536354303359985,
      0.0640825629234314,
      -1.0952211618423462,
      0.03454330936074257,
      -0.9587790966033936,
      0.030603228136897087,
      -0.809876024723053
    ],
    "Y": [
      0.0,
      0.0,
      0.16416530311107635,
      -0.30727657675743103,
      0.3434012830257416,
      -0.6764029264450073,
      0.5052925944328308,
      -0.918229341506958,
      0.6304561495780945,
      -1.0603933334350586,
      0.2614598572254181,
      -1.0494061708450317,
      0.5545594692230225,
      -1.2080491781234741,
      0.6075966954231262,
      -1.0170412063598633,
      0.5934884548187256,
      -0.891132116317749,
      0.22617901861667633,
      -0.9230066537857056,
      0.5576866269111633,
      -1.0439423322677612,
      0.5904285907745361,
      -0.8122713565826416,
      0.559368908405304,
      -0.6726899743080139,
      0.2086707353591919,
      -0.7437006831169128,
      0.5166940093040466,
      -0.8503846526145935,
      0.5449157357215881,
      -0.6541279554367065,
      0.5169636607170105,
      -0.5278856754302979,
      0.20090480148792267,
      -0.5401368737220764,
      0.4492572844028473,
      -0.6757678985595703,
      0.5121534466743469,
      -0.664444625377655,
      0.5289111733436584,
      -0.6671983003616333
    ]
  },
  "counts": {
    "A": 55,
    "B": 69,
    "C": 116,
    "L": 44,
    "Y": 234
  }
}