{"label": "B", "features": [0.0, 0.0, 0.19231374199861648, -0.15227065993587077, 0.3090353417959647, -0.5159515219384988, 0.22264432213737245, -0.8701586907624824, 0.08491101474941318, -1.007719729041013, 0.3843144499764424, -0.8403586274711712, 0.5097244229206264, -1.1661128663611764, 0.5778439770604519, -1.3647599215311474, 0.6369821343914233, -1.5464401311822935, 0.27923417066472145, -0.9602230306756604, 0.3965829463435829, -1.3332814807428301, 0.4678522278901246, -1.5784575360975368, 0.531138137926568, -1.7932466499569464, 0.16774545278625605, -0.9852474729800289, 0.27049386752107246, -1.34660270200537, 0.348192359633084, -1.5730435223497692, 0.4085307230504044, -1.7610395274533448, 0.04353679376835316, -0.9533203570192448, 0.10660868297793005, -1.260484487930037, 0.15818714833280392, -1.4558412585019171, 0.2073805035540407, -1.6287396210119636], "timestamp": 1767299666}