{"label": "B", "features": [0.0, 0.0, -0.22049502631262852, -0.1609910292138838, -0.42592062726396557, -0.5542117345663342, -0.5832688989423629, -0.8356925531139996, -0.7303667262250285, -0.9618864369006798, -0.2671609945936543, -1.0118601318631342, -0.2554547326738154, -1.533690906745917, -0.23645706385343596, -1.8334867453154062, -0.20443818387786708, -2.0920756635088362, -0.12918612977579866, -0.9916203582456965, -0.17828488804744042, -1.2766909078627384, -0.18982858903329597, -0.897456334662416, -0.1648116128781427, -0.5909033710100083, 0.008326226420987607, -0.9375175619979803, -0.034159220971275946, -1.1208929907919674, -0.05530231918562556, -0.7591175154635337, -0.0500567161972729, -0.49227628652914796, 0.1526500732189768, -0.8679529981018468, 0.15432710216230983, -1.205388254244115, 0.10579770887526184, -1.1232114257268817, 0.06687521150888505, -0.9995614732613004], "timestamp": 1767299709}