{"label": "B", "features": [0.0, 0.0, -0.2885570470143175, 0.03236408652823295, -0.5010377794387886, -0.39107930465488616, -0.43873545925330226, -0.9174866732506959, -0.2579386550548887, -1.1157217176570053, -0.6138787011030169, -0.6297400467978836, -0.8011151485507219, -1.035558368338878, -0.9011687335464827, -1.2805260124322995, -0.9766829822630271, -1.4940373492026449, -0.496805833581184, -0.867861710525108, -0.6719044527192252, -1.327556096863902, -0.7807009340617701, -1.6061194594011923, -0.8574258555414975, -1.8259496425851873, -0.3634794813831108, -0.9975064636428836, -0.4946373500876346, -1.4161058115698864, -0.5953949823120225, -1.6608059447604975, -0.6602727992096562, -1.8373223491467114, -0.20203901789286313, -1.0831635899431615, -0.2592489401340299, -1.4141798232165428, -0.31968341671168643, -1.6217763970178374, -0.36315991065001446, -1.781099310008668], "timestamp": 1767299675}