{"label": "B", "features": [0.0, 0.0, -0.21935606289961282, -0.2099596073743738, -0.39664477640828566, -0.6615652766988493, -0.5172163809964525, -0.9822171006542774, -0.625738900919814, -1.1805225296909967, -0.18313747272476372, -1.0556513723712329, -0.13435698496539397, -1.552133152243766, -0.09125189604400662, -1.8372175642147865, -0.044037573936554594, -2.076117587007925, -0.05036738128258307, -0.9987307534416431, -0.09196068156506186, -1.288493203690255, -0.1358122430462237, -0.9011684319572351, -0.1401766713230443, -0.5903440417341137, 0.07962382944032174, -0.9110147092089015, 0.03504194698740797, -1.1155212712737363, -0.015091236268848453, -0.7455134246390691, -0.02837107194097046, -0.47839738514997654, 0.21944651179253896, -0.8041315754698265, 0.23540858784893537, -1.1278880038363182, 0.1745550572358601, -1.029373546237982, 0.12615386260188602, -0.9030177887858144], "timestamp": 1767299709}