{"label": "B", "features": [0.0, 0.0, -0.22793983901432602, -0.2076461668105996, -0.41687829131281906, -0.6243877519465455, -0.5534759887905847, -0.9070319236291168, -0.6945689395823743, -1.0258176918063922, -0.19016687075829067, -1.0384278680569123, -0.18540235608779368, -1.4996758924927767, -0.16759845204869883, -1.7779415922512842, -0.14208752973851482, -2.005885582262884, -0.06887998835716959, -0.9976249485243904, -0.13527823381110302, -1.3218064895237376, -0.18348431861429568, -0.9600916311776104, -0.18305344509730875, -0.6489146111697638, 0.06204218891514655, -0.9243028396182972, -0.006315050518716493, -1.1646970541188124, -0.05114277700760195, -0.7819499227874314, -0.05128474111435486, -0.5075443737601059, 0.20682952728033088, -0.8237911451046258, 0.14447961110064392, -1.0931723270321347, 0.08237709435845615, -0.8590986977133673, 0.06421952535166106, -0.6465875620982525], "timestamp": 1767299713}