{"label": "B", "features": [0.0, 0.0, -0.23035830756075917, -0.21150972816585498, -0.4191866777793208, -0.6111403680001144, -0.5595093875984517, -0.8849182900424944, -0.7004555641974798, -0.9967471360294866, -0.1810749659835769, -1.0451966183268417, -0.1732956757603809, -1.5130081972810772, -0.14905620162905117, -1.791108666280461, -0.11620495490896485, -2.0131815299336377, -0.060922397872391974, -0.9981425009472159, -0.1320345120830153, -1.306329235128012, -0.1836544771705455, -0.9464239487982001, -0.18573086388451407, -0.6358452391535405, 0.06804104463049372, -0.9228093183610342, -0.005280190829394307, -1.146851995563948, -0.051813008467701545, -0.7690124009122259, -0.053106757112558876, -0.4994335166171392, 0.21160445986739412, -0.8217573049555335, 0.14665183393678866, -1.0794360700104713, 0.0806970898029827, -0.8445160454846075, 0.05900408091622421, -0.6344953124066076], "timestamp": 1767299711}