{"label": "B", "features": [0.0, 0.0, -0.1860112141328743, -0.06867181521552652, -0.31569400130271374, -0.4674618044693914, -0.2378798367524507, -0.8404513139791748, -0.08110317666505619, -0.9643637457390428, -0.3315837700655885, -0.8387611055339553, -0.4391394264102205, -1.2181024670468974, -0.5057850504386484, -1.4461820272569763, -0.5555716407283253, -1.6406539544283885, -0.23901693711842065, -0.9710153929278524, -0.34221230489922233, -1.421735149292852, -0.4108232875848821, -1.703000746346236, -0.4604501534884476, -1.9205759324759473, -0.1312909496901618, -0.9998219355324239, -0.20232743452819918, -1.4552323478926839, -0.25655947892351993, -1.73492908959889, -0.2971672203605404, -1.9566178025943572, -0.010796682185419265, -0.9652394222074318, -0.009461174183576395, -1.3331913743208688, -0.014320601454005356, -1.586649954029645, -0.01420143208780494, -1.8033884589024205], "timestamp": 1767299676}