{"label": "B", "features": [0.0, 0.0, -0.23159542528684945, -0.20704219666550078, -0.4229299044023954, -0.6042724757904, -0.5675913464370379, -0.8704544305143935, -0.7095054935678279, -0.9800120665719229, -0.1854147192423976, -1.0428286821983035, -0.17292085974999277, -1.509042872973019, -0.1479720667157266, -1.785955506105644, -0.11354562710335293, -2.008285184531077, -0.06325329900113993, -0.9979975004814974, -0.13402670787030854, -1.3093017591721365, -0.18743119313111628, -0.9507126132483888, -0.1887428880138676, -0.6397622517560009, 0.06676458421601178, -0.9234608842245733, -0.007629760432939946, -1.1440874152505216, -0.05326084302077394, -0.766067092718844, -0.05263720543284097, -0.49850737864674, 0.21155513979083726, -0.8228688266070158, 0.14703839215550696, -1.0800709483175992, 0.08290734038225213, -0.8442046335274549, 0.06390243034541479, -0.6349622982770091], "timestamp": 1767299711}