{"label": "B", "features": [0.0, 0.0, 0.19877214204219512, -0.1554971611847005, 0.3235487165937131, -0.5185059610429769, 0.2377647161046162, -0.8584191874705179, 0.09185121227068786, -0.9823088447450478, 0.3839609195463381, -0.8408532746268529, 0.49313346027364974, -1.1865029121008952, 0.5469348524476081, -1.4117042326006526, 0.5849720143529439, -1.6152676407319497, 0.28266810296163003, -0.9592177720045859, 0.3952739671346373, -1.340326097797059, 0.46045929276869985, -1.589703438686293, 0.51039895204157, -1.8021554288142747, 0.17392481556913725, -0.9929090955113083, 0.2692604059908088, -1.3637209671309707, 0.33871407376284074, -1.588380798332218, 0.3897399465038649, -1.7802978265018474, 0.05556763181309834, -0.9786326246711634, 0.11489882522069789, -1.2846705618770597, 0.16359024617557416, -1.4706961864788999, 0.20800488619821858, -1.6341871361753189], "timestamp": 1767299666}