{"label": "B", "features": [0.0, 0.0, 0.20564953841111044, -0.16688775688982194, 0.3218753686911234, -0.539172009444302, 0.2437676522581179, -0.905004171484614, 0.10597503008679812, -1.0613417727606436, 0.40244629141912136, -0.8359176501787994, 0.5198599811343984, -1.1901029953172535, 0.5797382012551547, -1.4220380090965927, 0.6274796463530319, -1.6344269335935624, 0.29523237945946373, -0.9554254719971197, 0.4010851697761905, -1.3483270709433157, 0.466307116074426, -1.6080525435998176, 0.5231100033691496, -1.8326367583627832, 0.1818451093510197, -0.991777139102536, 0.265734845404457, -1.3678463288459146, 0.3377028856334944, -1.6002591695373365, 0.3910339636500449, -1.7894358106905328, 0.0583273520980125, -0.9787251000452521, 0.10725958239330954, -1.293660989063079, 0.1545151368931623, -1.4861199071947933, 0.2014117503285324, -1.6534095639007518], "timestamp": 1767299665}