{"label": "B", "features": [0.0, 0.0, 0.2079958287002905, -0.16048668717829923, 0.32754223630827584, -0.5285393176124688, 0.24699126026608997, -0.8986399220129507, 0.10261316831656672, -1.048555398117127, 0.40854993381738086, -0.8311932157539312, 0.5306513634915767, -1.1883686026406026, 0.5939286682062535, -1.4229599478061872, 0.6432969133681895, -1.6369866089339087, 0.30025211049098427, -0.9538598746066136, 0.4126898084643399, -1.3454825326931312, 0.4820207089534454, -1.6080909762529696, 0.5402173509803884, -1.83154442663898, 0.185227245405498, -0.9917165570117412, 0.2776905063832701, -1.3669600778540467, 0.3543797133341495, -1.599809190621301, 0.4098446082686697, -1.7870885553949607, 0.060430504539345356, -0.9788896655207451, 0.11589852670683962, -1.2883655860320928, 0.16731154587576566, -1.4797115172936903, 0.215502496912465, -1.643929066136472], "timestamp": 1767299664}