{"label": "B", "features": [0.0, 0.0, -0.22527849730712649, -0.2133154091908498, -0.4125457422019682, -0.618386884180003, -0.5520035170501952, -0.8941590142705939, -0.6900337223537775, -1.0150771979704216, -0.17597699575774642, -1.0451275368851956, -0.16638959362593972, -1.522647612943546, -0.14102118482822473, -1.8022524629346672, -0.10761135425053939, -2.0256159144301598, -0.05486321289744119, -0.9984938750875617, -0.12612189601866977, -1.3102072817507022, -0.1759650993448744, -0.9435645402674131, -0.17586992804189808, -0.6290078909278549, 0.07589607085520861, -0.921828410646373, 0.0011749782666873388, -1.1481120165108047, -0.04401811093037181, -0.7623309899848116, -0.0421940865102471, -0.48715617048470305, 0.22191651569733498, -0.819051149933349, 0.15755194216583604, -1.0749288811119502, 0.08906235663614821, -0.8473571427281645, 0.06643039945976699, -0.6444901039681399], "timestamp": 1767299712}