{"label": "B", "features": [0.0, 0.0, -0.22027338649469122, -0.20715562131331144, -0.39188117752336954, -0.6656681358478955, -0.5016293133125986, -1.0034221150367468, -0.6056793329979472, -1.219105291896493, -0.16176987586367234, -1.0720360215186882, -0.09965163645328856, -1.5699950199919948, -0.054360441801662406, -1.849096986576003, -0.004422906493792464, -2.0850658055408418, -0.025558415858257723, -0.9996733257599113, -0.06988829864997137, -1.305154147547471, -0.11902964539359405, -0.9094500660006966, -0.12032283872895255, -0.5909386728512502, 0.10294156825504129, -0.8959592747602975, 0.06221442509251221, -1.1091165556616, 0.002320990482634562, -0.7377973156588421, -0.01722132431127842, -0.46459646328972193, 0.23782659228141564, -0.7696772834303567, 0.2756815165337016, -1.0938551849241172, 0.2053749600308488, -1.0241636173293773, 0.13950193676853917, -0.9232948096521009], "timestamp": 1767299709}