{"label": "B", "features": [0.0, 0.0, 0.2124285931701433, -0.16562939608655874, 0.33256956384676145, -0.5315556722157008, 0.2590974315986356, -0.9025305968204621, 0.12220104800551669, -1.063722813038527, 0.4077555678167299, -0.8304171859425102, 0.5305277597610365, -1.1815834603795554, 0.5948466322024499, -1.4122672508579692, 0.6456461830200853, -1.6223461622629856, 0.3001260953258144, -0.9538995319549964, 0.410538849742833, -1.3454417970328139, 0.4801802851342328, -1.6044349710344072, 0.5390421301861552, -1.8235820938547371, 0.18659177167414628, -0.9922185246051793, 0.27414630455117295, -1.3688482874270127, 0.3492935968395392, -1.6002453113119153, 0.4041495160214226, -1.784113481569095, 0.061891400725188, -0.9812458157631638, 0.11763724867844906, -1.2951573755237713, 0.1701092467859095, -1.4869500029671092, 0.21957852345394227, -1.6491088381439682], "timestamp": 1767299664}