{"label": "B", "features": [0.0, 0.0, -0.2255381882228984, -0.19582432025717045, -0.42713078947329713, -0.5884952598079832, -0.5856302213739376, -0.8374853618402612, -0.7307135025216213, -0.9272940476955139, -0.1910948663261826, -1.0511225586560684, -0.15507596295661122, -1.5056142755086313, -0.11596306735341337, -1.7727188228320114, -0.07175222412996136, -1.9850568084419127, -0.05945049583579294, -0.9982312504892157, -0.12412737018059902, -1.2881295710548963, -0.17075618228861908, -0.9315902505903718, -0.17455139633681999, -0.6246851334113245, 0.07320018756778428, -0.9206492394340676, 0.002987508395478196, -1.1321827708061514, -0.04136097805896446, -0.7716206372500555, -0.048191929823738704, -0.5024061926043834, 0.2174586931344924, -0.8230474539533166, 0.14546667715526584, -1.048875018102786, 0.08756656432681248, -0.8242214856853688, 0.07092148762165952, -0.6236162307612101], "timestamp": 1767299710}