{"label": "B", "features": [0.0, 0.0, 0.19716861100876795, -0.1705538205798438, 0.3098777865020204, -0.5243099154598044, 0.22492147672884655, -0.8770705655254177, 0.086570691696243, -1.0213515412892182, 0.40435330235911326, -0.8407525205677748, 0.5218864695783547, -1.1963047134044376, 0.5793584943112653, -1.4224575618711113, 0.6240228959315492, -1.633767511105168, 0.296220600291662, -0.9551195456467507, 0.4096979165291864, -1.3434654394888688, 0.4722789112251953, -1.5981607808742782, 0.5243215068365122, -1.823471699588857, 0.18104090661886582, -0.9856317244563009, 0.27621105692891273, -1.3584966279138615, 0.34364615265870035, -1.5899693528564147, 0.39039488171260406, -1.779074465065863, 0.057268610207513664, -0.961687332776004, 0.11636328632126669, -1.2762119891135877, 0.1633496385976807, -1.4701755844626432, 0.20836828399881585, -1.6390817332509462], "timestamp": 1767299665}