{"label": "B", "features": [0.0, 0.0, 0.2038081039201977, -0.1473171008295273, 0.3321126186706529, -0.5248706852537885, 0.25032030585717974, -0.9102751508833401, 0.10847929490183611, -1.0668006656584406, 0.414494155933201, -0.8264303531063806, 0.5346007588489586, -1.1840346508908932, 0.6018523843444211, -1.4147769052702919, 0.6559539694386035, -1.6187421159110342, 0.30331427372211556, -0.9528905715721809, 0.4170169215998678, -1.3458141826662884, 0.49095048302261707, -1.6027956352816848, 0.5524916207626295, -1.8191342623648712, 0.18597738210276557, -0.9861770011348414, 0.2790207932170224, -1.3705521059072892, 0.3557065436365344, -1.6096171556298713, 0.4123730667117831, -1.8025311409810334, 0.05752229437061632, -0.9660159619587064, 0.11608300773628834, -1.2896498665181495, 0.17236953449974698, -1.4875853271641497, 0.22470285227044537, -1.6523715667633527], "timestamp": 1767299663}