{"label": "B", "features": [0.0, 0.0, -0.18711204861775899, -0.151083511588954, -0.30968352115070025, -0.5548997203425594, -0.22363348937794192, -0.9203222491627642, -0.054876710070314035, -1.008854403297104, -0.36925474175937967, -0.8274027975300074, -0.46613559480929334, -1.1964352215349696, -0.5203101442069705, -1.4246368722805032, -0.5612220057034993, -1.6242836104311773, -0.26959818198253604, -0.962972902393716, -0.3546780224821847, -1.3724657380490717, -0.41031225971569935, -1.6424935072122384, -0.45701829543240624, -1.8677344703662149, -0.15192423045336065, -1.0046533643515583, -0.20168536072630386, -1.4037620017536396, -0.23983798347771149, -1.6610537745028158, -0.27032135352851505, -1.8616278303877527, -0.02527693242276397, -0.9896027647012816, -0.017831984991623348, -1.2993152467855076, -0.01697139097675789, -1.5149660239470382, -0.01076267790415379, -1.6940681029991853], "timestamp": 1767299676}