{"label": "B", "features": [0.0, 0.0, 0.194382473965081, -0.14926211941349005, 0.3108870684008445, -0.5016194248844922, 0.23702131120909287, -0.8573818623496005, 0.10833111369171128, -1.0168000713039063, 0.4001418771972768, -0.833776512967166, 0.5245719184278189, -1.1706653682564296, 0.5906157379645167, -1.3796532312562935, 0.6466653135764611, -1.5741140645500418, 0.2978210833657572, -0.9546217015152179, 0.41162723471316626, -1.3317879445716658, 0.47878692988869115, -1.5765109870386087, 0.5391974688813836, -1.7911728691193978, 0.18716274611088926, -0.9850874759415275, 0.28443403986113525, -1.3544607417314123, 0.35412257278763415, -1.5879402251413943, 0.40654752714533304, -1.7761841359948576, 0.06517576999746622, -0.95894414342228, 0.12120345210997743, -1.2712380077281527, 0.1682699031982015, -1.4677174770962125, 0.21418943976232632, -1.6394126737073018], "timestamp": 1767299666}