{"label": "B", "features": [0.0, 0.0, -0.2230440484092345, -0.2105252404736656, -0.4080119515502813, -0.6245918781216254, -0.5448109116411904, -0.9094891218760786, -0.6858875791458283, -1.0384884000445274, -0.17971223709396356, -1.0399474801369188, -0.17715746836076277, -1.501165675056308, -0.15962286582187113, -1.7793103998117519, -0.1340942027767823, -2.0070697142338507, -0.05953664376995933, -0.9982261160664813, -0.1318424440627686, -1.3086801457249468, -0.17888922989899222, -0.9446581355316105, -0.17588421970871, -0.6362714117183358, 0.07077310448147071, -0.9232249327458529, 0.0002393200151541415, -1.1529211401477417, -0.04408974993469346, -0.7693451958590749, -0.043130815588257855, -0.49786200438259326, 0.21494411361061885, -0.8203619919466861, 0.1514586895906162, -1.0820063185144402, 0.0869054240744246, -0.8430838833854741, 0.06724285854364395, -0.6310631685313983], "timestamp": 1767299712}