{"label": "B", "features": [0.0, 0.0, -0.17403371427804906, -0.038008956131822334, -0.2883000963765938, -0.3350545301603707, -0.23629946315604117, -0.6986230817382126, -0.1230570446051225, -0.8765297835553916, -0.3442769968039865, -0.8221951657388896, -0.471295360242991, -1.1863395694113654, -0.5344950426951118, -1.377889379438753, -0.5828000304375369, -1.5400836425982811, -0.25130151436243575, -0.967908847712173, -0.37000144798603707, -1.4166919582803479, -0.43731872771660135, -1.6682924401019446, -0.48353977637437523, -1.8619605025246369, -0.14053916677955638, -1.0149123078000009, -0.2271174250665619, -1.4613410496272836, -0.28225144110057027, -1.7152911438892857, -0.3220735669250537, -1.9215090448817553, -0.010004198602171761, -0.9923005155507142, -0.02542276583689731, -1.3459576163858742, -0.03275562224431658, -1.571694015632562, -0.03366237695852164, -1.7647135225103248], "timestamp": 1767299676}