{"label": "B", "features": [0.0, 0.0, -0.21637674813562643, -0.19536719344537062, -0.3814115651498431, -0.6847630835405044, -0.46486723145419906, -1.0554406169875765, -0.5488445611640879, -1.3097860781812767, -0.11975318731245756, -1.0793717133127272, -0.03529525890594055, -1.5895154767806834, 0.029902188204767248, -1.8814310401511942, 0.0906247148644306, -2.119745263795876, 0.024552731056499515, -0.9996985315058174, 0.0004134791379358828, -1.317785483475891, -0.0778402797653199, -0.9231335233556519, -0.11926267644471444, -0.5925289152919029, 0.15662703026966837, -0.8779371383254809, 0.11035021858797318, -1.0963776004872299, 0.03313440560289206, -0.7256369123499115, -0.003061444850059516, -0.4466585731161254, 0.2949601575296749, -0.7380806519675586, 0.3312276588195428, -1.0793632171660572, 0.2550574382846393, -1.0078604964067162, 0.18379430886138987, -0.897110958925257], "timestamp": 1767299708}