{"label": "B", "features": [0.0, 0.0, -0.17640856919943831, -0.13830697078539833, -0.2913787380162967, -0.541427023529019, -0.2072644286097823, -0.9192889240952274, -0.05702413958350519, -0.9977607199674807, -0.3426091427985548, -0.8500724298412841, -0.4432970230273518, -1.203999364316208, -0.5002116672119838, -1.4140188203789685, -0.5412430376541859, -1.599455859296238, -0.24150764440061276, -0.9703989119426634, -0.32663093570518376, -1.3693413371661038, -0.3754670037601635, -1.6193100914939669, -0.41139829695357105, -1.8228303935489292, -0.12934038977127826, -0.9925567481074791, -0.17988917869456614, -1.3616536960155488, -0.2203050225722586, -1.6055388747804415, -0.25139387474951436, -1.800199570865707, -0.007562743585599993, -0.9671224511579666, -0.0016718351183452552, -1.2648880473893556, -0.0008165948417244161, -1.465101924445607, 0.003450085202347327, -1.635837735857387], "timestamp": 1767299680}