{"label": "B", "features": [0.0, 0.0, 0.18539519461375964, -0.034276111658112694, 0.3094738945880905, -0.34675273521805594, 0.22987168016969922, -0.7612305220436522, 0.126096586829504, -1.0163982758152093, 0.44052320881924123, -0.7840976986486103, 0.6078330372996696, -1.2392007287307898, 0.6906837772652703, -1.491376240360431, 0.75196457988702, -1.6953833503580238, 0.32040761066359064, -0.9472797636824063, 0.4809668643363956, -1.4334175550749195, 0.5598966337825351, -1.7320261739513068, 0.619889396116806, -1.9449967638526227, 0.18759356533152624, -1.0027079953021583, 0.33470171180562414, -1.4601258551082426, 0.4093758520716933, -1.7247140937933927, 0.4720135033036639, -1.9213134543073336, 0.03139940862497197, -0.9839060291231578, 0.09766587097395892, -1.3302757190793182, 0.1514782108861081, -1.5363577495685816, 0.2056480229134653, -1.7046629069956263], "timestamp": 1767299663}