{"label": "B", "features": [0.0, 0.0, -0.174578580123806, -0.13875797424397157, -0.29074113278902247, -0.5453559687701441, -0.20786200718568562, -0.9204130304094114, -0.055590482061325316, -0.9873984631531372, -0.33832832457459217, -0.8533870810435927, -0.43667613764303465, -1.2030821343776104, -0.49224789823070325, -1.4131909978270816, -0.5322509372104438, -1.599775351639461, -0.2400076157292049, -0.9707710002961749, -0.322760161816624, -1.368709614693667, -0.37036970760058974, -1.6194655917016658, -0.4056624796932968, -1.8263698697685695, -0.12864446651962624, -0.9905528917518037, -0.17905804197739997, -1.3584698068783838, -0.2194165095316381, -1.6025606598396123, -0.2502010389978162, -1.7980650972869663, -0.0067008904442041675, -0.9634936561183318, -0.0010805363974703938, -1.26052743945585, -0.0005722623589395828, -1.4597982462079633, 0.00402036661153453, -1.6302975010494651], "timestamp": 1767299679}