{"label": "B", "features": [0.0, 0.0, 0.233484028484172, -0.09072614721714896, 0.39064055549181054, -0.46665029503480615, 0.394938091885633, -0.8513487023694594, 0.3454067567381485, -1.07123593022628, 0.3890013689322191, -0.8301783173164211, 0.5235726177505592, -1.1819209369976713, 0.6105930407993722, -1.4112483293795262, 0.6813434328277638, -1.6093197279436733, 0.2795402881253226, -0.9601339577957584, 0.40565488435438324, -1.3834030836523385, 0.49470185351006135, -1.6605813930736373, 0.5647675848260448, -1.879600588331525, 0.15844772549855077, -0.9989498955268838, 0.2665742061845884, -1.4155680316057855, 0.3491681279963089, -1.6706353806507739, 0.41325466476385925, -1.8691324252000405, 0.012766124431337298, -0.9703352009030711, 0.0726201497470745, -1.3163072638712745, 0.12785228898804876, -1.537824222932591, 0.17814555524982847, -1.7247472928216614], "timestamp": 1767299674}