{"label": "B", "features": [0.0, 0.0, 0.2645298706842676, 0.0012884377373361215, 0.4778889270785836, -0.2714863880651779, 0.5261603015027008, -0.665402568500633, 0.5186041510222816, -0.9717272756818114, 0.5772269306790048, -0.7068577797253258, 0.7785685299360097, -1.1833854759740683, 0.8823423626109461, -1.5221718078009634, 0.9489812541013535, -1.8085739554772164, 0.4456072378584024, -0.89522855981162, 0.6581680724977197, -1.373554700402061, 0.7635533622579826, -1.7325411153990562, 0.8452137908220112, -2.0224687235366856, 0.29621442906749484, -0.9941821248922498, 0.5059547588506627, -1.4451326032189233, 0.6080275079451261, -1.7454618893186697, 0.6844584352479223, -1.971581802307503, 0.11692731701215157, -1.0246355700984886, 0.2450743243634437, -1.3711816455864023, 0.32495746407828324, -1.5911978577687023, 0.38987479893095056, -1.7657611530773079], "timestamp": 1767299662}