{"label": "B", "features": [0.0, 0.0, 0.20960563765208845, -0.17544600822570985, 0.32513950609208797, -0.5505053127350661, 0.24846211767592344, -0.910627009476883, 0.10601610385607652, -1.0554038542825728, 0.4054029550770226, -0.8354675731144908, 0.5251580134913834, -1.1950002397181532, 0.5858919919413934, -1.4294287432549049, 0.633430886030603, -1.6428371369350772, 0.2987711586538196, -0.9543247796524152, 0.4074946190170741, -1.3530395113881712, 0.4743788755950827, -1.615128731481326, 0.5318171177029056, -1.8387214504697191, 0.18441809621452204, -0.9899888492783175, 0.27195424655685835, -1.3726936956152518, 0.3465071668520683, -1.6056837285938115, 0.4017593788078145, -1.7928031118194854, 0.06003569738338505, -0.9759206245606159, 0.11189896287940017, -1.2918404939331118, 0.16246053824552625, -1.4847140484151744, 0.21208950664487589, -1.6497667672551926], "timestamp": 1767299664}