{"label": "B", "features": [0.0, 0.0, 0.20346624879707328, -0.17685041879513563, 0.31520068564072246, -0.5509785603174006, 0.23330667829484084, -0.902890706160846, 0.08906094666240792, -1.0395994881416681, 0.40113106583012587, -0.842875286069717, 0.5149715291789323, -1.1936100615895193, 0.5736004426700662, -1.4237869564266858, 0.6209525117433331, -1.6374991743679261, 0.2931998056280485, -0.9560511829528928, 0.3975215075247276, -1.3461710601116956, 0.4594425021965048, -1.6048579702175554, 0.5145814451781122, -1.8333933801899571, 0.17765635511945763, -0.9862123640031595, 0.2616854317209225, -1.3610916307766385, 0.3301058807319104, -1.596761876437032, 0.3793081438470231, -1.7891997102255197, 0.052523742962241125, -0.9679615579560331, 0.10274228879262892, -1.2859406667208446, 0.14734092004915866, -1.4833969169432397, 0.19185968374201684, -1.6565683026182325], "timestamp": 1767299665}