{"label": "B", "features": [0.0, 0.0, 0.20020583789183954, -0.17838898307481485, 0.31242616418334274, -0.5426093467862598, 0.23549388827262527, -0.8923322107325466, 0.09851508634720833, -1.0430197436752102, 0.3966804312622371, -0.8428644194715893, 0.5113420862427425, -1.1907075187493816, 0.5705793245501409, -1.4187227450493265, 0.6185780153159363, -1.629166047502288, 0.2905294421667508, -0.9568660479250732, 0.39529753889506464, -1.3435464075869001, 0.45771820825604376, -1.6015304290315104, 0.5123616220373967, -1.8248086255680056, 0.17552509206589, -0.9877781452305507, 0.2590681777120633, -1.3612779233402446, 0.32784302732335896, -1.596770885409842, 0.3780490736440093, -1.7852338225881454, 0.05087447992131045, -0.9695216860994976, 0.10120741605679515, -1.283871858957518, 0.14866043074633215, -1.4794198218216073, 0.1962498110201436, -1.6479936176696757], "timestamp": 1767299664}