{"label": "B", "features": [0.0, 0.0, 0.20499202804127847, -0.16662758071017691, 0.32151510452900517, -0.5378897558380268, 0.23858309885315432, -0.8967052662496952, 0.09584696540048925, -1.0428195746569346, 0.4027502261176516, -0.843103323861607, 0.5152372931391523, -1.198138012477767, 0.5735751598380964, -1.4291813979303567, 0.6208412708391502, -1.6423400010499334, 0.2949206188944145, -0.9555217522350687, 0.39963670868876283, -1.3487098457001856, 0.4622184944517273, -1.610413631058754, 0.5166265849446883, -1.8374745508867416, 0.1799773705422573, -0.9857538014080575, 0.26489163758886064, -1.3641603768929944, 0.33311788412427584, -1.602132848105503, 0.38145430234246874, -1.7939149268797931, 0.05456644355648659, -0.9676762042836652, 0.10278858269780956, -1.2857525410266841, 0.14710785995779543, -1.484491901520046, 0.19037156879747225, -1.6577543616688795], "timestamp": 1767299665}