{"label": "B", "features": [0.0, 0.0, -0.17442114284606622, -0.14074300537685855, -0.2878722437020209, -0.5457809218109443, -0.20450515103865813, -0.9186656594952265, -0.056979895226218276, -0.9937155523732311, -0.33958041630152364, -0.8530036289575323, -0.43770977541074385, -1.2027101041769122, -0.49314972597199874, -1.4117673749379338, -0.5328594290112757, -1.5960187430358173, -0.24069482197658426, -0.9706008414182001, -0.32319356235004426, -1.3642844064335955, -0.37020142087665364, -1.612133629827148, -0.4044712256779395, -1.8159921650666775, -0.12971834476047073, -0.9921878184787233, -0.1799268127340116, -1.3578720868393184, -0.21915113764767657, -1.5983493350877838, -0.2492343132877374, -1.7923487832544192, -0.009402570768359153, -0.9658219898898761, -0.004094215830276633, -1.2611619522780568, -0.00245852762424054, -1.4573851482551718, 0.0032433471435262665, -1.6263774935636612], "timestamp": 1767299679}