{"label": "B", "features": [0.0, 0.0, -0.17540633368957742, -0.14795767888425312, -0.2866938610385365, -0.5493254403641787, -0.19858873582817002, -0.9212784828991969, -0.04779127995530593, -0.9985340959072955, -0.34065803299297287, -0.8538957970545428, -0.4363628061862848, -1.207447611678067, -0.48989586798293977, -1.4214181224790954, -0.5287675404410007, -1.6095113721968557, -0.2391775609693057, -0.9709758415755131, -0.3211563249257899, -1.372205132042471, -0.36813275622786396, -1.623487414112969, -0.40429078925973366, -1.830761141572283, -0.1264610351909775, -0.9904497993789637, -0.17773987859434362, -1.3619700499220349, -0.21995756012486026, -1.607779643617679, -0.2528657289374075, -1.8062080445887287, -0.002275521626053089, -0.9613568713710738, 0.0038701807207335557, -1.259288748304131, 0.0031088704551065303, -1.4604007959920855, 0.005445498722509654, -1.6333362349867064], "timestamp": 1767299678}