{"label": "B", "features": [0.0, 0.0, -0.22317127610143547, -0.2027042758394089, -0.41838438684474294, -0.555242045662201, -0.5697802165490281, -0.8048735223146851, -0.7067483787685483, -0.9172477040597293, -0.24006998204056432, -1.0317466623852, -0.24851115453983044, -1.4773709424746675, -0.24084860188567647, -1.7372343099853194, -0.227508266420231, -1.9593434660086824, -0.1095155767470403, -0.9939850750640359, -0.15864238532786082, -1.2798581808350489, -0.1898249970442176, -0.9254767207555219, -0.19249424427072676, -0.6384197265944557, 0.02661683644135019, -0.921676691142863, -0.01831835280105741, -1.142822160943874, -0.053950872147540165, -0.7844649922993807, -0.05759238838491104, -0.5335147165499567, 0.17428746772029513, -0.8220227383934401, 0.13660661225355009, -1.0680459571140284, 0.08600705080689738, -0.8557726767227537, 0.06881572542201678, -0.6742880044128136], "timestamp": 1767299710}