{"label": "B", "features": [0.0, 0.0, -0.17538494800060608, -0.13906542419365223, -0.2906024144434249, -0.543903463025911, -0.20713943532626944, -0.9202187952694746, -0.05715512553396143, -0.9946151897928263, -0.34107733836788534, -0.853190949932893, -0.43770802793564867, -1.2056686273626616, -0.49235870439600227, -1.4169208837715626, -0.5320311380645653, -1.6056158341370097, -0.2417483931270889, -0.9703389640105042, -0.32334876830235393, -1.368785840385853, -0.36967662083997405, -1.6188484252451838, -0.40414774205068504, -1.8257283379411884, -0.13016953420537677, -0.9902244678679154, -0.18099503644690107, -1.360735348150243, -0.22067554539044004, -1.6029696500646842, -0.25102660561681683, -1.7968784434870841, -0.007835244388834465, -0.9630915439483749, -0.0022616339088106304, -1.2612529726849018, -0.0017637514378732494, -1.4612730785176276, 0.0028076895718465384, -1.6322015885624832], "timestamp": 1767299679}