{"label": "B", "features": [0.0, 0.0, -0.2259131336309463, -0.21494803809179458, -0.4125275163458995, -0.6227904207568977, -0.5540077950711618, -0.8971357224301463, -0.6971871929234706, -1.016639702499437, -0.18176101126564126, -1.0403905939959002, -0.17691587331234152, -1.5059270043674047, -0.15802905681000617, -1.7853007765051574, -0.1310465181287632, -2.0140458210894923, -0.061364245778763364, -0.9981154342715046, -0.1336408927222005, -1.3164789267749268, -0.18291123065854253, -0.957450471917224, -0.18251135720221776, -0.6506690382541327, 0.06892479071687944, -0.9240263204059199, -0.004591546276124653, -1.1553732869550368, -0.04667623779277178, -0.7725958617499403, -0.04402560097658458, -0.5035850421429819, 0.2137478688230861, -0.8240889691597034, 0.14904878270952354, -1.0867635646855567, 0.08820791282726761, -0.8521962033962099, 0.07258403079455845, -0.6460184852565874], "timestamp": 1767299712}