{"label": "B", "features": [0.0, 0.0, -0.17410388254465706, -0.12669899419475536, -0.2983408067035075, -0.5227475578589507, -0.2178569420488249, -0.9085152778741246, -0.062040650849246544, -1.007348648186071, -0.3609032669135581, -0.8392055521023786, -0.46032314983147515, -1.1918123011831208, -0.5112605006955104, -1.4078014948143591, -0.5469426670450508, -1.5936241948532035, -0.2604035091452758, -0.9654998721215451, -0.34923911250580436, -1.372022552490367, -0.40032260345806053, -1.6287145496241089, -0.4396565986533348, -1.8381469618162756, -0.14318019364783632, -0.9955087910004945, -0.2007479537816499, -1.3693744606246083, -0.24492604667217013, -1.6102286651440587, -0.2822620502796303, -1.8074148726152712, -0.016263662680538415, -0.9711798130312912, -0.01179774429755871, -1.2662835052233865, -0.009593650562425464, -1.4653536369234772, -0.004078256698576923, -1.6377501346969732], "timestamp": 1767299678}