{"label": "B", "features": [0.0, 0.0, -0.1723535944529296, -0.13425390253133163, -0.29216351267242796, -0.5320052329595787, -0.20916695974131047, -0.9092031408835164, -0.05370679463646945, -1.0132753883743033, -0.3693452913420945, -0.8345242338277935, -0.46303997128611124, -1.1982133951340213, -0.5081131945189178, -1.4256184439567663, -0.5406101829823372, -1.6187083651672134, -0.2647224229996232, -0.9643246494904026, -0.34986830534437, -1.377342079323889, -0.3961921466304082, -1.642871625265016, -0.4317936008759234, -1.8562680073502544, -0.1456438492083769, -0.9951708657370892, -0.1972776381136287, -1.3725432277922536, -0.23892828935943078, -1.6288185272409625, -0.2742457104725424, -1.8360438670186354, -0.017287859235409004, -0.9709402772480163, -0.0038055533219631217, -1.2620655152550653, 0.0014370659059802003, -1.4622469968998788, 0.008672005829448805, -1.6330394994629094], "timestamp": 1767299677}