{"label": "B", "features": [0.0, 0.0, -0.23223512664482346, -0.21086834018270206, -0.42485918398211997, -0.619247783300768, -0.5663569471613824, -0.8937430215896202, -0.7052920558775195, -1.0178826743019826, -0.19573875817835254, -1.0406280440208548, -0.1951694342257465, -1.5066148224940956, -0.18200559434654767, -1.7834266491422301, -0.16002266727786146, -2.0095025990858795, -0.07411968067466422, -0.9972493487518823, -0.14466875547329272, -1.3280343679916402, -0.19394049705932823, -0.9637534261971633, -0.1944053195522048, -0.644333149705902, 0.05724255559307908, -0.92034407716667, -0.015385122907207931, -1.155916283758854, -0.06056960340030535, -0.7716981354713542, -0.06128606540821043, -0.48898350903658216, 0.20177699185679956, -0.8141037131473262, 0.13734417849321606, -1.0873786530570977, 0.07596810249435865, -0.8523543127844555, 0.05765052929186283, -0.6263928964406694], "timestamp": 1767299713}