{"label": "B", "features": [0.0, 0.0, -0.17600315580614778, -0.1391496321236179, -0.29020378724994533, -0.5450923632790803, -0.20695285562183963, -0.9205241171015995, -0.06034187914218338, -1.0025822023854294, -0.3412228136337164, -0.8506934723839238, -0.441660475821739, -1.2036440394920849, -0.49952451941890513, -1.4135137315189004, -0.5417963771142668, -1.5992823598471473, -0.24270762445702843, -0.9700994792750056, -0.32684017670877974, -1.3671327478287068, -0.37540280259269326, -1.6174467511681137, -0.4107116111376768, -1.821733031496647, -0.13176261448261375, -0.9924445395337395, -0.1835179485864804, -1.3601120745958861, -0.2236646746617251, -1.603157370608482, -0.25418483844259365, -1.7983251270506446, -0.011235304190191689, -0.9675762682447802, -0.005877656409110687, -1.2653040347229838, -0.0054787418673727115, -1.4646182197061004, -0.0010283254132449975, -1.6350493772795702], "timestamp": 1767299680}