{"label": "B", "features": [0.0, 0.0, -0.23844555950293844, -0.1745893999689193, -0.4463875806541492, -0.5499689859218791, -0.5909455087939052, -0.7940711385996011, -0.7232288868373886, -0.8999994748233711, -0.22059209114057773, -1.037966796361601, -0.2191758915728846, -1.507313876612036, -0.21111000871254515, -1.7834465360050296, -0.19687143213971706, -2.0129964039399457, -0.08716246118743771, -0.9961941056754471, -0.16174541621101346, -1.2904020445257027, -0.20097945019818572, -0.9361535892794903, -0.1948584485904275, -0.6424669475277328, 0.050165409870053405, -0.9185298636048203, -0.024583288092499156, -1.136636904673544, -0.06917907880525193, -0.7752325117121669, -0.07012020331518473, -0.5180497950088576, 0.20239291473388252, -0.8148945782067628, 0.14461509030847905, -1.0818293249961413, 0.08455679620454619, -0.8707578802347442, 0.06945477003048071, -0.6789812656977671], "timestamp": 1767299710}