{"label": "B", "features": [0.0, 0.0, 0.2469642718971608, -0.07506139374779117, 0.40618265974172063, -0.45166969854255135, 0.328051417381611, -0.8767142656993943, 0.16777117546373857, -1.0954314511268008, 0.5492547754820554, -0.7284071406174205, 0.708113252750795, -1.1550217980155055, 0.7921325299733005, -1.442171893114188, 0.8524906337016919, -1.6902489016387756, 0.43176813677849846, -0.9019846245245914, 0.5907765113012505, -1.3130975876564788, 0.6829566429558379, -1.6130620316247184, 0.7515048733192572, -1.853535536319627, 0.3021745935195376, -0.9906621111702817, 0.4444037091065728, -1.375219096040199, 0.5379158242240759, -1.6139327323190609, 0.606887224554917, -1.8126086745307723, 0.157221198481138, -1.024107469384689, 0.25387585157398007, -1.3226560424359326, 0.32258360562056854, -1.4940724912262788, 0.38143703953443614, -1.6358426815375955], "timestamp": 1767299662}