{"label": "B", "features": [0.0, 0.0, 0.2884675547943708, -0.0255367329680891, 0.44659939110838864, -0.36141537135469015, 0.3634777113347147, -0.7852987080850323, 0.2200861113570248, -1.1033746252614314, 0.5516406565700743, -0.7101762927997951, 0.735657843726618, -1.241365727011687, 0.8284235917509325, -1.6044905574816521, 0.9037965761334212, -1.9184991082344245, 0.4075068226124353, -0.913202153759362, 0.584329976783997, -1.4788801269298073, 0.6797065695418656, -1.893066108030604, 0.7600196491980488, -2.23053886796125, 0.24902139493528286, -1.023737703235355, 0.40801672362035823, -1.5482299796664551, 0.49990690080106326, -1.911047401168337, 0.5770000017746082, -2.211285545880854, 0.07586713600953525, -1.0794729859109453, 0.1982136553952447, -1.4645133759114053, 0.28882517231502275, -1.725356279815788, 0.3678951166295489, -1.9520725252725815], "timestamp": 1767299674}