{"label": "B", "features": [0.0, 0.0, 0.2377469237961043, -0.07878543627173971, 0.38652210595406455, -0.428866912081926, 0.32249397969991883, -0.8320984915174168, 0.2171828342363235, -1.0865421849112349, 0.5368180718723997, -0.7310584285808404, 0.7096599332096772, -1.1483301930040632, 0.8039645442932519, -1.4182755703553294, 0.8690909120886369, -1.656198323266586, 0.41965585993328264, -0.9076832855506146, 0.5943933616575844, -1.3310901052357273, 0.6921333606569986, -1.6258404599356937, 0.7686065059787931, -1.8647971985126, 0.29259290383990916, -0.9934389193526535, 0.46231329206902744, -1.3943826950343408, 0.5643131426258017, -1.6334246785121007, 0.6416542025536988, -1.8278449148493412, 0.14937079177839763, -1.0113587599576517, 0.26325908400480447, -1.3208769191878442, 0.34207029627248275, -1.5152393436484797, 0.40981384822691475, -1.681489914595755], "timestamp": 1767299663}