{"label": "B", "features": [0.0, 0.0, 0.17658075152121075, -0.13455660119957236, 0.2908347361832308, -0.4761845370773385, 0.21580624928254635, -0.8149023843216162, 0.09149492658033037, -0.9822597088699682, 0.383501468193454, -0.8514645732158268, 0.5006090929417588, -1.2065726878060532, 0.5610534003667901, -1.4270203358698526, 0.6081875388215275, -1.6301636485833366, 0.2821048687430988, -0.9593835698603725, 0.3996191886714922, -1.3446981653900085, 0.4657663932054278, -1.5927561925022926, 0.5232683367099813, -1.8144053312908084, 0.17223474466697186, -0.9820421495280397, 0.2696519207696344, -1.3522657240381892, 0.3378978158785471, -1.5842291413717609, 0.3879100333200057, -1.7733216801756388, 0.05246261567054241, -0.9486105306516895, 0.10978266203298903, -1.2559711435142689, 0.1536623757162956, -1.4542686472955673, 0.19561599855895714, -1.6307098048800461], "timestamp": 1767299668}