{"label": "B", "features": [0.0, 0.0, -0.1872999402422812, -0.0394579124782543, -0.3379166892365423, -0.4098192342105934, -0.28945396859642536, -0.8201421731396296, -0.1575966572355381, -1.0169871266041322, -0.396845622204383, -0.7853816808548298, -0.5314185590038308, -1.1364026880838727, -0.6170212465993754, -1.3442665733394006, -0.6811029849788627, -1.5184781862151635, -0.3064669517746881, -0.9518812929171694, -0.43985658225144514, -1.3721234604786432, -0.5221964869019913, -1.6336565794318967, -0.5803491792650821, -1.8386869952878206, -0.19651923136568908, -1.0184759929320064, -0.2908232528517364, -1.4684045838184812, -0.35143711112688675, -1.7341281158348592, -0.3970736624357829, -1.9472165905078018, -0.06864115251826845, -1.0222063278758355, -0.07960828858600329, -1.4015764554265329, -0.08951517662665037, -1.644279047985252, -0.09677631131183358, -1.8552564124062263], "timestamp": 1767299676}