{"label": "B", "features": [0.0, 0.0, -0.2319658076251926, -0.21641569203623548, -0.42796113437112404, -0.6043594843547823, -0.5820205358487961, -0.8550702979689183, -0.728104941229539, -0.9375078144841442, -0.18491530942413797, -1.0425365727859746, -0.16304494484348314, -1.509769712197653, -0.13048399603323105, -1.786204821409993, -0.09309292259676304, -2.0055966397379663, -0.05940737236571575, -0.9982338177435489, -0.12695024112888487, -1.2914860055335717, -0.17606085962570703, -0.9481830082739652, -0.18018632197359474, -0.6448195763802093, 0.07173099218728883, -0.9272217789572377, -0.0026196727133479328, -1.1337664276819626, -0.04790081999869401, -0.7674742358358221, -0.05083901984955455, -0.4946116324565507, 0.21620105036721274, -0.8332955739783018, 0.1517054886797467, -1.0723294410707502, 0.08653824422775883, -0.8568649331785451, 0.06208998098457739, -0.6539318160448928], "timestamp": 1767299711}