{"label": "B", "features": [0.0, 0.0, -0.34446631837694713, -0.027067145259791696, -0.6540700776990994, -0.034460150941718296, -0.877440943396578, 0.02260131949253654, -1.0498750805696162, 0.07872866053171705, -0.5966346842204465, -0.8890877193344867, -0.7717527478645211, -0.5811559883293649, -0.8320696547191705, -0.13122438138636852, -0.8911684857798556, 0.2952228689350593, -0.2937845990387711, -0.9558716410670394, -0.48956564107340567, -0.2137971697578348, -0.5769171388236428, 0.441429040014452, -0.6425499020664281, 0.9319211240358283, 0.005446978132846295, -0.8399197779317942, -0.20922870731454776, 0.00801560789732706, -0.2656372818889346, 0.6411550379890786, -0.30238482905992736, 1.0541473887274366, 0.25591709131037316, -0.5965085360591562, 0.08992148394655976, 0.06521588652339595, -0.004344199045437635, 0.5744190435149372, -0.0699905266066413, 0.9198714878408956], "timestamp": 1767299681}