{"label": "B", "features": [0.0, 0.0, -0.17441849838438075, -0.150935884641973, -0.2913149015706884, -0.5404064722364692, -0.20440193466582302, -0.9106238170908573, -0.04803554207284201, -1.0015296259619368, -0.36514646039698456, -0.8430449599127663, -0.459135150636877, -1.2068677408966062, -0.5064359899161845, -1.429230978491668, -0.5394415883273045, -1.6205200414731882, -0.26300593630666663, -0.9647942102886742, -0.34155344803796756, -1.3752761385927805, -0.3864478734717355, -1.6303212306557555, -0.4212104658661913, -1.8416741382198372, -0.14741665274101226, -0.9947387310577617, -0.2002200350686654, -1.3690132250725389, -0.2418527333747136, -1.6119931283228328, -0.2729845912654334, -1.8048004482792714, -0.02118963447543406, -0.9752492352781097, -0.01942932853359989, -1.2718850741728214, -0.021929857199798945, -1.466813979543948, -0.017551724061618413, -1.6306104750312718], "timestamp": 1767299677}