{"label": "B", "features": [0.0, 0.0, 0.17978526395803912, -0.05592757548890214, 0.3411795748387393, -0.3625244852432536, 0.408220031869223, -0.6854092860262486, 0.43089463038649484, -0.9302166928744485, 0.27455760166587734, -0.90503697246411, 0.35505931134854696, -1.2384121189904411, 0.4322930365706923, -1.3893882183940012, 0.5101110624882361, -1.5013090654248074, 0.16971248232758288, -0.9854936146544203, 0.2667086314295339, -1.3523198774482352, 0.3560225468776601, -1.5590737653398534, 0.4496545324974922, -1.7232376904230058, 0.054390353544711764, -0.992676558305431, 0.13693816679812407, -1.3556354258511327, 0.2194763227317451, -1.5593604629151534, 0.3048868414947132, -1.709746086194333, -0.08328728802600117, -0.9287246041186704, -0.04319462928029485, -1.2434270928923905, -0.002198189933442028, -1.4399121621313948, 0.044132243348737304, -1.6000234290969688], "timestamp": 1767299675}