{"label": "B", "features": [0.0, 0.0, 0.21218157883386585, -0.10747051165747278, 0.3368958832515532, -0.48786671758432576, 0.25455402160275264, -0.8781928666934624, 0.10689143800446699, -1.0577566505789342, 0.43378286756232354, -0.8000946701630486, 0.5749621581943541, -1.2129049450847973, 0.6548778362025097, -1.4692687016276635, 0.7129323058568102, -1.691834873527493, 0.3216598013776392, -0.9468553012255396, 0.452463044093461, -1.3858226788526105, 0.527673618896474, -1.6827405980744952, 0.582071403345447, -1.9267916722941205, 0.20080806437151968, -1.0010957590855702, 0.31184980973677245, -1.425662562845588, 0.38847185161235814, -1.6858753103938695, 0.4412748076444886, -1.895379382350846, 0.05971358634733523, -0.9867354352696981, 0.11881934900510667, -1.3289745926767689, 0.17494149675785864, -1.5439660882781163, 0.22027056134188547, -1.7161050155000581], "timestamp": 1767299663}