{"label": "B", "features": [0.0, 0.0, 0.249872981849729, -0.04095285719539017, 0.4224542055219102, -0.42955624897426287, 0.3319364922806336, -0.9192378794307006, 0.1807092467970319, -1.169088260815328, 0.5586384999907268, -0.7001721820236516, 0.7301798986604376, -1.1772936549017878, 0.8284740043668302, -1.4870307894343635, 0.901301661667315, -1.74937861719683, 0.43187798864592297, -0.9019320313966371, 0.5976556578913285, -1.4046836533468228, 0.6930497777919281, -1.7403034106156465, 0.7680159277497353, -2.013849259816503, 0.29726432469777525, -1.0035742636627751, 0.44858645141324516, -1.4785260918911518, 0.5437460151354924, -1.7742761854271154, 0.612293633004427, -2.028050088996509, 0.14701714532919033, -1.0376940433013018, 0.2588976936980728, -1.4150391457348466, 0.34103470654250617, -1.6265823495955343, 0.4079041889756938, -1.8141788336225562], "timestamp": 1767299674}