{"label": "B", "features": [0.0, 0.0, -0.22437901165373034, -0.2165664049242269, -0.410426510235116, -0.6273703676712409, -0.5490696047894315, -0.9070758843233345, -0.6899388988526962, -1.0314013687634325, -0.18079370075360457, -1.041204404737529, -0.17864865903693655, -1.5051449876471135, -0.15980712100314887, -1.7820982922518112, -0.13366825944305374, -2.0088619674428094, -0.0614364487569217, -0.9981109925919759, -0.13412246796866856, -1.309955270098613, -0.1814319586454437, -0.9478935769510888, -0.18038956245915985, -0.6422899210041412, 0.06785671790427088, -0.9238612415452232, -0.004984739113031655, -1.1546324610079546, -0.04847431132938157, -0.7699087611438971, -0.04707234485661766, -0.4991674665382201, 0.21193683431911092, -0.8215707854873907, 0.1469588795959628, -1.0801161272468949, 0.08274986056578468, -0.8422844549668532, 0.0629597392513671, -0.6324596490251773], "timestamp": 1767299712}