{"label": "B", "features": [0.0, 0.0, -0.17487145383908678, -0.1422663412150177, -0.2884113637536631, -0.5496025666878597, -0.20456797349184516, -0.9270901127146755, -0.05562889584824996, -0.993151986915609, -0.3382392371538146, -0.851886667637254, -0.4365183001102665, -1.204647132534298, -0.49194766040544, -1.4147452506005123, -0.5314771583469525, -1.601504954661228, -0.24004545056501833, -0.9707616454681637, -0.32340867356712866, -1.366914683497705, -0.3708387761590827, -1.6177863312218188, -0.40501509192315843, -1.823949335074045, -0.12883113309516633, -0.9927766036893605, -0.1797132564915302, -1.359636094705457, -0.21960615437886902, -1.6024998456172097, -0.24988734664385406, -1.7974031641080914, -0.007741477833672498, -0.9671474323566442, -0.0030437532272353587, -1.2641864793333415, -0.002739433640699833, -1.4634882191010459, 0.0020396658002321544, -1.6335632952809174], "timestamp": 1767299680}