{"label": "B", "features": [0.0, 0.0, 0.18481360553815854, -0.14381342686570872, 0.2966664629055384, -0.48371767647077824, 0.22445676561916944, -0.8281055962249327, 0.10469292074982899, -1.007133873708673, 0.3944377979720845, -0.8443925464495942, 0.5107735073503311, -1.2004937510753109, 0.5682149916579637, -1.4256093906729603, 0.6130238764493919, -1.63565328801288, 0.29466202427067584, -0.9556015290391631, 0.417350713270479, -1.3406645538803585, 0.48585192636961283, -1.5874624925396925, 0.5457260083130242, -1.8063657359329652, 0.18463961481039767, -0.9859931821475104, 0.28632901380443637, -1.3556225749257431, 0.3590342301383625, -1.585035076445963, 0.4113223981652223, -1.7677179773508997, 0.06353770488500918, -0.9638508166943954, 0.11998999190851867, -1.2774887388005822, 0.16618732543460582, -1.4738146399213379, 0.21146841233436925, -1.6430315311783503], "timestamp": 1767299667}