{"label": "B", "features": [0.0, 0.0, -0.17111775381697136, -0.15024000918576624, -0.28403774563644163, -0.5499178456475555, -0.2087609886608552, -0.9257730971042901, -0.06619914825194523, -1.0318035384165114, -0.3371082747924734, -0.8451975160386985, -0.4356229654593141, -1.1848650904909372, -0.4926382047487453, -1.404096922478325, -0.5335478786587031, -1.5923711031732712, -0.2453366345574809, -0.9694379437030022, -0.33266309018417783, -1.3676232600596026, -0.38278338301514814, -1.6219268863408824, -0.4217076166767176, -1.8319259760072892, -0.13529187534122777, -0.9956312398729691, -0.1896784769978219, -1.3741507422405388, -0.22703761501040354, -1.6219495493359721, -0.25658557404875765, -1.8240835005160332, -0.012626256038093234, -0.9698464172097367, 0.002466759096482541, -1.281664408267541, 0.008701510924177503, -1.4875841588178136, 0.016359714681550022, -1.6681763935700553], "timestamp": 1767299677}