{"label": "B", "features": [0.0, 0.0, -0.24707989781917694, -0.05318805364581691, -0.44283234631260593, -0.4532017574393212, -0.4002733041346519, -0.9461718533892595, -0.2445390594801946, -1.1519280415913653, -0.547640710919028, -0.6798251483760657, -0.7202274795948292, -1.0315702249885004, -0.8207130928956103, -1.2739452722499098, -0.8937674682732819, -1.4825747089153267, -0.4470995269202199, -0.8944842085901692, -0.6039877762161849, -1.309645592289637, -0.7057961343802198, -1.5859205906623617, -0.781853761204543, -1.8175796197790703, -0.31393834317961433, -1.0097723144682942, -0.425604618673197, -1.440188057588916, -0.5103296518875863, -1.7082120241812433, -0.5674437550677279, -1.9246919374131777, -0.16469816330917797, -1.0762924681341737, -0.18993740085172228, -1.4477602750397658, -0.21942110397203018, -1.6866927784022379, -0.23983299204582792, -1.893822820284761], "timestamp": 1767299675}