{"label": "B", "features": [0.0, 0.0, 0.17588389850138372, -0.13137117183956853, 0.2919986114979063, -0.4619890542204668, 0.21763995313234913, -0.7997006753669186, 0.0942990060438925, -0.9690198880125905, 0.3866334315221746, -0.846505610963503, 0.5040150067385036, -1.1977723395547932, 0.5632807365287097, -1.4187527929729742, 0.6087950695016616, -1.6231884395997005, 0.28591045788211955, -0.9582563337505917, 0.4040514607649699, -1.3395898195895917, 0.46958505504908643, -1.5864239706580814, 0.5252777877495117, -1.80714765635667, 0.17611878260851072, -0.9827980756766203, 0.2753540684847918, -1.3530584536082038, 0.3428274792290098, -1.5819597137151704, 0.39172740599226735, -1.7689948379890736, 0.054618247328381574, -0.9496384345338221, 0.11106065954068461, -1.255588578432074, 0.15572590834998487, -1.451476618657828, 0.19865784242408305, -1.6260492245747031], "timestamp": 1767299668}