{"label": "B", "features": [0.0, 0.0, 0.18761497519565734, -0.12586860606554848, 0.30754398049803244, -0.48040379774531056, 0.23181472389403018, -0.8517574769808824, 0.10062870595466081, -1.029079247941737, 0.4140027682213099, -0.8291909265896049, 0.534100348900115, -1.192041036836643, 0.5929841678881278, -1.4262255097723406, 0.6354372501861814, -1.6416978409236844, 0.310683250008045, -0.9505134975038225, 0.4366045186911895, -1.3285901167517702, 0.5076502398368217, -1.5816256067819316, 0.5640369157486951, -1.79994268178561, 0.19738959702246173, -0.9851377248199837, 0.30718249219082633, -1.3547105000787836, 0.3815451332431657, -1.5820741327834935, 0.4343183010860483, -1.7644798400968165, 0.07016104417014181, -0.9665724333635477, 0.13813521470697826, -1.273153567961538, 0.18767808783658835, -1.45973570960087, 0.23520603146684563, -1.6224252478878385], "timestamp": 1767299667}