{"label": "B", "features": [0.0, 0.0, -0.17638857484560264, -0.1329900340366421, -0.2987423016284742, -0.5395411556965749, -0.21479328296064737, -0.9311048180147233, -0.060614092056983315, -1.021720796360205, -0.356716974836661, -0.8426275126749238, -0.4552977643307268, -1.198469885503288, -0.5076980916651969, -1.4186203541505873, -0.5428218358036455, -1.6060965887956247, -0.25568781068451063, -0.9667593981659973, -0.34197392715639663, -1.3753804964064231, -0.3904034875671233, -1.6307245410954625, -0.4267680254018604, -1.8426919029290105, -0.13917867356370317, -0.997098521450879, -0.19413439436739957, -1.3805676442472556, -0.23702991837704115, -1.6239079821778295, -0.2708904431266809, -1.8222923291473754, -0.011788533658079518, -0.9762744207937465, -0.005273444176607186, -1.274605111610137, -0.0035236724209627493, -1.4772553078752615, 0.003137325996655144, -1.6524959143594389], "timestamp": 1767299678}