{"label": "B", "features": [0.0, 0.0, -0.20858452458503013, -0.14047216336717724, -0.43219540258629013, -0.5109650169633329, -0.5962606554611743, -0.7705795326880315, -0.7502084697962893, -0.8953636092924426, -0.3067244306852785, -0.9859048658748216, -0.3614311793528984, -1.4602211134671912, -0.3876014232305925, -1.7427254811055317, -0.40723837974417026, -1.9913924733398864, -0.16459080040921675, -0.9863619314007317, -0.2205517555568455, -1.2072446833316188, -0.20397755310934101, -0.8196580459892084, -0.17390720697168152, -0.5378180057128745, -0.018910113378730865, -0.9417409742841404, -0.061670383198299775, -1.0864110328873018, -0.06555025213759492, -0.7036298092040771, -0.05896741907799118, -0.46237495677525964, 0.13296300738304165, -0.8638538439701774, 0.09239260542370739, -1.0539796138683515, 0.05713682236042711, -0.800768944135789, 0.044203580027380514, -0.6175282100995372], "timestamp": 1767299710}