{"label": "B", "features": [0.0, 0.0, -0.18210651329996475, -0.14531182762896483, -0.2977287226171528, -0.531113370260638, -0.2160859009269925, -0.906736843650655, -0.07237671183434334, -1.0160186074120021, -0.35934623073033517, -0.8292274162579336, -0.4685274872560659, -1.1770952825021788, -0.5289320619999144, -1.3907084863436632, -0.5723980181330895, -1.5759698861676121, -0.2630252447150022, -0.9647889465853867, -0.3597655129584793, -1.3693585038329603, -0.4152972668758301, -1.6228823915112338, -0.457837844400972, -1.8259771160460174, -0.15042975465676167, -1.0011221753299184, -0.21540425921187123, -1.3758514903431291, -0.2631901094448146, -1.6221993804877255, -0.30122401920618164, -1.8219480630476792, -0.0231352867858638, -0.9863306322702899, -0.018116771546973744, -1.2865961356054694, -0.0160997802927077, -1.489463007224632, -0.010634596657930623, -1.6621946875828404], "timestamp": 1767299677}