{"label": "B", "features": [0.0, 0.0, 0.19554571014968744, -0.15357710352758092, 0.322833566887178, -0.4746979164016005, 0.38276901361684396, -0.7363153795245581, 0.3632357768640529, -0.8816430746624031, 0.2948499659831016, -0.9110126810433543, 0.38583903078071907, -1.2036259167996104, 0.4522969411150517, -1.336454428142791, 0.524622134330579, -1.436014478652935, 0.19538119340414603, -0.9807273735312009, 0.2768583521550878, -1.2987055317308869, 0.3523418339462062, -1.4195183076105993, 0.43879550398899675, -1.4890468364127014, 0.08305401808393811, -0.9830217086711417, 0.15002051125225804, -1.2992163995196735, 0.23212362735739794, -1.4295369925795787, 0.32691353407229345, -1.4972642554352487, -0.04929615601114963, -0.9320614441319005, -0.026505716192118525, -1.2339345193422484, 0.017315748250570258, -1.4162748744035438, 0.07912497817634787, -1.5516298241899509], "timestamp": 1767299668}