{"label": "B", "features": [0.0, 0.0, -0.19954965521553986, -0.14186437393111423, -0.3253255653882095, -0.5339742508170232, -0.26216956809568515, -0.9046593927099887, -0.12479412438898689, -1.0144403290823263, -0.3246067377646558, -0.8507569241415767, -0.4237120247509586, -1.195733739788626, -0.48959646009595, -1.4077099333640355, -0.5380643658726936, -1.5927548051689757, -0.22970454463536777, -0.973260403333306, -0.3208069782284406, -1.3753463083779247, -0.3818697607790568, -1.63040047156494, -0.4287559633369789, -1.838077115631687, -0.12252776963401843, -1.0007506877234265, -0.18709402481432416, -1.3943939693905822, -0.2420536925163164, -1.6509583767045688, -0.2895923476520023, -1.860881604236049, -0.003946631977962922, -0.97817102693374, -0.024322923694430478, -1.2947644607660416, -0.05137823969937504, -1.5101187205016482, -0.07812286400062253, -1.696624125760968], "timestamp": 1767299680}