{"label": "B", "features": [0.0, 0.0, 0.1747514808383819, -0.12821178267737407, 0.2910667853188275, -0.46284599670779303, 0.22216126412363835, -0.8082115969857291, 0.10252990800983526, -0.9858125679221199, 0.3856959597992125, -0.8456716107383466, 0.5085057201200828, -1.2012680611681987, 0.5724575486013872, -1.4248688375011889, 0.6219785985199977, -1.628153230461328, 0.2848182918393595, -0.9585815205834242, 0.4070467844363059, -1.34635517611388, 0.47486189043828225, -1.5973371606142461, 0.5329648470003164, -1.8156225665384655, 0.17670316795308472, -0.9838755470532291, 0.28111028815049505, -1.356839792684157, 0.34991287651957265, -1.5870398414216778, 0.4009328436707092, -1.7717118265774316, 0.0571098902573072, -0.9508140615170635, 0.11454512897675515, -1.2596475235572384, 0.15910703679656918, -1.45537624342265, 0.2020438842146029, -1.627624169190386], "timestamp": 1767299667}