{"label": "B", "features": [0.0, 0.0, -0.1744441345540042, -0.137706816630309, -0.28970542644273906, -0.5408201989900683, -0.20992064940078778, -0.9175154688215267, -0.06473199118995404, -1.0025350289566624, -0.3429601557008863, -0.8510342804299033, -0.4425343619564391, -1.2052355759315847, -0.49608758522926155, -1.4175213448852186, -0.534166733989449, -1.6051097970294814, -0.24288251924147833, -0.9700557058766361, -0.32726638736588315, -1.3677900701622392, -0.374790978258358, -1.619139572611034, -0.4098960462622528, -1.8236444490776498, -0.13098262636874997, -0.9909714487929999, -0.18284262006765462, -1.3597301748741906, -0.22362881995720058, -1.6050089996103467, -0.2558238497639215, -1.8040727645650518, -0.008539657589620865, -0.9621127578704565, -0.004787598962990028, -1.2598349204853163, -0.005411596245533976, -1.4595886744030486, -0.0032828772696087256, -1.6317687652692507], "timestamp": 1767299679}