{"label": "B", "features": [0.0, 0.0, 0.1871012981107494, -0.1662851622697795, 0.2870222189252489, -0.5134193587134316, 0.18565939653661603, -0.871751047539273, 0.05913933221098646, -1.0457363416179541, 0.3873033376310541, -0.846436461839279, 0.5017746714916126, -1.2116241206979417, 0.5558498655527991, -1.4384555514721749, 0.5985978349404363, -1.6523051505413402, 0.2760621296986929, -0.9611397875620343, 0.3869287096239179, -1.350030021681095, 0.44594816087262074, -1.606557798327679, 0.4953622887694634, -1.8344459575842642, 0.1598783989677374, -0.9927700464578908, 0.25365104980511877, -1.361848009043993, 0.3219922171291683, -1.5944004257405384, 0.3715878314828014, -1.7869159310610894, 0.03472218871475447, -0.9691451718211952, 0.09453855698530442, -1.2755536963601772, 0.14077452124605086, -1.467111541493597, 0.18619740398019785, -1.634948496219603], "timestamp": 1767299666}