{"label": "B", "features": [0.0, 0.0, -0.2264952191798981, -0.2082415693993226, -0.41994938523780095, -0.5957271029379501, -0.5682467917530437, -0.8593120703874829, -0.7093162003553245, -0.9689248299647677, -0.18204656702868052, -1.0442623195977652, -0.17400441131931735, -1.5212842215978755, -0.149212091258011, -1.7992855540579376, -0.11549275742096786, -2.0201773625831265, -0.06078124303363612, -0.9981511064104774, -0.13653161119635543, -1.307954994489834, -0.18729109096140054, -0.9510147393085895, -0.18813286605075968, -0.6398819070920948, 0.0697179228619082, -0.9232325711116524, -0.008503088328831822, -1.142838656563183, -0.05310363559131826, -0.7626103952680529, -0.05177331058953246, -0.4867926240757132, 0.21493462034768854, -0.8232356005964764, 0.14608940394325243, -1.073572000268208, 0.0821506758057307, -0.8418974339669708, 0.0629436770722458, -0.6312009633966136], "timestamp": 1767299711}