{"label": "B", "features": [0.0, 0.0, -0.1702285763177546, -0.15170023264582416, -0.2808269098220716, -0.5532241347640661, -0.19201822406783758, -0.919664362425541, -0.03976824161585517, -0.9923665905067837, -0.3412173909630412, -0.8536315490864611, -0.43809198558517887, -1.206158682730063, -0.49259780503890654, -1.4217828986025691, -0.5309825143389046, -1.6086761357537454, -0.24122576284232705, -0.9704690216004943, -0.319490579813047, -1.374489481013745, -0.36652278875486516, -1.6288269598889558, -0.4018152610621515, -1.8401179863616146, -0.12760535518575616, -0.9936092335847734, -0.17761708972999224, -1.3693901359383753, -0.21897061705033044, -1.613293357857133, -0.25128018241349004, -1.8104538982178895, -0.0065121823527029745, -0.9670161081588421, 0.0012553231093977652, -1.2610161617215074, 0.0031336584286447916, -1.4603454101207558, 0.010487513088367097, -1.6322099922686255], "timestamp": 1767299678}