{"label": "C", "features": [0.0, 0.0, 0.209225323431996, -0.10870826076415702, 0.3881729302090287, -0.3543135264424671, 0.550342383410313, -0.5442384329349704, 0.6931358697532574, -0.7115422448220441, 0.3443659824701889, -0.874629612288483, 0.43731252929737213, -1.161390334033212, 0.5214302919094541, -1.2790793067944808, 0.6044339174534575, -1.3457580782758196, 0.27433417449922426, -0.9616344167309263, 0.3849239387217972, -1.2853634041539426, 0.47692897487081604, -1.4021833113647089, 0.5720263830405976, -1.4420223359684736, 0.186613750186202, -0.991049070431679, 0.29813784956953276, -1.3147937887967018, 0.38989201859076283, -1.4463698715724964, 0.48812209207135904, -1.5003049241398916, 0.08339089649787543, -0.9813218286428522, 0.1754704476353464, -1.2502152360639578, 0.25663079315019555, -1.381361063776801, 0.3490833332020851, -1.4593316158230223], "timestamp": 1767300073}