{"label": "C", "features": [0.0, 0.0, -0.0005533973671760654, -0.154887566309584, -0.11974070883046978, -0.36273441681539986, -0.29129579810589623, -0.4293998811552861, -0.4477030975689204, -0.3875736018386085, -0.004756549726529546, -0.9331471878403628, -0.2248464663334167, -1.0769327808984583, -0.3763730895576476, -1.038071927512925, -0.4645146181772794, -0.9664786950776191, -0.08153723598685972, -0.9966702915276762, -0.32289198403683306, -1.2290016409920521, -0.47554309546755896, -1.178980289793327, -0.5763596831158116, -1.0887951651411945, -0.1822073761272223, -0.9587833957317916, -0.41539590626510414, -1.25142131175154, -0.5666410671786316, -1.1697768261027681, -0.6747732250397996, -1.0428419514990095, -0.31705150498610524, -0.8388360815881458, -0.492857382892039, -1.072284705766528, -0.6057790275586487, -1.0490829835383255, -0.6985840110206122, -0.9662916886874322], "timestamp": 1767300079}