{"label": "C", "features": [0.0, 0.0, -0.23178770409821728, -0.26449430064309215, -0.3650879304782568, -0.731910233884706, -0.40395470874007305, -1.0994328833696336, -0.4642120864495968, -1.390955837870966, -0.20295794115753737, -1.022756877550852, -0.26483360668403444, -1.2362455792933236, -0.26173280460528014, -0.9188359006842016, -0.24522263801625033, -0.6526609228692077, -0.06292554540902079, -0.9980182198513752, -0.13949876220861718, -1.2012696978099688, -0.14870528316578935, -0.8237228177077836, -0.14163738747345603, -0.5336156413139849, 0.07458493965237173, -0.9297591516782135, -0.011953442432562415, -1.1121132640647424, -0.03800687907893094, -0.7241148885416713, -0.04128462145936726, -0.44074934219722, 0.21275460404575308, -0.8227596181175578, 0.10096131791871772, -0.9590926319517166, 0.06394627616670093, -0.6786018541214431, 0.06593046220868438, -0.4695852417957617], "timestamp": 1767299619}