{"label": "C", "features": [0.0, 0.0, 0.21614780093679686, -0.0875667566193974, 0.41283364987744703, -0.34009383510001195, 0.5929746019723933, -0.49778627307695383, 0.7475561484560734, -0.6315733475974041, 0.3446579397521696, -0.8766115743570525, 0.44025827576589477, -1.1625587794596217, 0.5402452428971188, -1.2692456871936009, 0.638201263873643, -1.3206503580732192, 0.27965423690789676, -0.960100775124196, 0.40233809719381075, -1.2885840090836496, 0.5174605220199973, -1.389654138173843, 0.6262641058351901, -1.4019746334530363, 0.19766370154453816, -0.9881382371268081, 0.32025008424679796, -1.3258568078354536, 0.43784720899086194, -1.442644742767433, 0.550398155580823, -1.4737363159204608, 0.10300163971838228, -0.976171010680198, 0.20547239721646152, -1.2550640273760005, 0.3053266437926098, -1.3803874743389428, 0.4113277121144799, -1.4455866917627689], "timestamp": 1767300077}