{"label": "C", "features": [0.0, 0.0, -0.28634612517396496, 0.02914653797959735, -0.556212898727886, -0.10315202899950372, -0.7822760947165386, -0.18506171134708171, -0.9790739995288849, -0.2578091690664128, -0.48368364665668373, -0.7763191341358047, -0.668308946707508, -1.0017387038822494, -0.8170946392179498, -1.0848830977965118, -0.9460962636094149, -1.1274023716023394, -0.4384236670198137, -0.8987684235675507, -0.6571440016896173, -1.1906187460056776, -0.8257086690668068, -1.26522832354654, -0.963648146922534, -1.2621146040061966, -0.38162157363419663, -0.994758803801197, -0.5997821866906183, -1.3199152428946141, -0.7722319332549457, -1.3742937524169239, -0.9119379654364327, -1.3305223427604704, -0.31577306009206685, -1.064714891233102, -0.5252823821385874, -1.327344689501357, -0.6820014851605412, -1.3664355343922672, -0.8077206425233372, -1.3161368539383795], "timestamp": 1767300082}