{"label": "C", "features": [0.0, 0.0, -0.23351173134815786, -0.2725418793282452, -0.3670695333656734, -0.7337532395720103, -0.4105657701226909, -1.112364926506078, -0.4798797653435512, -1.404722070879859, -0.22489262345765437, -1.0196851535435447, -0.26638670138370374, -1.267707225650092, -0.2656609851920544, -0.948597096896995, -0.2545189978515471, -0.6792374286337794, -0.0836060634913113, -0.9964988796970621, -0.14346981592234048, -1.243054649275147, -0.15514473864398215, -0.8645882117947317, -0.1543467960329663, -0.56934891464226, 0.057038424849928195, -0.9338132516829163, -0.009221083231326407, -1.149072676457565, -0.039779497081014664, -0.7598012197475837, -0.0537776144461763, -0.47046961883800076, 0.19946069215314804, -0.8315483424708527, 0.1101458206105125, -0.9843765249289773, 0.06955112092855985, -0.7029367224884094, 0.05620065149293819, -0.4851998253141676], "timestamp": 1767299620}