{"label": "C", "features": [0.0, 0.0, 0.2513317563144162, 0.04595397105238822, 0.5011208903359949, -0.13396954517513782, 0.6967141527914423, -0.18148754885473223, 0.8641388087141972, -0.16835608248339262, 0.5087277202842496, -0.796136968228515, 0.6590851050601703, -1.0335190445300986, 0.7920881045650581, -1.082504965379013, 0.9004498116167315, -1.056861237990024, 0.4565519676767364, -0.8896967407345283, 0.6377507080642625, -1.1903215560757838, 0.7911004566228041, -1.2232075216040263, 0.9088522126226501, -1.1440946417679878, 0.3885475086609515, -0.9292011181128592, 0.5753335761628441, -1.2431764321669834, 0.7342441584723606, -1.2668316169897689, 0.856724209681715, -1.1839623787058597, 0.31922146209923113, -0.9233263688119292, 0.48740610787649014, -1.1650170053506814, 0.6236660967355512, -1.2278860647415841, 0.744382336873984, -1.208455647192682], "timestamp": 1767299536}