{"label": "C", "features": [0.0, 0.0, 0.21609246757700115, -0.10491394594998306, 0.40008431480621826, -0.3547514386041374, 0.5649892764161557, -0.5453839194939304, 0.7071622996004199, -0.7181683846137777, 0.33880121684720155, -0.8756892786273288, 0.4312801134594763, -1.1629771332692616, 0.5219069367556788, -1.2834072694289882, 0.6129048468723555, -1.3505714633450896, 0.2686413020441554, -0.9632402822964691, 0.377325490090156, -1.290313685272681, 0.4768624580278495, -1.4224429986034774, 0.5804353102119152, -1.4670476344244732, 0.18131897187608473, -0.9875370868424437, 0.2929801164188629, -1.3124206574795707, 0.3936821569400829, -1.4533795966134535, 0.4990562505474539, -1.5108056321637378, 0.08089489638831428, -0.9685043939022294, 0.17312075379885436, -1.2407070791772186, 0.2580756900850622, -1.380726958606158, 0.35396914557674913, -1.4599381710752377], "timestamp": 1767300073}