{"label": "C", "features": [0.0, 0.0, 0.31371868498346694, -0.11425766681814287, 0.5296226706081241, -0.27537339774172, 0.6981982834637861, -0.3568492203370175, 0.8457627800226005, -0.396487600562661, 0.4958677538131119, -0.8131360484799037, 0.6286996158485577, -1.0725281619327989, 0.7537354941124639, -1.1730302140592728, 0.8596021643332378, -1.2173819145563494, 0.4505374253415633, -0.8927575362636982, 0.6046858046058365, -1.1879260019766524, 0.7428034857397295, -1.260878960267235, 0.8604414686656912, -1.239251779093718, 0.4080216391115046, -0.9518260822460133, 0.563196305854235, -1.2598017969992474, 0.704518723144148, -1.306147886923833, 0.8183334197258628, -1.250612576807523, 0.37592559468373654, -0.9802171119207128, 0.5194057009899673, -1.2359156138147445, 0.6402041230483061, -1.3042719152823, 0.7457279664689401, -1.2927345142531137], "timestamp": 1767299533}