{"label": "C", "features": [0.0, 0.0, -0.23453187147668664, -0.2514884518879462, -0.36872058222019893, -0.726157817843453, -0.410835251485981, -1.1008310566876844, -0.48910242562304973, -1.3727770613551484, -0.20263726314440575, -1.0222155284050414, -0.2607719974308436, -1.2526112556255955, -0.26256315574417555, -0.9336049564231877, -0.2506752734086261, -0.6629557060049804, -0.06441937056246945, -0.9979229107673854, -0.13867320914521913, -1.2149026456552006, -0.15190644100128065, -0.8306313125285881, -0.14735301126371714, -0.5340475053347148, 0.07155574460914325, -0.9271790241138869, -0.013198898240500719, -1.134427027723369, -0.0439105814643455, -0.7374387874977821, -0.05055123092326878, -0.44537249179750094, 0.20952881210165775, -0.8157136206721682, 0.10171122326090354, -0.9515820375308075, 0.05909317037005353, -0.6660422980438938, 0.05488967940647482, -0.45279251432965373], "timestamp": 1767299621}