{"label": "C", "features": [0.0, 0.0, -0.20724515866210394, -0.02580955465564904, -0.42805478040963557, -0.2376953350380396, -0.6004176032764228, -0.3584579997117929, -0.748384197842612, -0.45310175274302195, -0.33973803170704303, -0.8771322231516935, -0.4398471804787868, -1.2224883272139988, -0.5593964397493177, -1.30173896770589, -0.6571188152884144, -1.28654791145565, -0.28857882066009866, -0.9574561375385157, -0.40449934115878466, -1.3744989836508923, -0.5567149899735212, -1.435457791260508, -0.6677250355045256, -1.3615452270244555, -0.2456601430521517, -0.9906184591634927, -0.3615902725685491, -1.4255858601478426, -0.5267396592228236, -1.4884293698146849, -0.6474006284591313, -1.4220785686831832, -0.21472444436463192, -0.9880739378900835, -0.33040740859211953, -1.3247208019828023, -0.47053304470581025, -1.4252388678415977, -0.5885275115272057, -1.416237620500448], "timestamp": 1767299528}