{"label": "C", "features": [0.0, 0.0, 0.24893883629543653, 0.04064601198322912, 0.49714866822902454, -0.14703133059895568, 0.6978990832509184, -0.21846252099865848, 0.876773280675735, -0.25557229217033456, 0.5064393769972716, -0.7898536739048377, 0.6596682591288767, -1.03234852366712, 0.791883368130023, -1.0850375441234128, 0.9001254550807768, -1.0700807031871264, 0.45751461605787547, -0.8892020949253968, 0.6386045435030654, -1.1965962809764665, 0.7913624054753772, -1.2384109473509441, 0.9084081057943931, -1.169764987488931, 0.3877870890308849, -0.9364392677327723, 0.5722362735697224, -1.260309795141228, 0.7289659685552399, -1.2922976512739093, 0.8500812018939947, -1.2189962704935533, 0.3128018658056597, -0.9385437196306884, 0.47723300571512883, -1.1934573951435619, 0.6116043819531194, -1.2569986076993573, 0.7305048216932888, -1.2384320168411709], "timestamp": 1767299538}