{"label": "C", "features": [0.0, 0.0, -0.21349702232204407, -0.26765084114939924, -0.33318223874283887, -0.6861676754995584, -0.36188088514308436, -1.0265293342399175, -0.38706507935701107, -1.3196618946654073, -0.14006868848268378, -1.0271051003324385, -0.2242560094184779, -1.2032594716072769, -0.2534142168364598, -0.931453798150386, -0.2631631714617596, -0.6757798434049149, -0.021147069633048805, -0.9997763715163991, -0.13308486366491948, -1.1596116934851217, -0.16426814486459979, -0.8167633964095558, -0.17367850194440662, -0.5252038620071734, 0.10051488526894134, -0.9318792990599959, -0.02836230283249617, -1.066628099183684, -0.06306304152215352, -0.6933223017418982, -0.07349520184575574, -0.3969480204370732, 0.22614859939724305, -0.8166276568609927, 0.08074750045698784, -0.9202946047834656, 0.03371524953173213, -0.6490376496861718, 0.027344506660245075, -0.42727879716570466], "timestamp": 1767299618}