{"label": "C", "features": [0.0, 0.0, -0.24353250557020634, -0.23600998288179922, -0.4042305221640268, -0.6666421189392869, -0.48267249489143116, -1.028662018376541, -0.5764626904705064, -1.284153890276669, -0.27505448055300824, -0.9910515939415439, -0.3323875847805884, -1.2757513867587145, -0.31777459466803265, -0.9967673649454045, -0.29408105610729274, -0.7270573450773217, -0.13849874896285613, -0.9903626039761209, -0.20870950797308233, -1.2818365527003515, -0.20570181230194268, -0.9099992303205194, -0.19060833514439773, -0.5974369350374521, 0.0069479083407549035, -0.9465704236639053, -0.0672224907765548, -1.1988181871327168, -0.08024379914611389, -0.7973055908330852, -0.07755049961090396, -0.48239148111284125, 0.1584701546802088, -0.8631892301796102, 0.06025159786189381, -1.0562287312663365, 0.029063993704249544, -0.7749985146054661, 0.03120210632927549, -0.5376507747971566], "timestamp": 1767299618}