{"label": "C", "features": [0.0, 0.0, -0.23310422970900724, 0.0005379215591306718, -0.4497635925372825, -0.17954323344379478, -0.6129916284370011, -0.30129151477301847, -0.763743687187836, -0.42805818270903834, -0.3926433333493042, -0.8457013517896101, -0.5399710677626918, -1.0933544352518514, -0.6596240209063069, -1.1476698504669007, -0.7689799457719462, -1.137094239303106, -0.3397900200892683, -0.9405013208712092, -0.5123650158233022, -1.2406807950786314, -0.6478534357849203, -1.285857271232658, -0.7563078609337031, -1.2154021473637768, -0.2760282166086162, -1.005349505967448, -0.44590581522288664, -1.335963129510635, -0.5911861028841657, -1.3710514000021659, -0.7055480430771323, -1.2971845521730743, -0.203967575581989, -1.0482153020339995, -0.3668375316704124, -1.3164885591977378, -0.502775899648271, -1.371106727113124, -0.6135137422501437, -1.3319793484238702], "timestamp": 1767300083}