{"label": "C", "features": [0.0, 0.0, -0.23676120241794893, -0.2481794133674792, -0.37104705789385795, -0.7218904966949502, -0.41310470584576153, -1.0975351434749483, -0.49654908633120953, -1.3617775263009912, -0.20934906358079364, -1.018546315972068, -0.2688729113929746, -1.2466789031273486, -0.26659638417411946, -0.9298982564739181, -0.25147786124320665, -0.6606205822833788, -0.06883523677829338, -0.9976280375648522, -0.14256372901751055, -1.2092325469687943, -0.15267990026471845, -0.8247489980039556, -0.1481192038210646, -0.5269041880089915, 0.06830872892052367, -0.9301609833679103, -0.01407710198301195, -1.1248152600714918, -0.04235832135816748, -0.7289775348965811, -0.04877497117633186, -0.4376919376582465, 0.20655314347521977, -0.8238224706626552, 0.10113272555298251, -0.9560228490682993, 0.06061401948765305, -0.6711425703979368, 0.0578141466203842, -0.46026378804119056], "timestamp": 1767299621}