{"label": "C", "features": [0.0, 0.0, 0.21536115013890386, -0.10493235804238626, 0.39800036891989, -0.35078760829686656, 0.5673321573861514, -0.5291377274674474, 0.7167128673672327, -0.6787965115623897, 0.3441773290200744, -0.8764158292518575, 0.438775749006284, -1.1701108092579806, 0.5262558940687088, -1.286954595164999, 0.615624690353074, -1.3553363284934044, 0.27325420948650814, -0.9619418524781919, 0.38744411236964416, -1.290447769223173, 0.4866327967913472, -1.4094786960338463, 0.5895725954112716, -1.4519222392093676, 0.1847121733016833, -0.9872681387835619, 0.29935135947460706, -1.318289816676123, 0.3989907351562945, -1.4507831913201847, 0.5041699103741737, -1.50572922824894, 0.08162538259321662, -0.9709813027354628, 0.17633010432928203, -1.2445107703954386, 0.2619183598383135, -1.3811711736338461, 0.35943606523049576, -1.4672561610282961], "timestamp": 1767300076}