{"label": "C", "features": [0.0, 0.0, 0.014686721798188482, -0.389958995073354, -0.05363620179093445, -0.627834869196601, -0.20464239000256668, -0.7525053068465886, -0.3481492477460842, -0.7721030069793852, -0.06620743157756727, -0.987798192869126, -0.387468227074962, -0.8656591660814152, -0.3878030665068671, -0.5863523278699482, -0.31214689115738276, -0.38356135441816175, -0.1653681797166484, -0.9862318952924016, -0.5214656862141656, -0.6869597143925897, -0.47794893860372706, -0.3938512197944394, -0.38506740978039666, -0.2396455923283498, -0.2672348760928628, -0.8843817036324857, -0.5942382813173545, -0.5370304589194324, -0.5179840163110045, -0.25549589662558003, -0.41213514450987815, -0.15306473895195818, -0.361926765985181, -0.7120753538018704, -0.6182252044407739, -0.40827345351394495, -0.5548813411409902, -0.1949648496009621, -0.46342953336701426, -0.15023954413956855], "timestamp": 1767299523}