{"label": "C", "features": [0.0, 0.0, -0.025019185554950668, -0.19477906779348664, -0.13370144808208254, -0.3994866589698443, -0.30159856545815933, -0.4290492840325568, -0.46142005712700807, -0.38578326992797407, -0.0063366007010582604, -0.9311141504204667, -0.22270587329051206, -1.091633412205654, -0.35608543773780743, -1.052093461187439, -0.4353074806005352, -0.9986307762312375, -0.0808549289404425, -0.9967258758142661, -0.315195282210125, -1.2312097033138703, -0.465421068040605, -1.177820622237703, -0.5539051991550248, -1.096169517993485, -0.1806017871037152, -0.9703108833459136, -0.4108835264232522, -1.246764789968122, -0.5501180661826865, -1.163220519258822, -0.6365594229454332, -1.0601640199608966, -0.31594438836598004, -0.869793584568805, -0.4802341155782079, -1.075576699108126, -0.5803567268826696, -1.051720774874585, -0.6556489625853117, -0.9889465323922481], "timestamp": 1767300080}