{"label": "C", "features": [0.0, 0.0, -0.22720510593585957, -0.25131164438795284, -0.3620130567179401, -0.7174267013548213, -0.40576138038645465, -1.0909843049847596, -0.4680545367444507, -1.3862435557425203, -0.2020911254622981, -1.021825513323127, -0.2663581295283439, -1.2399731307182151, -0.2578474501499374, -0.906794254708408, -0.24319337496190024, -0.6401165547221339, -0.055868405177298554, -0.9984381366399232, -0.13570331231388952, -1.2109676233119302, -0.14479106515164014, -0.8282979015204023, -0.13549556586852562, -0.5328124379665785, 0.084042926802128, -0.9266440428472862, -0.00603413656799478, -1.1093606322241125, -0.031563609932284, -0.7131271193670683, -0.03361850440173502, -0.42910772073477194, 0.22203427126304354, -0.8180539499472191, 0.11253624945360845, -0.9368228492388367, 0.07710804268337038, -0.6497557333099245, 0.079424287310631, -0.4474763536613337], "timestamp": 1767299619}