{"label": "C", "features": [0.0, 0.0, -0.24200230375740445, 0.018319312474382083, -0.4934589145346948, -0.1490309517973871, -0.6967669650029391, -0.22363425391594352, -0.8689595464616827, -0.2923428085959857, -0.42899743792897893, -0.8204695771852825, -0.5957804190397747, -1.0640022837485226, -0.7358333045869548, -1.1325307328283953, -0.8566999957600361, -1.147740997119632, -0.3797746763617792, -0.9250790165672407, -0.5765400445469435, -1.240076784125205, -0.7444548706038593, -1.2871993857475712, -0.8831970425937621, -1.25480239612148, -0.317846058457348, -0.9945668743249393, -0.5191217359786248, -1.3487450318538399, -0.699240200833838, -1.375060612399483, -0.8404838120041166, -1.3095406442960678, -0.2582889958870166, -1.0272122513446709, -0.4612348559725025, -1.2875440108863572, -0.6178834335045307, -1.3197262592199386, -0.7393869266210682, -1.2728923708330089], "timestamp": 1767300083}