{"label": "C", "features": [0.0, 0.0, -0.23186778162753438, 0.02629517054637502, -0.4579197660740136, -0.14310986429979633, -0.6424436175321715, -0.2122612881383773, -0.8026648817674165, -0.27136787894050024, -0.4268696831191505, -0.849286604556177, -0.5340021247077507, -1.1658481748080354, -0.6569449723486817, -1.234326541117489, -0.7591154275643255, -1.2060707480800406, -0.3808245982055043, -0.924647292966145, -0.5014719060613388, -1.3303430589169734, -0.6527014332584132, -1.377587615069679, -0.7605899231089821, -1.2773552217575401, -0.33280975913438793, -0.9579010618852898, -0.4445757156840836, -1.3785808180795407, -0.6084558237817795, -1.4366754053821615, -0.7248270945581102, -1.3552067064664415, -0.2863344115863993, -0.9574041918019356, -0.40192626777792234, -1.2940632169009898, -0.543533704377025, -1.3869360242541708, -0.6570703984724257, -1.3621443557221835], "timestamp": 1767299528}