{"label": "C", "features": [0.0, 0.0, 0.25063969733373465, -0.04725026592870245, 0.45156103876867515, -0.28342997532272696, 0.6203991766384874, -0.4108631830769292, 0.7738121383828462, -0.5186154271356278, 0.39404660806534936, -0.8670308082062825, 0.517147914180438, -1.1417938907498242, 0.6395217832517103, -1.2256774929959133, 0.7428505640974404, -1.2410828682288615, 0.34134449640015185, -0.9399382561387233, 0.48328389417657686, -1.287242119023701, 0.6305295098488719, -1.3664744775770783, 0.7490604610236116, -1.3268156772303512, 0.2762676695102309, -0.9615866702172132, 0.419931008821384, -1.3217393462921507, 0.5702789047513915, -1.3967740560662385, 0.6952817987063102, -1.3632726311293917, 0.21519441456667385, -0.9351267796917655, 0.3412977325901922, -1.2275365299816359, 0.46479449482794255, -1.3294046790334018, 0.5810536797753039, -1.3470524702346243], "timestamp": 1767299535}