{"label": "C", "features": [0.0, 0.0, 0.25814847244870653, 0.0501677293647005, 0.5051804990055307, -0.1249787612076535, 0.7029386020338997, -0.17038578854598427, 0.8748892161768836, -0.15967827956849548, 0.5185453151223767, -0.7876366074912724, 0.6731854668558098, -1.0292917085550144, 0.8060141885870814, -1.085197705831794, 0.9152391718184975, -1.0687187380441208, 0.46781099207728183, -0.8838285270260569, 0.6486733623615778, -1.1912429384003724, 0.8021695240362539, -1.2316444025583857, 0.9225676281836757, -1.1600940633326124, 0.3989711906765066, -0.9301194968677052, 0.5824360718061178, -1.2575126370497374, 0.7407937606882009, -1.2881619264766744, 0.8651622477410665, -1.2100773640276516, 0.32668329333292795, -0.9331476966373068, 0.4928536812586805, -1.1889284995008782, 0.6281665538401365, -1.2507349617201013, 0.747999316793885, -1.2278609532960452], "timestamp": 1767299537}