{"label": "C", "features": [0.0, 0.0, 0.2533047186373728, 0.051130476605133146, 0.5022893512258184, -0.11871786992064769, 0.7005503476696171, -0.1608051068310614, 0.8718625652804243, -0.14760888750530382, 0.5167155240920878, -0.7873249533360562, 0.6714148799628372, -1.0297650823655744, 0.8064154860566876, -1.0850824943743365, 0.9147323569869357, -1.0639239607813338, 0.46374027437883775, -0.8859711887919093, 0.6495986104785384, -1.1953472633516808, 0.8053730752786795, -1.2359478347926902, 0.9236831615229356, -1.1615265278379718, 0.3925579708429212, -0.929571344014425, 0.580723255844336, -1.2583040953827735, 0.7406280630937881, -1.2884618519282482, 0.8624326070645316, -1.2065910257534664, 0.3184353489248813, -0.9267904291202973, 0.4897552694655818, -1.1732895305956252, 0.6283415108234319, -1.2379076802412536, 0.7488191072180685, -1.2161590078968347], "timestamp": 1767299537}