{"label": "C", "features": [0.0, 0.0, 0.25751411964871695, 0.04218157921841064, 0.49703700640459353, -0.12791669235893602, 0.6898100543981132, -0.17999882958744692, 0.8541390032737235, -0.17807501876281087, 0.49406976254300145, -0.8061361105393433, 0.6489243273872104, -1.0480064202323462, 0.7804775134802286, -1.106412750243771, 0.8840456266007112, -1.0903281486021679, 0.44778844390079137, -0.8941395301605535, 0.6250180468147687, -1.202348611834838, 0.7781436533642064, -1.240594561764811, 0.8927357781762605, -1.162468191263787, 0.38589888003376294, -0.9374079434434538, 0.5644388021644261, -1.2683287225469175, 0.7226815104184966, -1.3036325951833474, 0.8453329649267387, -1.233746844087272, 0.32146945186793957, -0.938742525040115, 0.4782451149725637, -1.2062635954955947, 0.6120263711769907, -1.2731537715037713, 0.730366204856182, -1.257883994014511], "timestamp": 1767299536}