{"label": "C", "features": [0.0, 0.0, 0.2135227538423909, -0.08790546347525789, 0.4015295473588078, -0.3555574268351131, 0.5727713358121669, -0.5080836019877737, 0.7217934226904833, -0.6156304094882575, 0.31467817791280817, -0.9052688833405887, 0.4126076116588563, -1.1904494037710938, 0.5189357117034674, -1.290373405790649, 0.6068633580891319, -1.3108228029059288, 0.2568063462033048, -0.9664628764067726, 0.37121727659648307, -1.3093324900592245, 0.4953403991599203, -1.3959489100212228, 0.596564806671236, -1.3646739821042426, 0.1854171416189239, -0.9826455800716583, 0.2989379151012144, -1.3414495570017613, 0.4220644298361421, -1.4341963054116027, 0.5259246810980232, -1.4224285419642186, 0.11003217266673636, -0.9630596933224487, 0.20836630926605545, -1.2507912484497083, 0.31084756801821134, -1.364871193588223, 0.41136536867608875, -1.4007685530919953], "timestamp": 1767300077}