{"label": "C", "features": [0.0, 0.0, -0.24068704155895412, -0.2613057334240765, -0.3807114489720951, -0.7348781062502938, -0.42464198288240734, -1.1239608323586356, -0.48913619216842386, -1.4196053601441783, -0.23135789279051902, -1.0217069725019703, -0.2757083593253756, -1.2789505222339366, -0.2674635935367762, -0.9691133348593672, -0.2516560538042487, -0.6928080333347978, -0.08845482065811307, -0.9960801854189448, -0.14080500369053744, -1.2437564473751395, -0.15030425174992718, -0.8663967517752769, -0.1474085771015667, -0.562627856605514, 0.05236400359981442, -0.9285316307397242, -0.007553471638954045, -1.1636766247752628, -0.03732722627942512, -0.7742914408651922, -0.04516720891158087, -0.47408772052178144, 0.19500581385251975, -0.8197834331104396, 0.11180227724234665, -0.9849280506557319, 0.07128276567595893, -0.7058054796247263, 0.06513553676894386, -0.4826936815235172], "timestamp": 1767299620}