{"label": "C", "features": [0.0, 0.0, -0.24764350263099277, -0.023223563040703006, -0.47520906638893473, -0.18655651022616984, -0.647024540283635, -0.22275223446971357, -0.7960383620714577, -0.2929046503698252, -0.3284079385241909, -0.9001297464150477, -0.483129619549788, -1.190687055673461, -0.6374392358710538, -1.2447517172030371, -0.7595900820413883, -1.2212817522692423, -0.28985281153810505, -0.9570712300470848, -0.48409676544185354, -1.3394561986583535, -0.6727204915503258, -1.346471883328692, -0.7958478375307454, -1.236762486591462, -0.2785114320952374, -0.9372684932883962, -0.4868475558067892, -1.3077190932855105, -0.6770781865687111, -1.3124322371886357, -0.8030277080778991, -1.218713855617161, -0.3076210711275594, -0.8535174498338769, -0.5044750143144767, -1.1381788368711772, -0.6534410818892528, -1.2006898402165955, -0.7659839773191695, -1.1919675578191788], "timestamp": 1767299530}