{"label": "C", "features": [0.0, 0.0, -0.24440629619966198, -0.022038287963062727, -0.4712478858914669, -0.1933414943295361, -0.6484444582501032, -0.22940540527751133, -0.8060360942154569, -0.26323042522490003, -0.3215668663463514, -0.8981871774648482, -0.48876490384804777, -1.1714714859170812, -0.6453148044135036, -1.2104070877610742, -0.7703195931280736, -1.1776554308538076, -0.28236984228862705, -0.9593056154713678, -0.4895153190305642, -1.3159715026479049, -0.679052107077457, -1.3157123042526269, -0.8063066587939407, -1.2032350261582683, -0.26993128440654723, -0.9375243020851299, -0.49232153082767943, -1.2863534530322662, -0.6825234876830457, -1.2819554814044725, -0.8129361086941433, -1.185979677506358, -0.2985263775336717, -0.8474102365389541, -0.506512210560014, -1.1189127722282217, -0.6561924888323117, -1.1722508107394904, -0.7719076465946634, -1.158819194372546], "timestamp": 1767299530}