{"label": "C", "features": [0.0, 0.0, 0.21378736401563433, -0.07196051842191546, 0.4076256785617906, -0.33905996888438056, 0.5799014723015118, -0.4974241032107217, 0.7339534608013636, -0.6358063866514923, 0.3390016705692244, -0.8838834965596325, 0.4449266771442405, -1.1646768491353674, 0.5539777413655246, -1.259893020282614, 0.6486252627531159, -1.2775156499888876, 0.27748757624633785, -0.9607292208421252, 0.4053251691608778, -1.295423018038217, 0.5325378813167466, -1.3835923975686009, 0.6397960311600965, -1.3495073159739834, 0.20040907216644863, -0.9785128255651893, 0.32788281744029785, -1.318936120533552, 0.45666310651480924, -1.4134651157957667, 0.5684703166143257, -1.399189608741696, 0.11721654951219478, -0.9520167237004942, 0.22072527698244188, -1.2380560977138246, 0.3303352056669838, -1.3551800314629345, 0.4395320845866962, -1.382023166797046], "timestamp": 1767300078}