{"label": "C", "features": [0.0, 0.0, 0.22150349630675858, -0.10487000716346219, 0.402492808439301, -0.3703061145322277, 0.566845315223169, -0.5499415109724348, 0.7107093693015959, -0.70265647353647, 0.32321509024524375, -0.8899246341191814, 0.42240467372657775, -1.1770559451365565, 0.5211000006678527, -1.2910781077053504, 0.6097734760087195, -1.3371652242587317, 0.26102869267585926, -0.9653310377780118, 0.3866532698146847, -1.3021500509998136, 0.49820292896176116, -1.396794481721164, 0.5989709052413026, -1.3880828711133384, 0.18359941798562346, -0.9914295192302653, 0.30748650163428504, -1.3338931483058267, 0.42091173142788657, -1.4435513674278966, 0.5291678841793223, -1.4569231498807689, 0.09427231414131404, -0.9807094149766674, 0.19041267114705288, -1.2529978385923555, 0.28790585875941893, -1.3875313763021748, 0.39339124515511165, -1.4539492012261763], "timestamp": 1767300073}