{"label": "C", "features": [0.0, 0.0, 0.21218486282455826, -0.102515339227501, 0.3930198928324319, -0.34913023876935134, 0.5613055917702892, -0.5310540037314239, 0.7101976836383237, -0.6803182373737838, 0.34127876056785733, -0.8771906059651836, 0.43405170504720764, -1.1730107314229268, 0.521332166984335, -1.2916743105594106, 0.6096919939023882, -1.3556452158502836, 0.2711719212865573, -0.9625309240333836, 0.3832096706658115, -1.2963095104723157, 0.4817848662067874, -1.4170809140442118, 0.5829681308756829, -1.4526524092966573, 0.1837591609208272, -0.9882801699893359, 0.2974951130680758, -1.3236983619007185, 0.3980394014998827, -1.4537477172171822, 0.5023971292035064, -1.496956439938966, 0.0816913428048787, -0.9735964429179087, 0.17507976866296104, -1.2471213462988007, 0.261584620573629, -1.3826041673109013, 0.35950251948201223, -1.4611326546598826], "timestamp": 1767300075}