{"label": "C", "features": [0.0, 0.0, 0.2543080870225866, 0.03834163113631979, 0.49975169867783253, -0.13495744600022178, 0.6927274766336557, -0.18826066406106107, 0.8623573545698701, -0.19102680296746707, 0.5054462762382804, -0.7993088022283417, 0.6593058245452461, -1.0449601881831554, 0.7917863620383866, -1.1000281863300811, 0.8991228407984878, -1.07996579394071, 0.45880867819025417, -0.8885350789597867, 0.634036825629121, -1.1989973475347038, 0.7864470065671041, -1.2367008038142815, 0.9026248406361563, -1.1567620535848169, 0.39413176941843525, -0.9337095294715784, 0.571974167697996, -1.261095374561776, 0.7269035163226335, -1.2843627276280478, 0.8453627336367565, -1.1957293043143822, 0.3249427745493686, -0.9388409575303236, 0.4855365374794688, -1.193049214896817, 0.6159172837093273, -1.254692955743478, 0.7280440548321995, -1.2282762220082222], "timestamp": 1767299536}