{"label": "C", "features": [0.0, 0.0, -0.24438878426026503, -0.03956841486475679, -0.4611491602892309, -0.27864200597101996, -0.630403928229387, -0.47292304989025635, -0.7779553127229354, -0.6419231234434774, -0.3735213219135855, -0.8626300207313226, -0.478853041629406, -1.1577038158174138, -0.5868746431262052, -1.2662698507112042, -0.6920788776776009, -1.31378346111553, -0.31393276927969027, -0.9494452101692391, -0.43397771186807754, -1.3217733592452219, -0.5712248733963712, -1.421145285495144, -0.6900178675194014, -1.429760743944643, -0.25378322673394343, -0.9906916278150926, -0.36907479390592346, -1.3911346707173544, -0.5135648788017927, -1.5035340906851453, -0.6386995700001666, -1.5077637283481367, -0.1967200945000807, -1.0020598828020395, -0.3095808893486466, -1.3540293133799894, -0.43828075008028317, -1.4785693497529624, -0.5567671727364826, -1.5086304619010762], "timestamp": 1767299529}