{"label": "C", "features": [0.0, 0.0, 0.22870703591790706, -0.06566364162924192, 0.4208196379818895, -0.28873755473170465, 0.5909875637716524, -0.40308055367688367, 0.7446361248272135, -0.5054209065945241, 0.3173426761171287, -0.899474966101497, 0.41291489421818994, -1.194689456020934, 0.5258945178862977, -1.3092479732417306, 0.6260795491828929, -1.3468631333101706, 0.2619225403636696, -0.9650888941078838, 0.3737550013546654, -1.3333860201109127, 0.509738423647596, -1.4330779422601376, 0.6219563735130214, -1.395519716787705, 0.19791097407271613, -0.9834626602935023, 0.31148827213403174, -1.3679742037799232, 0.45530742235111166, -1.4578339377933007, 0.5753701263571265, -1.4160493600538417, 0.13759612944105307, -0.9581639808549822, 0.23840299761794206, -1.2844542064643871, 0.3577530471197881, -1.3917034324767992, 0.46897603020376977, -1.3833848714055348], "timestamp": 1767300071}