{"label": "C", "features": [0.0, 0.0, -0.022766576368845628, -0.16517094361412854, -0.12943329995338734, -0.368957275406771, -0.29910508567205246, -0.41347667135425964, -0.4551822324131691, -0.3616948645881373, 0.005019622697787282, -0.9195379546782634, -0.20795468857931013, -1.0801262932614377, -0.3377455719640553, -1.0329690079632305, -0.4133457471746163, -0.9652830182917015, -0.06908630915814891, -0.9976106821826417, -0.29348517819803494, -1.215773058135684, -0.4359563012503297, -1.1456559151204226, -0.520336935030448, -1.0523477271262267, -0.16454840690222772, -0.972955278716175, -0.3840042413019834, -1.2436838421677285, -0.5198937075211021, -1.147267369252475, -0.6110769650304743, -1.0319549924295899, -0.297648101372504, -0.8723762707416096, -0.45275910011601556, -1.0761490185037554, -0.5477652919222851, -1.0422199914748458, -0.6263423103873843, -0.9655189923071851], "timestamp": 1767300080}