{"label": "C", "features": [0.0, 0.0, -0.232042282593303, 0.04511950058176049, -0.4288317900860189, -0.08270364171368322, -0.6012236757941319, -0.12111276759157473, -0.7576381363121797, -0.16587113951753096, -0.24239645982183292, -0.9003107162831447, -0.48669639857445884, -1.0446700979914203, -0.6670089435492399, -0.9677623553894579, -0.7806059188213312, -0.8297700603480995, -0.20534868826315256, -0.978688871180852, -0.5088780428464332, -1.150487268560203, -0.7055089990328957, -1.0474795638328107, -0.8160120656936662, -0.9010145574720668, -0.2100312752080951, -0.9641335159644796, -0.5111314281082685, -1.1810695422963606, -0.707631744924424, -1.073303859621778, -0.8244086666310118, -0.9205117641105767, -0.26653798240032756, -0.8595938200311096, -0.519798228095654, -1.0501188244153101, -0.6712599026187192, -0.9894505051238193, -0.7705196386275055, -0.8597929443576566], "timestamp": 1767300079}