{"label": "C", "features": [0.0, 0.0, -0.2501706621765065, -0.023816085389902656, -0.47275097271337113, -0.19558683669414767, -0.6405365789073301, -0.2453787401014806, -0.7895686619036064, -0.3200237336554584, -0.33073153029221064, -0.8981947877107529, -0.4781240975016113, -1.1875979801067267, -0.6276134520805134, -1.2449266597007551, -0.7500757783406302, -1.225519926374062, -0.2917701300363035, -0.9564884646457271, -0.4761747538882644, -1.33803224832557, -0.658662119063849, -1.3517511305738925, -0.780953733865428, -1.2416816724494382, -0.27910196824297023, -0.939286284889047, -0.4786577851173272, -1.30652312575823, -0.6629889320143938, -1.320946652003989, -0.7885047155967364, -1.2314181664666137, -0.3055950640228567, -0.8624649039310989, -0.49578942699730866, -1.1434601283785133, -0.643511660811002, -1.2107380775116015, -0.757752895511174, -1.207015490053471], "timestamp": 1767299531}