{"label": "C", "features": [0.0, 0.0, -0.04349751910932541, -0.13644705649950942, -0.16578705272661962, -0.3356168194573459, -0.34927949330970987, -0.3844832269245687, -0.5236213045438808, -0.32445180466367846, -0.004195825187186668, -0.9074741974570069, -0.22201279393177958, -1.0739294673743878, -0.36326206956520996, -1.0578131999670488, -0.45255114475371894, -1.0106390393815476, -0.07686365544959033, -0.997041608782455, -0.31362221385356254, -1.2229187500823822, -0.46531461925253065, -1.1656701630356157, -0.5564675994790494, -1.078855201457546, -0.17017360919857086, -0.9844372962523089, -0.40834726219667916, -1.2440382279361388, -0.5526198260018538, -1.1540289777241222, -0.647056015102665, -1.0392629382884797, -0.29880515534251306, -0.8980020872391464, -0.4656668802046683, -1.0877503824236978, -0.5644109655648174, -1.0512063998016208, -0.6399818575201551, -0.9695100082125472], "timestamp": 1767300079}