{"label": "C", "features": [0.0, 0.0, -0.22816008405388924, -0.2582309892212724, -0.36291585820579775, -0.7195966409153755, -0.4068721903424485, -1.087900803833391, -0.46648063660207795, -1.3880788341732655, -0.2097450971668776, -1.0235730356205002, -0.26805488389948995, -1.2558732639472312, -0.26550441966904015, -0.9365001139076633, -0.2504369496225658, -0.66338933423883, -0.07126800880405763, -0.9974571981728001, -0.1433073000652313, -1.2189441141299542, -0.15257127960161398, -0.837789755539313, -0.14700388534147313, -0.5443270626373998, 0.06758782271607039, -0.928174532365848, -0.016404914955236445, -1.1262160755150432, -0.042111293305723184, -0.7385824757363917, -0.04610228305682097, -0.4569701486327257, 0.21079881008837797, -0.8185092559388655, 0.10249362506822338, -0.9580986257526665, 0.06313401142978789, -0.6842287979417642, 0.06007777540920093, -0.4783570328578722], "timestamp": 1767299619}