{"label": "C", "features": [0.0, 0.0, -0.2297064229714907, -0.26069001141670434, -0.3642302844950187, -0.7299348240166708, -0.40828751488983434, -1.0988573327468953, -0.4805470832695774, -1.3754607115807977, -0.20548855091257429, -1.0207341961792147, -0.25620824452762675, -1.2555455926492194, -0.2560430921421168, -0.9418450896959634, -0.24581497048065498, -0.6718651907440913, -0.06638098633857739, -0.9977943454512301, -0.13245511058924556, -1.2175136586157114, -0.1450596354757005, -0.8363535424998537, -0.14453994543325852, -0.5408587852908979, 0.07095257294609023, -0.9295484805011529, -0.00532570348106143, -1.123024631826517, -0.0375541247395446, -0.7334667671383659, -0.05063961973116885, -0.44610346015760366, 0.20931444947642103, -0.8219636860839149, 0.10863629094507804, -0.9510035401651511, 0.06398166723234125, -0.667642873774834, 0.052731813348561946, -0.4558500849120285], "timestamp": 1767299622}