{"label": "C", "features": [0.0, 0.0, 0.253863904461686, 0.041971274559168416, 0.5012417638960239, -0.13720140751131882, 0.6987098231732225, -0.1944548194991646, 0.8684966036394212, -0.1978532218566289, 0.5064399118806661, -0.7977849305177028, 0.6579551364402468, -1.044721167797714, 0.7918852916504435, -1.0978070897393695, 0.9003258823419895, -1.0788165636844813, 0.4562997875947025, -0.8898261029326897, 0.6354347268260809, -1.2029846263694357, 0.7899958294384988, -1.2454020089121693, 0.9087023176838833, -1.1767069480587378, 0.3893631718027027, -0.930487515354261, 0.5694885511931546, -1.2660609540761885, 0.727454398197477, -1.3010663545632728, 0.849652717795497, -1.2257075170343947, 0.31982879683039994, -0.9273223761171907, 0.4826914678415612, -1.1865016788587832, 0.6189865831629673, -1.2554620223723445, 0.7403398653427429, -1.2390875081822463], "timestamp": 1767299536}