{"label": "C", "features": [0.0, 0.0, 0.23872316059504647, -0.1294133673470902, 0.3985802096059816, -0.37432452361523494, 0.5461677012706552, -0.5206069387681712, 0.67990439397722, -0.6543153182519122, 0.22392794518347606, -0.935413145077328, 0.3052518223928262, -1.224709947580184, 0.4121844908177228, -1.3390526755994374, 0.5071292517569098, -1.3799746214964328, 0.17633564116799483, -0.9843300928580163, 0.2589681525715313, -1.3588668915260462, 0.39641002331204334, -1.4720968061225816, 0.5180958079061962, -1.4410192640357258, 0.1296302377397153, -0.9949222029295371, 0.21701507171137788, -1.3960974454085846, 0.3655328973364856, -1.5024594022739415, 0.49486977451092057, -1.4840955348924072, 0.10427018782206698, -0.9648689769144786, 0.20216248867031608, -1.304803756082765, 0.326677075521793, -1.4273469421471459, 0.4470514094231541, -1.4522649500204963], "timestamp": 1767300070}