{"label": "C", "features": [0.0, 0.0, -0.24619242506692599, -0.03388659663507926, -0.4771353389257184, -0.21790746313812165, -0.6526507594692353, -0.25898291065511203, -0.8140650199543834, -0.28831508002339046, -0.33954017552207233, -0.8972379598462538, -0.4935050783983164, -1.1527615089174448, -0.6397186726866422, -1.1942851957554068, -0.7629790587303454, -1.1640012887424898, -0.30045873924966815, -0.9537948090291175, -0.4897849633954264, -1.284420029910975, -0.6655766789524205, -1.2953016129864048, -0.7905375127888904, -1.1920010747466694, -0.2791845165958727, -0.9467391718144187, -0.4868012239418484, -1.2896030283334365, -0.6654197828554816, -1.2903105409215192, -0.7971989362254316, -1.1990720068639003, -0.2923531809837557, -0.8841585979537981, -0.504559592549146, -1.1438144843203084, -0.6535529120266338, -1.1736945565679913, -0.7703973331502332, -1.144961108626239], "timestamp": 1767299530}