{"label": "C", "features": [0.0, 0.0, 0.20484084074644582, -0.09669087356007504, 0.3910130759983402, -0.35630248159625105, 0.5583917297507609, -0.5125018130335011, 0.702361701877083, -0.6591658596328448, 0.30804862320370163, -0.9019090202602158, 0.4022953743005996, -1.1959167284676426, 0.502720154501904, -1.3028662368495747, 0.5888300797258368, -1.3228414578611234, 0.2428588595163393, -0.9700616297228078, 0.3543310944560407, -1.324638037630716, 0.4711112975538978, -1.421784815174813, 0.5672489899426627, -1.376316874703229, 0.16787206379094194, -0.9811854218724829, 0.2799274317334619, -1.335951613066763, 0.39875350395961656, -1.4332688244839564, 0.5012452255954568, -1.4049823678195088, 0.08932272300900712, -0.9440337532024587, 0.18449387244560034, -1.21890568686194, 0.28459382105828923, -1.3436460530389536, 0.38461226358081146, -1.3763314530282995], "timestamp": 1767300072}