{"label": "C", "features": [0.0, 0.0, 0.21345097087937398, -0.10070957682206284, 0.39693768502313614, -0.35796168055319005, 0.562319484021049, -0.5466964026370839, 0.707332817053653, -0.704763977358864, 0.33490273417469696, -0.8772225847646297, 0.4271657526853249, -1.1638209656918752, 0.5196522214249222, -1.2826395076951875, 0.6126529050039352, -1.3479358542918276, 0.2669973268420534, -0.9636972647501995, 0.378934579387861, -1.2891650923194513, 0.4817152605196836, -1.4133807952907322, 0.5868660502989056, -1.451407834569524, 0.18235703357992894, -0.9892231016565143, 0.2950082096072937, -1.3193160696526458, 0.3983429076505672, -1.454176941532027, 0.5054983252964306, -1.5037457437626587, 0.08454923729381944, -0.973763697565269, 0.17700721612922315, -1.2494772592138448, 0.2652456167033267, -1.3875787180388541, 0.36440626446945257, -1.4644293966627135], "timestamp": 1767300073}