{"label": "C", "features": [0.0, 0.0, 0.2146517275100321, -0.10201713709902648, 0.4000589149637253, -0.34867682007304224, 0.5726286392919561, -0.5186209738731985, 0.719598738948343, -0.6606530650067062, 0.3386732895798338, -0.8762446754858411, 0.43118745060497704, -1.166352953558888, 0.5209454074234188, -1.2875751828932693, 0.6101841577739415, -1.3504263461919495, 0.26833565160951695, -0.9633254739540754, 0.38294271349393233, -1.2952293179868384, 0.4854292720389807, -1.4160663027785172, 0.5870674050576592, -1.4462365807559547, 0.18106652985510904, -0.9883050740217348, 0.2966712336546445, -1.3213763005456685, 0.4006882309229712, -1.4525749490312503, 0.5052968240225326, -1.4953778642919717, 0.07972169856710591, -0.970672300945906, 0.1737900120724758, -1.2407176312252253, 0.2620541408801206, -1.3787755185773163, 0.3602878936688461, -1.4577015581941857], "timestamp": 1767300074}