{"label": "C", "features": [0.0, 0.0, -0.26876830556725706, -0.05770542120483915, -0.496927569908682, -0.2198008229016919, -0.671366013774825, -0.28562040062558275, -0.7987560849164752, -0.33348574957313226, -0.4628626555609078, -0.8707623921247423, -0.7123165311008702, -0.9206540227052197, -0.8504142661782221, -0.6920256742845876, -0.941814134618635, -0.44744110060229186, -0.44714620022625534, -0.8944608810057821, -0.7460653958917318, -0.9319978254859252, -0.8747246555171944, -0.6348283086832666, -0.9375182369570811, -0.3551589073462275, -0.42265045851555993, -0.8822858441272718, -0.6955064967730509, -0.948463294507336, -0.8222896577129306, -0.6589386125132761, -0.8770436988449465, -0.3722110879135159, -0.3823310897783568, -0.83965289758097, -0.6134695370483634, -0.868756784410199, -0.7304824893172184, -0.6880954911103183, -0.7959610662033877, -0.4876428418728246], "timestamp": 1767299532}