{"label": "C", "features": [0.0, 0.0, 0.24113047295387932, -0.04639616368352654, 0.442540115462698, -0.28180202510127605, 0.6118259496157402, -0.4089434108167594, 0.7641561817428552, -0.5148716449074112, 0.38570782242040363, -0.8707099418162101, 0.5079930817083202, -1.138388109763289, 0.6275792581972317, -1.2262654115207487, 0.728927247406319, -1.2464908905413123, 0.33088990918605443, -0.943669358767434, 0.4689366729322067, -1.2828780828489295, 0.6117175973469177, -1.3614601490730578, 0.7303087388338078, -1.3292117356081352, 0.26497255622931154, -0.9622137106632646, 0.40317240228346707, -1.3193719604673875, 0.5500250104821018, -1.3912773043213984, 0.6738692922225781, -1.3543088993307633, 0.20422596801921652, -0.9341746439289367, 0.3302213201221526, -1.2154868612098684, 0.45227556681641273, -1.3090012592094087, 0.5669968653483525, -1.3199929023156405], "timestamp": 1767299535}