{"label": "C", "features": [0.0, 0.0, 0.2545881402888876, 0.05498072961440379, 0.5056106412883924, -0.11959102327782721, 0.7088419018762794, -0.16580548738742698, 0.88427965708488, -0.1607157158303179, 0.5216810677443943, -0.7818634716652346, 0.6760356029235611, -1.021086551939461, 0.8098575333201762, -1.0731828338018576, 0.922080936523898, -1.059944211063571, 0.4725193329415632, -0.8813202989396662, 0.6571119016180331, -1.1840219056627546, 0.8104776514159567, -1.2240108548651636, 0.9343056447044515, -1.1630574925626742, 0.40344383908859416, -0.929053010636422, 0.5910317101753834, -1.2520892105931403, 0.7506886606392967, -1.2847463249411286, 0.8774380002174291, -1.2166208093867226, 0.33028389978352474, -0.9331093050490371, 0.49995562230568596, -1.188570763743652, 0.6364083230080988, -1.2519063083591964, 0.7582514294447493, -1.2343303579497042], "timestamp": 1767299538}