{"label": "C", "features": [0.0, 0.0, 0.25069448511252174, -0.08257282359840883, 0.43906427476613885, -0.31191339149894953, 0.6055304675900183, -0.4292759196285207, 0.7467446902640382, -0.5398185340186784, 0.3221899855900053, -0.9019892458484756, 0.43565674694595174, -1.1475321455857446, 0.5508711379886102, -1.2156146886029384, 0.6441250638657194, -1.2081957998290473, 0.2758114286861452, -0.9612117593003322, 0.39923000592385166, -1.291988292056822, 0.5450589940292949, -1.3369399966958218, 0.6543863692333284, -1.2476749987856768, 0.22037208841841704, -0.9820624346059605, 0.3528881705333171, -1.3526410870199195, 0.513886144232802, -1.3747385791554267, 0.6319408085901904, -1.2789985925376501, 0.17827623158812575, -0.9619230421537744, 0.3114267242834364, -1.2737615617734142, 0.4484914159516674, -1.327820487487686, 0.563823687338659, -1.28016396476599], "timestamp": 1767300071}