{"label": "C", "features": [0.0, 0.0, -0.1935620522216965, -0.0630220563459367, -0.3532624127161003, -0.2215706635919099, -0.5224307405616525, -0.2431927227766871, -0.6733196769235434, -0.2214973081691893, -0.14112974067136996, -0.9453164665513745, -0.39962742657854544, -1.0965794911985682, -0.5585094232540263, -1.0668163204732815, -0.671807239204593, -1.0191157992470192, -0.1423151253096193, -0.989821396480547, -0.4328047926347436, -1.1900261356028936, -0.5995087682060407, -1.1268596836158873, -0.7081318209718009, -1.0404183602285184, -0.18817103791604, -0.9467472628530113, -0.4623935919149917, -1.1918096959390423, -0.630390426348524, -1.1189424157822512, -0.7488764934429414, -1.0194504072051436, -0.28333471099404667, -0.8404001778373765, -0.49651263688611486, -1.040022094722393, -0.6249752851762584, -1.0158975433176605, -0.7281164214015622, -0.9524655739450923], "timestamp": 1767300081}