{"label": "C", "features": [0.0, 0.0, 0.22476345364801684, -0.09331108046678957, 0.4133023952700324, -0.3425865123477611, 0.5822868050906203, -0.4661078750574022, 0.7312702513712436, -0.5657851268926299, 0.3003676271650173, -0.9122386145265285, 0.3976811188042674, -1.1826803885041979, 0.5100588058318688, -1.2792827390335637, 0.6113277374514572, -1.3120839686669428, 0.24275698072932683, -0.9700871296523536, 0.3602191965974622, -1.3069710927804343, 0.4931075462235665, -1.3909701001734458, 0.6080605692250719, -1.365952120322732, 0.18128743860031296, -0.9846167024924692, 0.30154533052434807, -1.3362586581354752, 0.4420945035606479, -1.4202962832432926, 0.5620622148546339, -1.393816307919996, 0.12798225653873407, -0.9604409174859281, 0.2347061457880413, -1.2556851242111033, 0.34857759889047757, -1.3657245223014287, 0.45774878310892436, -1.383491136072691], "timestamp": 1767300077}