{"label": "C", "features": [0.0, 0.0, -0.24509959445152463, -0.04791798397312705, -0.457085922234865, -0.2724763255807397, -0.616684506835237, -0.44135852824785177, -0.7510299855590249, -0.6136047469901894, -0.3770034617666261, -0.8729565952026459, -0.47807708876749877, -1.1673092258547744, -0.5845227504954379, -1.2674427671795754, -0.6854668981034258, -1.3048217814091478, -0.3182695962391108, -0.9480002399696251, -0.4308470320729555, -1.3388816621261543, -0.5686767577367906, -1.4274994259346074, -0.6806775206443413, -1.399986687039757, -0.2611063483891529, -0.978038099041262, -0.36603144329728843, -1.388819361418967, -0.514461342199214, -1.4855529806184145, -0.6340910526967847, -1.4553113819138557, -0.2093170393749803, -0.9790665897649968, -0.31346008963071237, -1.3343874215184988, -0.44386188718213665, -1.4498882082669104, -0.5563593504497878, -1.455942457946404], "timestamp": 1767299528}