{"label": "C", "features": [0.0, 0.0, 0.20385397139337127, -0.12161761676203202, 0.3919683743445479, -0.36833948231186053, 0.5559911390940461, -0.5653591213078175, 0.691529006876156, -0.7439538087352973, 0.3300389494401394, -0.8910529192572413, 0.41412089857657525, -1.1854923504474584, 0.4870185126711003, -1.314028251518169, 0.5645652838932786, -1.4075695462645836, 0.25604793918510366, -0.9666640801208325, 0.3536499191546917, -1.28568026489082, 0.43668563612570915, -1.4248916688735316, 0.5302134554449546, -1.4952026747229246, 0.16534025726383303, -0.9860091338564242, 0.26224030223217626, -1.3008996818442826, 0.3447287821058516, -1.4542500430300287, 0.43859092677316547, -1.5423863439388685, 0.058989895221714425, -0.9629324648291315, 0.14339134673633258, -1.2203778058116836, 0.21618641283009984, -1.3681237368377501, 0.3018381144774784, -1.474413594211879], "timestamp": 1767300071}