{"label": "C", "features": [0.0, 0.0, 0.19541194408129242, -0.09614886504694381, 0.3678180753198193, -0.41383883765734036, 0.5116839359896537, -0.66844382756342, 0.6454947727102899, -0.8652774900680165, 0.25278721146241806, -0.9628840664097403, 0.3475373381501541, -1.3934006163678723, 0.4392895355121772, -1.478646963776478, 0.5165504490814579, -1.464075665061762, 0.1439766079666837, -0.989581086656496, 0.23571025515648453, -1.4233187217434924, 0.34046321612977837, -1.5025855457269575, 0.43100134625009007, -1.455083815162318, 0.03136342681656509, -0.9392660978836399, 0.10814335103221678, -1.3419382855996564, 0.20795144520118544, -1.4684108679969312, 0.30880637819362294, -1.478561688357904, -0.08853768785390909, -0.836515586471504, -0.042829025242321704, -1.1770779214319627, 0.03332386162198085, -1.333575203478075, 0.11948927316031552, -1.4053773827856493], "timestamp": 1767300078}