{"label": "C", "features": [0.0, 0.0, 0.21296765374279936, -0.11289602125949891, 0.391322826549212, -0.3788774072688083, 0.5554253759267698, -0.5492740879711309, 0.6969045344830652, -0.6978460534107304, 0.31007274857458184, -0.9007982838032692, 0.40162758567873735, -1.186310133470858, 0.500742306915916, -1.2975315766361937, 0.5860377781042347, -1.3265965200391634, 0.24466242783104777, -0.9696083165397155, 0.3557010208685107, -1.3114425171337911, 0.47108104386515165, -1.409307143265969, 0.5692094624895003, -1.382583424577216, 0.16526858384684923, -0.9831309990734839, 0.2768517464959163, -1.3348468027319276, 0.3906005818133539, -1.440226595658164, 0.49180348335701785, -1.4310795777228995, 0.07894886001916086, -0.9547618946186752, 0.17743634427923105, -1.2335090857093673, 0.2774901296346658, -1.3582797498885695, 0.37934057009271294, -1.397511319632156], "timestamp": 1767300072}