{"label": "C", "features": [0.0, 0.0, 0.2316977607907731, -0.09821265377930373, 0.41343922333115524, -0.386852061978246, 0.5604468099507097, -0.5887169003006348, 0.6931767363520152, -0.7642513558342672, 0.3096587924784683, -0.931298393393313, 0.45609834945694344, -1.302902440969065, 0.6012321388260611, -1.301483010242502, 0.7023399852134332, -1.192118217509393, 0.2594417124346394, -0.9657587629704747, 0.41939173933334395, -1.374354078866501, 0.5859046317277604, -1.3635833904745884, 0.694712546672799, -1.2122653267221621, 0.2082195358952688, -0.9614978972862448, 0.3725011998530672, -1.3769184331686402, 0.5446026003296653, -1.382199836375655, 0.6646015427415657, -1.2534165221596887, 0.16666272754766367, -0.9143518659940856, 0.30799359206828686, -1.2341138083811543, 0.4486719302154175, -1.3217616541317858, 0.5621134400856358, -1.2959882921035741], "timestamp": 1767299539}