{"label": "C", "features": [0.0, 0.0, 0.22760709232435047, -0.03025755267219924, 0.44084611744759383, -0.24486886007999592, 0.6174913336803856, -0.3572676811003219, 0.7792517091811558, -0.46223716005568516, 0.38749662047299066, -0.8724322197067286, 0.5171538854818449, -1.155947242616227, 0.6370785823251456, -1.2284391814883433, 0.7499253893482217, -1.2395831945857874, 0.3334369934282216, -0.9427723806495065, 0.4772380436135803, -1.290249544427145, 0.6259345692277015, -1.3835209527577919, 0.7580019989313515, -1.3627328126024338, 0.26342068301194793, -0.9604617582703576, 0.41287676166815124, -1.3108194720456794, 0.5644804274168932, -1.4064037887550411, 0.7003155639152856, -1.3946278263704919, 0.19313283527336214, -0.9220147324446584, 0.32414258447568045, -1.2180594903162365, 0.4477828194211452, -1.3425400602958923, 0.5668866902981166, -1.3728606200317042], "timestamp": 1767299534}