{"label": "C", "features": [0.0, 0.0, -0.02744308108650462, -0.17999201844592766, -0.13840426215381807, -0.37920371287472604, -0.3152651364017553, -0.4262872509525843, -0.47845651200867023, -0.3846281004930938, 0.003401552875909257, -0.9182071861301297, -0.21174803949010856, -1.0850443715812095, -0.34754916046403883, -1.0460949305184848, -0.4282580437928128, -0.9845681954692147, -0.06946443272483223, -0.997584424402847, -0.29721862611438155, -1.2247674644533493, -0.4435968060616454, -1.1612347625143533, -0.5308668918278521, -1.0734455653113297, -0.16590670762125845, -0.9798227062337069, -0.3912408217985633, -1.2456921011477207, -0.5307018745398765, -1.149394183688636, -0.6231839960419847, -1.035485966459362, -0.3037853204108436, -0.8899479101850326, -0.46635559291325446, -1.090842336372118, -0.5641302974170272, -1.0511467870326985, -0.6425085403806053, -0.9742421929086491], "timestamp": 1767300081}