{"label": "C", "features": [0.0, 0.0, 0.019743380019343122, -0.22100079813544296, -0.06425694836192745, -0.45141860142533136, -0.19526252862362828, -0.5532774870821329, -0.31962028456890806, -0.5686867489273404, 0.016412096016346075, -0.9228404403987309, -0.19135624072728216, -1.0823950692772806, -0.31698406021721204, -1.0335144727391923, -0.38923682737081106, -0.9736543032320858, -0.06382885480396704, -0.9979608551742887, -0.29356634213212746, -1.2210800055651743, -0.4329315943817491, -1.1518515377352476, -0.5091727928450298, -1.055162816435425, -0.16937892845745064, -0.9738088486924319, -0.3925217740637214, -1.2363914588268747, -0.5245546735524588, -1.1420931898391689, -0.6065385391044436, -1.0317286433396562, -0.30907644028280784, -0.8731657908650653, -0.47111169493202354, -1.0765281339478894, -0.5620144395550213, -1.0409676710985412, -0.6317734169294068, -0.9690719118567468], "timestamp": 1767300080}