{"label": "C", "features": [0.0, 0.0, -0.2507812878427603, -0.025133405949946872, -0.4763657288603821, -0.20107585391985291, -0.6467939844807836, -0.2553846856119944, -0.7978275285125643, -0.3223652173865001, -0.33225781370368707, -0.8925418044352782, -0.47976547126503094, -1.1925741124902711, -0.631909230612665, -1.2518578890927883, -0.7534351449395229, -1.2301741422051022, -0.2939800977406849, -0.9558115368008041, -0.47911360397769376, -1.348191136807214, -0.6652614265331733, -1.359902617441426, -0.7877677236871203, -1.246799094033419, -0.28162117592670727, -0.9433380279796975, -0.4824796587858261, -1.323846315689591, -0.6698549885078041, -1.3360080298217714, -0.7956820958147081, -1.2426582245054074, -0.30736956493422873, -0.8717371316902668, -0.4998954085002523, -1.1584874286077573, -0.64754642276794, -1.2220578903932808, -0.7594130950045755, -1.2149896424964466], "timestamp": 1767299531}