{"label": "C", "features": [0.0, 0.0, -0.22779772560804146, 0.031123391731678822, -0.47138822813351466, -0.17067238293256817, -0.6672954519206595, -0.2145667224454708, -0.8326741695550967, -0.21342698593117812, -0.36110054989984863, -0.8899022149201666, -0.4691814370083362, -1.22305446623825, -0.605870026633845, -1.3359434192612376, -0.7194731583598735, -1.3465199529080805, -0.30896708461923017, -0.9510727268645977, -0.4380325012743731, -1.3866250898553274, -0.6099610171027767, -1.4651131186473554, -0.7419213329033955, -1.411921815663892, -0.2650527312488677, -0.9659158989136054, -0.40942295537574364, -1.4284487851418246, -0.5937663829947695, -1.5035328781242991, -0.7333730457059708, -1.4534916509689244, -0.2522138416883723, -0.9324329787235018, -0.4179896763892497, -1.264753074915623, -0.5724613683885268, -1.3619300964717074, -0.6998235004377443, -1.3723862836335614], "timestamp": 1767299529}