{"label": "C", "features": [0.0, 0.0, -0.2497811114235458, -0.040635051010281864, -0.47445810868438276, -0.21726007401544786, -0.6422474129580843, -0.2769092983277532, -0.7885278367383374, -0.37070758110036023, -0.3295093440956057, -0.8956988331069718, -0.47384027789499183, -1.1883549398369975, -0.6225711022761957, -1.2473508880875326, -0.7457131476244474, -1.2329765993990622, -0.289858145541577, -0.9570696146069265, -0.47228585501252035, -1.3490699584983108, -0.657113012505369, -1.361507310739882, -0.7820275676203154, -1.2529753636005134, -0.27536767512697424, -0.9466738115953188, -0.4722580403196115, -1.3265083041856494, -0.6575998927051361, -1.3404065431742462, -0.784318464495559, -1.2482650807376512, -0.29817596945994246, -0.8796133254352961, -0.4877040562021089, -1.1661455229186062, -0.6351753426752198, -1.2322994470079809, -0.7487828559011381, -1.2267736767326676], "timestamp": 1767299531}