{"label": "C", "features": [0.0, 0.0, -0.2292687499106523, -0.24277028986575938, -0.3685158277932285, -0.658595372516632, -0.41267925886027523, -0.9876387036307643, -0.4782176109246167, -1.2548834918945642, -0.230225221488045, -1.0041689811408907, -0.2849467300902237, -1.2480224523458328, -0.2971274410727491, -0.9604025205300845, -0.29826782892885784, -0.692545836391312, -0.09838932806931318, -0.9951479945979355, -0.17807666954668372, -1.2530520813924073, -0.19979188912363768, -0.8971294396079526, -0.20309783769759396, -0.5896310451208583, 0.04334409473817346, -0.9454764313754452, -0.055316028665935366, -1.1619691482792978, -0.08322372004006703, -0.7731198788810391, -0.09085490900592211, -0.46838423837727444, 0.19635735954668368, -0.8499263108588118, 0.07555590821057229, -1.007118859245007, 0.028503013398406007, -0.7272164608108483, 0.015288842628792822, -0.49436294738626757], "timestamp": 1767299616}