{"label": "C", "features": [0.0, 0.0, -0.2418800504137065, -0.025221645529750973, -0.46845718785984775, -0.19555093022976008, -0.6400212656144502, -0.2490514053697808, -0.7888441197870206, -0.3165990675528811, -0.32027561831315693, -0.906604565191749, -0.4701741757291386, -1.2101888055908316, -0.6262538402207559, -1.2655079777209144, -0.7489613384536993, -1.241922790078633, -0.2818756229753892, -0.9594509497148971, -0.4698109288692413, -1.3551622281247209, -0.6582619221696188, -1.3625136057618696, -0.7820983177624057, -1.2569562846972304, -0.26929767712969765, -0.9389776178839122, -0.4708413186060619, -1.3233686465249905, -0.6595321779685003, -1.3348694115129256, -0.7852537631968899, -1.2471574851660752, -0.29504609217356415, -0.8572778580392129, -0.48850348914502795, -1.1460130593438085, -0.6352182801849063, -1.2137956622078188, -0.7467656035365167, -1.2100521262638873], "timestamp": 1767299531}