{"label": "C", "features": [0.0, 0.0, -0.27525042505167124, 0.021862564258743077, -0.5043287652481687, -0.14361034936820716, -0.6999666553471289, -0.16413030393504124, -0.8708908010424546, -0.19067887963668317, -0.4299878645169661, -0.8164826882784433, -0.600833532643102, -1.0343559754156744, -0.7558326497735313, -1.0821879251850883, -0.8940638120549141, -1.0818475126472586, -0.3857880110317582, -0.922587449465083, -0.5997055140748137, -1.2073164210538456, -0.777501207189097, -1.2348668079543084, -0.9274808475334473, -1.155531002921806, -0.33432602340618256, -0.9824033100050336, -0.5561898306108373, -1.3010446263204942, -0.7465064269117198, -1.2895182011828081, -0.8988210965688477, -1.1880510783800258, -0.29842034842206433, -0.9907911469821398, -0.53195338420998, -1.2110905488731099, -0.7022031374172847, -1.2089079718873648, -0.8360943614707204, -1.144075078944638], "timestamp": 1767300082}