{"label": "C", "features": [0.0, 0.0, -0.22826930421237568, -0.06538068206190123, -0.44264458417290986, -0.32982098188289066, -0.5809584457277981, -0.5154714524215994, -0.691036773978294, -0.6895259323409458, -0.38593352298504474, -0.8821929450032825, -0.48729726192713513, -1.2303644696202285, -0.5979623793674197, -1.2391516438471541, -0.683763129719032, -1.1605688159991723, -0.3108396590993376, -0.9504623601860922, -0.41676060671364284, -1.387509107460998, -0.5547689761872168, -1.3668676185107502, -0.6430625419223541, -1.2155940496855122, -0.22931848621644169, -0.9738838270763005, -0.33936944237645184, -1.3825498712097735, -0.49539695677427115, -1.3455085897599113, -0.5952760042011738, -1.209985948253576, -0.1415772501643206, -0.9540720546189025, -0.2681015613171256, -1.246143746604277, -0.40736415907974366, -1.2554673649259909, -0.5074287012984204, -1.1818369303066119], "timestamp": 1767299532}