{"label": "C", "features": [0.0, 0.0, 0.22512327973199348, -0.07510083140409918, 0.42303093901962846, -0.33246854322707253, 0.597665415749124, -0.472046730913848, 0.7482590488341346, -0.5895771869759336, 0.34492626522208514, -0.8894806206746771, 0.45155102194983365, -1.1650268838388769, 0.5628507925913558, -1.2577263807325056, 0.6552666618697189, -1.272709946279995, 0.2889744378853693, -0.9573368084591551, 0.4138535296813325, -1.2928243508250694, 0.5432809081587165, -1.3719302118602708, 0.6475915947488505, -1.3242796497737237, 0.21815005412717883, -0.9808241502161543, 0.3434695335810858, -1.3280449782831663, 0.47423295109722835, -1.4089087411040282, 0.5819398713783243, -1.3743861659756358, 0.14509215552635785, -0.9665111303122774, 0.2597255681139589, -1.2457938118974758, 0.36780298661588706, -1.3482651993655541, 0.46852348931006293, -1.3613544524188035], "timestamp": 1767300078}