{"label": "C", "features": [0.0, 0.0, 0.0010023760754899588, -0.37544437583322665, -0.06730600762080757, -0.6002271070820738, -0.22584607103269336, -0.7268420938323058, -0.38308308701835264, -0.7485327324339922, -0.10372746881306208, -0.9807053434052868, -0.4504342990215468, -0.8297023849979333, -0.45803838116145007, -0.5634684792578899, -0.3892910172930772, -0.3826061600482188, -0.2009567039782747, -0.9796001169918898, -0.5682340164872879, -0.6425450445016002, -0.522030990497141, -0.3663072845236715, -0.43072352942457254, -0.23196939861010718, -0.3010168117505599, -0.8701018318402084, -0.6281899574196765, -0.5034636014711744, -0.5512253492154502, -0.2392676254104681, -0.4510159425655578, -0.14705151478001866, -0.3937542242953208, -0.6931664878307088, -0.6362728327656837, -0.3763484634809586, -0.5734646611923426, -0.1674747717984624, -0.4882096107303247, -0.12809677811048265], "timestamp": 1767299522}