{"label": "C", "features": [0.0, 0.0, -0.07612758224369566, -0.3353062291200643, -0.22481565918725652, -0.5492556428875284, -0.4462819903711551, -0.5488870926265657, -0.6304005646044746, -0.468649576245275, -0.16739366582036525, -0.926235105125644, -0.5493627486492884, -0.6685457383651752, -0.5084452431421642, -0.3487101936652823, -0.39169574955371705, -0.16540988084168146, -0.229022720288932, -0.9734210695839679, -0.617673384292986, -0.5981517515170583, -0.5355137297275648, -0.2652914365837683, -0.41784929126743764, -0.12529378366375063, -0.30269463129923346, -0.922220523943653, -0.674204381902628, -0.520495417468864, -0.5590696795297828, -0.19503227437985438, -0.43097540173504656, -0.10995215836023409, -0.3822746557889752, -0.7848217934414952, -0.6653134949212567, -0.4151006868843854, -0.5806174517367673, -0.16742116295174875, -0.47436299229443524, -0.13466276592949958], "timestamp": 1767299523}