{"label": "C", "features": [0.0, 0.0, 0.2525748071507282, 0.05889034066020957, 0.5044837902349083, -0.11648705311974536, 0.7071615549071867, -0.16148079164678023, 0.8802179902291364, -0.151058894504247, 0.5245874631688178, -0.7792837825487186, 0.6768416092985955, -1.0219510705593122, 0.8111451195842699, -1.0799343189984763, 0.9192739658100955, -1.0640603635465642, 0.47469501476553566, -0.8801503464327014, 0.6589004784375978, -1.1905918075631647, 0.8143318235868113, -1.2344965918590667, 0.9322610994764482, -1.1640033599054516, 0.4053916482803581, -0.9298141999922935, 0.5927187068206883, -1.2573058582339887, 0.7533554559676902, -1.288035785447202, 0.8756161526585544, -1.2094463673006117, 0.3312792355928963, -0.9343281164691486, 0.5017729690531878, -1.1893911697805408, 0.6409357435352212, -1.2516320169854787, 0.7626603591789289, -1.2268469814556704], "timestamp": 1767299538}