{"label": "C", "features": [0.0, 0.0, -0.02989747953041385, -0.17746816121148778, -0.14589092094274927, -0.37080641198115893, -0.3226757155992791, -0.40902096877804506, -0.4838998503073169, -0.3652245999438772, -0.017723069197614322, -0.9250277391095606, -0.24334711292200334, -1.0744587249681687, -0.3854562591914895, -1.05330147540552, -0.47493281665969056, -1.0011625861725217, -0.08434218475855446, -0.9964368455886303, -0.32087182321520613, -1.207343964753744, -0.4644070699034444, -1.1522518731578189, -0.5547808190389483, -1.0668415908428879, -0.1741248308190665, -0.9744084899943797, -0.40400892870478805, -1.2321320007041956, -0.5410818767753437, -1.1505852194876787, -0.6333965000075165, -1.0457065718958858, -0.3015512337070921, -0.8807440957405299, -0.4704491713352089, -1.0763036090654856, -0.5707701572174778, -1.048777480871137, -0.6477623607405141, -0.9783974077452269], "timestamp": 1767300080}