{"label": "C", "features": [0.0, 0.0, 0.26679734894125173, -0.12416819610737934, 0.4349765298587733, -0.35230040288486236, 0.5853801045902575, -0.4644162424692691, 0.7250028096810032, -0.5392795901436204, 0.28594324959263223, -0.9126047286826909, 0.3878037023891328, -1.1729007690708382, 0.5000812394312205, -1.282743627628162, 0.5959656632196648, -1.3242026931313327, 0.23518868111990962, -0.9719497287294447, 0.35841122495382705, -1.3000125908160338, 0.5034656363451296, -1.3756040514347792, 0.6205443544797845, -1.3240042647339774, 0.19428518802162942, -0.9887318375434774, 0.3213474026674864, -1.3477316385324927, 0.47795511774087196, -1.4042734308510338, 0.6008686337428425, -1.356141532794176, 0.17921506628887768, -0.9566165267239698, 0.3137016745972577, -1.2640975930488079, 0.4417531849209129, -1.3429127018934408, 0.5567867622852845, -1.3452970955862518], "timestamp": 1767300077}