{"label": "C", "features": [0.0, 0.0, -0.22730850119986729, -0.00039893151478856377, -0.4632351245556255, -0.20151557182379437, -0.6492371481160987, -0.29945912935980634, -0.8103910082424349, -0.3994025324908295, -0.35189500440595406, -0.8760495106695794, -0.4729042305584851, -1.1640854367979143, -0.6082654343624888, -1.2469176542302791, -0.721191723690399, -1.2479001015883964, -0.29603285102471605, -0.9551777541128224, -0.4355545746718638, -1.358141180432781, -0.6016714595845086, -1.4235954386620733, -0.7273687454067214, -1.3728391171733962, -0.2474131750550125, -0.9869281699979006, -0.3834247928687537, -1.42693338411213, -0.5610047468589747, -1.502439296634644, -0.6980995688610568, -1.4566412214918176, -0.22199842510945442, -0.9690611715456933, -0.3704612934874382, -1.3012744623404497, -0.5208909679578396, -1.3963135472393597, -0.6476078364468698, -1.3937913498388792], "timestamp": 1767299527}