{"label": "C", "features": [0.0, 0.0, 0.20783629202517, -0.10860063133036726, 0.39395371167601334, -0.36925938086512994, 0.5557489662578362, -0.5625881453800768, 0.6925907079368617, -0.7352127560864142, 0.3218489335630142, -0.8765807801858309, 0.40412437445525234, -1.1665995383641428, 0.48349132006592127, -1.2989488793784882, 0.567340395100366, -1.3903266406031625, 0.24585922531882706, -0.9693055412891186, 0.34331902847907053, -1.2904117440812752, 0.4310981203904916, -1.4335634958868533, 0.5288717966656467, -1.5021415033729304, 0.15669458302721614, -0.9982667056430012, 0.25876577317534477, -1.3191538775576888, 0.3490886646198572, -1.4682509437413416, 0.4498172568497601, -1.542350343480891, 0.05824860734740558, -0.9818714040901818, 0.14826803031064995, -1.24180876569233, 0.22470046905564098, -1.3816553122104964, 0.3137833415982333, -1.4724194668356838], "timestamp": 1767300071}