{"label": "C", "features": [0.0, 0.0, 0.25070215237738475, -0.011727657001402336, 0.4667124346343005, -0.22256321518068703, 0.6484078929841683, -0.32961452346981873, 0.8093886784257142, -0.40085382319484797, 0.4297274577348567, -0.8472979613208996, 0.5670363989873107, -1.1158819464956364, 0.6937006236486567, -1.1885330346144118, 0.7941674458184218, -1.1847113347222165, 0.3799314492054284, -0.9250146399875865, 0.5343209457744289, -1.2599356004157323, 0.6824151456038767, -1.3114257839655419, 0.795301189768413, -1.2405758333054273, 0.316821439529072, -0.9570880290919327, 0.4722744814248355, -1.3084227302856726, 0.62415520946515, -1.3613445315310475, 0.7443136862566884, -1.301679320272895, 0.25414202965499105, -0.945802695786582, 0.3908937241045004, -1.224152539737497, 0.516698341295018, -1.3078921155377257, 0.6305813506488227, -1.30545528250542], "timestamp": 1767299535}