{"label": "C", "features": [0.0, 0.0, -0.24515957878399544, 0.00016655255431184625, -0.47639894284273715, -0.21957352762647925, -0.647784274164409, -0.37699762549464527, -0.7938112220350371, -0.5223189961806433, -0.3840038445148709, -0.8580126893798635, -0.49442681155623397, -1.156619946369704, -0.6059944488799585, -1.2695378982040064, -0.7121509175961562, -1.3106521532929507, -0.3237250339409362, -0.9461511999477797, -0.44818934483796163, -1.3363634629830485, -0.5937513220239076, -1.4360078644723921, -0.7151092213129084, -1.428980447854345, -0.2653994305948405, -0.9912605139923827, -0.38411974306919366, -1.4014034742624764, -0.5384751445358488, -1.5129430316514243, -0.6669631449102658, -1.5052037060987484, -0.21700476418138198, -1.001351396435855, -0.3360358829926246, -1.3552188638920188, -0.47161021278942383, -1.4812294982561014, -0.5919855896547238, -1.5044796842510788], "timestamp": 1767299529}