{"label": "C", "features": [0.0, 0.0, 0.23875134287811559, -0.03342413735158011, 0.43880864832054867, -0.28067459218707125, 0.6073357284908059, -0.42014766932292125, 0.7593981293397793, -0.5413662613202233, 0.3718783214449913, -0.8741704204907973, 0.49677871359202763, -1.1547828228844323, 0.6133566319725167, -1.2363966531252129, 0.7208356630419724, -1.2692898485398791, 0.31773169563252657, -0.9481806581014919, 0.45766023766523894, -1.2741173655008486, 0.5972770088392269, -1.3634119091948531, 0.7195040617600479, -1.353112923248809, 0.2520914645159616, -0.9674263444411515, 0.3979843364958271, -1.3066911190690538, 0.5445445844087793, -1.3976942382994686, 0.672323377722062, -1.3945389966650845, 0.1888837584034513, -0.9406151464462413, 0.3169856920751394, -1.2317359801475152, 0.4378025160897354, -1.3379684757097687, 0.5522620090176, -1.360843635104245], "timestamp": 1767299534}