{"label": "C", "features": [0.0, 0.0, 0.21372072294598282, -0.1033759489479529, 0.3983945867730234, -0.35277903304320846, 0.570933743464278, -0.5272523239748248, 0.7186558143667182, -0.6730553927523353, 0.341168119224167, -0.8772051221009156, 0.4336837905745568, -1.167222804015812, 0.5233908580047085, -1.289411998421477, 0.614064714901547, -1.3556840003300263, 0.2700353764199974, -0.9628503965649103, 0.3826746788938167, -1.2903388057850038, 0.48258606754156397, -1.4141270066635718, 0.5857455855908144, -1.4500895201884583, 0.18160023964662095, -0.985789572945932, 0.29542609432775935, -1.3144630072791266, 0.3964512899673543, -1.446977857479338, 0.5016385114845003, -1.4945240747808373, 0.07985314492219396, -0.9672834122527676, 0.1738782794936182, -1.2424632914394231, 0.2606036260499193, -1.3798034817147484, 0.35953448138301874, -1.4583150049531313], "timestamp": 1767300075}