{"label": "C", "features": [0.0, 0.0, -0.23193997359654706, -0.26351130430641506, -0.36498841279605054, -0.7212552899811308, -0.40839768376827584, -1.09452785285376, -0.47602099484553256, -1.3883535606790502, -0.21537376744953882, -1.0198024581710874, -0.27164102142949814, -1.2606644684673805, -0.2698676599719854, -0.944486292003602, -0.25341610066164, -0.6761687200834824, -0.0771984159447509, -0.9970157450074312, -0.1477946922521817, -1.228671457269239, -0.15887146127934387, -0.8477979138261724, -0.15367466151883352, -0.554423987827549, 0.061110428452041676, -0.9306600929026814, -0.01907273150747198, -1.1354112289086424, -0.04754571836898894, -0.7438116624683868, -0.05470224613428128, -0.45747542938609465, 0.20360335888548975, -0.8248138405829643, 0.09840781897660317, -0.9700920609454741, 0.05899757624760732, -0.6862217818545069, 0.05478286537102134, -0.472150224478935], "timestamp": 1767299619}