{"label": "C", "features": [0.0, 0.0, -0.08747717198258899, -0.13914905364197988, -0.23261959399500204, -0.3401215597939356, -0.4348469513321059, -0.35774661897185384, -0.6113377959388839, -0.28172767830283046, -0.06700818979894548, -0.9340077560488208, -0.3008275241296366, -1.1076518840123435, -0.45274096161406624, -1.0860483040408737, -0.5526960426087372, -1.0280880712845673, -0.12152551826635082, -0.9925883033203518, -0.3675101281727918, -1.2156634346934871, -0.521343556541601, -1.1588821169749173, -0.6209735597145781, -1.0704253940874273, -0.20306189305748368, -0.9526870324438105, -0.4450653155163671, -1.2192337034570597, -0.5934125477099953, -1.1489894655299706, -0.6992977592800981, -1.0527492875328213, -0.32212164525287657, -0.8476975626527034, -0.4974122415898692, -1.0700662846812747, -0.6061332492201549, -1.0523117023087754, -0.6945117502567999, -0.9917144027075012], "timestamp": 1767300081}