{"label": "C", "features": [0.0, 0.0, 0.23343247761607663, -0.07014650682517623, 0.4278286098911051, -0.25696428359212825, 0.5967118438023128, -0.3327986392365096, 0.7541553609974916, -0.3955731030466641, 0.3476956453305006, -0.9080878076057776, 0.4658814718717307, -1.198750748747534, 0.5879000195072417, -1.2587327366780752, 0.6955808856216414, -1.2465724813556487, 0.3088812932687256, -0.9511005929825626, 0.43494328066290644, -1.2913892051139177, 0.5813423406293785, -1.342747278997459, 0.7058466168636859, -1.2689001066247498, 0.26743036603659903, -0.9646433493576952, 0.4025706214982886, -1.3047785230520048, 0.5544061193313738, -1.34130464666537, 0.6826695076800281, -1.2630424906159081, 0.2378790820518152, -0.9327947653952844, 0.36122466481853294, -1.206392086587033, 0.48494179150333355, -1.2823124921657034, 0.6008907085328685, -1.2639449781797483], "timestamp": 1767299533}