{"label": "C", "features": [0.0, 0.0, -0.24083403050516153, -0.03655128913510639, -0.4651472535815603, -0.28170026291608335, -0.6304697767599521, -0.47824587410597036, -0.7704922171414004, -0.64814525244481, -0.3798877820780058, -0.8575641629054159, -0.47815976232037166, -1.1472279777254621, -0.5796470410876327, -1.2474981365582545, -0.6790756154087748, -1.2902260892667687, -0.31703525746929867, -0.9484137474172141, -0.4300595896841061, -1.3274547177505782, -0.5669987879530791, -1.4168393014370948, -0.684725979155185, -1.4061413564434655, -0.2566089943212786, -0.9907452557709434, -0.36371967531741406, -1.3925566032508352, -0.5125780652773732, -1.4919849024544514, -0.6372299646057399, -1.4771978856737495, -0.20362135883785287, -1.00234366042676, -0.3141132342269857, -1.3532263519868706, -0.4464428383499317, -1.4717596375397888, -0.5643653629954085, -1.4908472914849604], "timestamp": 1767299528}