{"label": "C", "features": [0.0, 0.0, -0.25754657868530406, -0.006903197625001585, -0.49237907556951116, -0.16214262576476846, -0.681939586357194, -0.21751476555859442, -0.8574760152581217, -0.27497340645328894, -0.4271064969114036, -0.8298875246617528, -0.5897004427614382, -1.0589723349637175, -0.7313648309837499, -1.1304312640895222, -0.8555284792311797, -1.1556512734532298, -0.3819357604133687, -0.9241888694547397, -0.578040032751416, -1.229577275608225, -0.7424536870102999, -1.281882944749804, -0.8780279118834793, -1.2563952567600902, -0.3234876578174373, -0.9878439857769804, -0.5217930964266424, -1.3232515057005687, -0.695356930025002, -1.363920938173765, -0.8319309946832634, -1.3113269608004876, -0.265849045761428, -1.0225199482676015, -0.4645030361134326, -1.278688646479464, -0.6206301701079545, -1.324378413731755, -0.7452608321284162, -1.2920914355174893], "timestamp": 1767300082}