{"label": "C", "features": [0.0, 0.0, 0.21073208980592031, -0.09314529851817446, 0.3964681151558649, -0.3622034118223629, 0.5644757747932178, -0.5249218356385764, 0.7056247717279658, -0.6676553422191837, 0.30142135154548816, -0.9088628520528537, 0.39022975230376, -1.1959814051168365, 0.49297670029715934, -1.3081600855669484, 0.5847660074904344, -1.340641797445959, 0.23761831385168544, -0.9713585990475353, 0.34206791064633485, -1.3205832940999733, 0.4616539027601595, -1.4260388799199724, 0.5687733374322995, -1.4076305785474754, 0.16188255249876818, -0.9789256594672353, 0.26510112056323515, -1.3453646878030332, 0.3833893212758241, -1.4577320162815721, 0.49272329649159846, -1.452153118771394, 0.08279327140647225, -0.9445462286980055, 0.176429188591485, -1.2403966434125293, 0.27893089414792915, -1.3691584221118744, 0.3845022108506157, -1.4034281426801751], "timestamp": 1767300072}