{"label": "C", "features": [0.0, 0.0, 0.23674072375633556, -0.03753815773123911, 0.4377436010466242, -0.2744099566600308, 0.6075316249917967, -0.3997759541283403, 0.762628295156598, -0.4997579364670138, 0.3794788183420072, -0.8751755006271752, 0.49761616538086145, -1.1486354045060667, 0.6183326621172317, -1.236836400172326, 0.7223145825855882, -1.252900098551327, 0.3246860743924717, -0.9458218351291138, 0.45697829435801185, -1.2887344174515893, 0.6017173960906722, -1.3697851032877704, 0.7236978616495022, -1.3366909060233203, 0.2578662490961533, -0.9609601178766031, 0.39126091230204524, -1.3237413156750377, 0.53782565450429, -1.4019158219086438, 0.6642491116532382, -1.3705549450081516, 0.1961888059352761, -0.9278962326108519, 0.318857727574145, -1.2180943114425342, 0.4396806623333439, -1.3204496263916674, 0.5532653963073332, -1.3376851118984547], "timestamp": 1767299534}