{"label": "C", "features": [0.0, 0.0, 0.23005350825764004, -0.08979865226174334, 0.42129834661234267, -0.35556586061796136, 0.5937948369502138, -0.4984980282998925, 0.746260157284634, -0.5969765666535489, 0.33684903003034883, -0.8927094056827816, 0.44472950277709733, -1.163195183684977, 0.5568905016061093, -1.2664270791340797, 0.6484983795398372, -1.2986410922411757, 0.2824481382511059, -0.9592825651810312, 0.4073111480796386, -1.2930734305285587, 0.5363355717634528, -1.3786004622951027, 0.6405566831256566, -1.351076910574813, 0.215663192760489, -0.9800762760768429, 0.3396396792267533, -1.3345392353968386, 0.4682701698327804, -1.423738430329332, 0.5754405611609673, -1.4056319803301027, 0.14791366087099525, -0.9660510896493186, 0.25594803329419463, -1.2570533921499567, 0.3658701118753807, -1.3719914034951812, 0.47071558838065436, -1.4019495200791106], "timestamp": 1767300078}