{"label": "C", "features": [0.0, 0.0, 0.24994744374410213, 0.04988488749706082, 0.4984822200565456, -0.12279369021977696, 0.6960824785666773, -0.16603160072908216, 0.8677902308310935, -0.15414009000272677, 0.5159989187008365, -0.7876678741148502, 0.6702906411948357, -1.0260011184210964, 0.8032391467715277, -1.0818864999815039, 0.9127720722851488, -1.068168163784568, 0.4647494960774379, -0.8854422032746525, 0.6489985451900425, -1.1892073842868613, 0.8020834995584784, -1.2313369934128608, 0.9224820570556335, -1.1668934992122477, 0.3952983545820596, -0.9317159095117177, 0.5824351847188066, -1.2534770673849265, 0.7422847728213382, -1.2869114025300672, 0.8674742249441988, -1.2157625748538747, 0.32197916890319184, -0.9333407680540887, 0.49065238380077153, -1.1796180448699098, 0.6274585520833348, -1.2423336522275465, 0.7486961217261827, -1.2237405831083819], "timestamp": 1767299537}