{"label": "C", "features": [0.0, 0.0, 0.24722299199568, 0.0476799220230452, 0.49441569635449956, -0.12399758530689166, 0.691696560872966, -0.17820964509407794, 0.868469104434565, -0.20939310906955616, 0.5084917975244977, -0.7902796964171075, 0.6608582822845938, -1.024527402333013, 0.7927144165039091, -1.0676529380545399, 0.9027601736250344, -1.0461830626882713, 0.45937805252760283, -0.8882408425527323, 0.6418334310465329, -1.1819225715429893, 0.7940089787969363, -1.2177878172410073, 0.9131716268567514, -1.1478396127645563, 0.39034597100526225, -0.9335361595994512, 0.5773424654693542, -1.2401906767200508, 0.7348975034429652, -1.267973963153339, 0.8572567461662791, -1.1946902155762458, 0.3167357726618014, -0.9292762190872057, 0.4844793218803418, -1.1752393078382246, 0.6192201193278606, -1.2353574568132086, 0.7375454859625062, -1.2134929054367165], "timestamp": 1767299538}