{"label": "C", "features": [0.0, 0.0, -0.25166430742058077, -0.0241688380582435, -0.4776870343985902, -0.18120642987579735, -0.6589336143009213, -0.19284870597468526, -0.8199472903412246, -0.20447029126235328, -0.33091479445707894, -0.9010840896672665, -0.4935421074533499, -1.180402405240731, -0.6474782944605558, -1.2313816082562865, -0.7727431750965684, -1.2055033150805927, -0.2911761209558924, -0.9566694613710524, -0.4935098396406142, -1.3226261151824101, -0.6785999840462151, -1.3272431219146126, -0.8038466370628198, -1.2133123720818209, -0.2779862214415954, -0.9336088133089772, -0.49531806874972106, -1.2863319691109676, -0.6840596486972645, -1.2881207390047604, -0.812273216251288, -1.191392428147831, -0.30732825494316574, -0.8465386775464598, -0.5123948849431771, -1.1172523251634563, -0.663348392985368, -1.1773327756047562, -0.7783523554905993, -1.166999932273068], "timestamp": 1767299530}