{"label": "C", "features": [0.0, 0.0, -0.23348175400954735, -0.0757499062095288, -0.44888927913579235, -0.33689119866384937, -0.6040719705072228, -0.5142738275309169, -0.7303474392005987, -0.6750421163104743, -0.37983511457345187, -0.8803959590735029, -0.470432954373294, -1.199643478157385, -0.5729724585641546, -1.243014996084732, -0.6544739926034044, -1.1998303851852445, -0.31163861011792604, -0.9502006990328724, -0.4256157928638417, -1.3502320881147352, -0.5612967866976724, -1.3639971398576987, -0.6508981983608172, -1.240485979441012, -0.23957747743195093, -0.9840925184657391, -0.35325010733352236, -1.392180803923303, -0.503295679920836, -1.3991182229889063, -0.5999096664321403, -1.2861868354133277, -0.16445657108884607, -0.9864125234396713, -0.28881532171991336, -1.317372555459916, -0.42386731568732006, -1.3583744557725588, -0.5201733108544244, -1.2823163126116977], "timestamp": 1767299532}