{"label": "C", "features": [0.0, 0.0, -0.07241062702567841, -0.3522067366774981, -0.23977458596666038, -0.5423556595106132, -0.4670856612548121, -0.5521091078928365, -0.6648861412114113, -0.4868510096807886, -0.15251045384970988, -0.9543229815151208, -0.5221285048611058, -0.7099972068919689, -0.4890544730733918, -0.3904723031830204, -0.3925247752876021, -0.22644823788598994, -0.2190534500698515, -0.9757128532001028, -0.6053949428481282, -0.5702970389769618, -0.5307808524298466, -0.2580794406665795, -0.4277974336996401, -0.1483483095982876, -0.3002924409707804, -0.8925713300112487, -0.6566262027561081, -0.4603366871510886, -0.5486550244586403, -0.14464082156511388, -0.42837342971341563, -0.0631097319189735, -0.3898044085719393, -0.7421411071101578, -0.6529098823634678, -0.35185133935611046, -0.5795495664008744, -0.1119371179921712, -0.4829990494820567, -0.07525843207078553], "timestamp": 1767299523}