{"label": "C", "features": [0.0, 0.0, -0.21453521609052975, -0.2688723267028386, -0.32683387361962585, -0.7083639013527393, -0.35236300838788925, -1.046898786995938, -0.37739557203826807, -1.3333462296462277, -0.11609614518891292, -1.0370323223317448, -0.20119681345698764, -1.2139786018702496, -0.2347573580480843, -0.9213200872610533, -0.24256725198644474, -0.6654349856612752, 0.003605405730210963, -0.9999934962465435, -0.11082467611683658, -1.1610512761996714, -0.14544357437819225, -0.8121508173644924, -0.15380611619327864, -0.5281321834727064, 0.12345920124347423, -0.9282558434880634, -0.011387134418655598, -1.0556130138234865, -0.04903240147051208, -0.6920952977639944, -0.05831779926707341, -0.41175235585671377, 0.2498074974017336, -0.81359003626109, 0.10114268115254214, -0.9316800781512485, 0.04413037928021399, -0.6620985453807106, 0.02525737816772463, -0.43771767138718654], "timestamp": 1767299618}