{"label": "C", "features": [0.0, 0.0, 0.21670666520377357, -0.09961291174927549, 0.4027963657029061, -0.34455482626873574, 0.5721111057297082, -0.5228768756031233, 0.7195974685807872, -0.6710764432753049, 0.3491434767972392, -0.8726083520307146, 0.4443843472231565, -1.1648029027129145, 0.5343577268287625, -1.283939092248698, 0.6240463315235728, -1.3472284148568683, 0.2787428091985612, -0.9603657828497434, 0.3953454597282598, -1.293825372979763, 0.49676941033901983, -1.4145265569808094, 0.5982613858171955, -1.4471953939284683, 0.19113804702607182, -0.9884387865189233, 0.3085705164352997, -1.321873870796085, 0.4119135288336472, -1.451569547825349, 0.5172663028428031, -1.493789188828744, 0.0886745694041432, -0.9751259115348122, 0.18493201020895422, -1.2467879376398205, 0.27274028363075115, -1.3822638975023565, 0.370541452327368, -1.459642113768468], "timestamp": 1767300076}