{"label": "C", "features": [0.0, 0.0, 0.21355987661575926, -0.09652212715658566, 0.4023762382541225, -0.3432260402579275, 0.5772236547448394, -0.5127028414685585, 0.7252955312574849, -0.6546771813410546, 0.34426345531650143, -0.8752013460041703, 0.43567611320439126, -1.1666241470943421, 0.5250437305521255, -1.288333222394253, 0.6148026493060524, -1.3519105830627534, 0.272815521362289, -0.9620663604772931, 0.38373297438767656, -1.2933966152611525, 0.4842986886118846, -1.4182973514081594, 0.5865053352360213, -1.4533566210481719, 0.18455457287945415, -0.987954338105352, 0.29775747111539747, -1.3195393355335845, 0.399636014781727, -1.4535000007879009, 0.5043029463767105, -1.501693132994361, 0.08230686118422993, -0.9713253507766538, 0.17699832139209964, -1.2413068950212, 0.26361972951131374, -1.3792607556287875, 0.36091736009511377, -1.4608240606190728], "timestamp": 1767300074}