{"label": "C", "features": [0.0, 0.0, -0.2618340577883212, 0.006840352562911048, -0.5030653223296867, -0.15431796860032815, -0.6974507529893407, -0.2196513486240571, -0.867348605501865, -0.30055177192847904, -0.43265520109297306, -0.8193881060315833, -0.5979753684745908, -1.0736711316903331, -0.7409755550809151, -1.1479877681266877, -0.8686603253969657, -1.1683579483952578, -0.3875347036018994, -0.921855110751368, -0.5845354251894546, -1.2530778422338418, -0.7565388943332897, -1.3074477923060122, -0.896161254048597, -1.2655901733604793, -0.3299140982776384, -0.988375014513041, -0.5294901072872578, -1.357361302440893, -0.7093631549960333, -1.3928913298103704, -0.8488840243354207, -1.32559024647638, -0.2755898312213931, -1.0266946690765981, -0.48288034347702885, -1.2990128555520972, -0.6437136978891475, -1.3406504552155265, -0.7693259408935302, -1.3009942637671363], "timestamp": 1767300083}