{"label": "C", "features": [0.0, 0.0, 0.2127500932584607, -0.10089323237032057, 0.4012046983049142, -0.34899168005510883, 0.5772598865267398, -0.5192499202687646, 0.7278866740536661, -0.6599246733225064, 0.3411969003518084, -0.8752161497084733, 0.435013177126945, -1.1665826923161058, 0.5258927351709249, -1.286066224217121, 0.6178121855557615, -1.3499315562531888, 0.2705275091613473, -0.962712240176491, 0.38733699215999556, -1.2967167502990233, 0.48956444716999253, -1.4197930450955805, 0.5925643616124943, -1.4524190193710438, 0.1826374839954327, -0.9882314195642199, 0.29917659218364673, -1.3244572058495734, 0.40295667104029775, -1.4565093839902448, 0.509302228603416, -1.4999755669866404, 0.08126163959301583, -0.9726149627671509, 0.17615605343608076, -1.2447383837629369, 0.2644087731015882, -1.38270294454587, 0.3638583720928805, -1.462419525183301], "timestamp": 1767300074}