{"label": "C", "features": [0.0, 0.0, 0.210799960802656, -0.09541490361237533, 0.39711099039928044, -0.3477349769629054, 0.5693370449408814, -0.517038753231727, 0.7169027769200734, -0.659776312796605, 0.3411283409934541, -0.8779277385638784, 0.43196047345178307, -1.1638274408264784, 0.5216023263279974, -1.28324047312435, 0.6104171324398742, -1.3465406431027838, 0.2708976721578688, -0.962608145552232, 0.38132949132556976, -1.2872397902616375, 0.48230765820217664, -1.4108558060488554, 0.5833897450002233, -1.4489611684070864, 0.18415528247127977, -0.9864218059434453, 0.2953553021827438, -1.3142027668262861, 0.39755977977888557, -1.44772859745132, 0.5015962807290325, -1.4970812393390982, 0.08232641904901712, -0.968325827976836, 0.1757102237952314, -1.236975379745858, 0.261372514057377, -1.3760825587620142, 0.35692083025965976, -1.460940756459337], "timestamp": 1767300075}