{"label": "C", "features": [0.0, 0.0, -0.23555388498182742, -0.25409224826506016, -0.37209421489753525, -0.7187455046705866, -0.418802454632136, -1.0868023492178085, -0.5010274490703162, -1.3563207489124918, -0.21386625018186073, -1.0178807073761804, -0.2699457855938812, -1.2615834523848837, -0.26988206430260964, -0.9441885004101941, -0.2543196719531548, -0.6716474719324754, -0.07228820562776071, -0.9973837808892626, -0.1449256785842483, -1.2275130910082837, -0.15367549170955938, -0.8399095404013063, -0.14675866551936054, -0.5400734034917255, 0.06765334819067106, -0.9319409482882666, -0.015113143915176432, -1.135822951961606, -0.041468963187416635, -0.7370929706962862, -0.04800746087420832, -0.44432749757131296, 0.20974782848198015, -0.8270541031576252, 0.10229986735152953, -0.9630422707544068, 0.06251351951647557, -0.672434256579096, 0.057132669723830416, -0.455174514366674], "timestamp": 1767299620}