{"label": "C", "features": [0.0, 0.0, -0.22823925428511352, -0.25455013903137813, -0.3617396058727757, -0.7266037149806082, -0.405138383786113, -1.0968619614122375, -0.47956972888445065, -1.37494907583845, -0.19560054534602558, -1.0268620702820543, -0.25454934821810676, -1.2548142593496723, -0.25701774004237665, -0.9418293460725826, -0.2461095253819633, -0.6707662351223946, -0.05815350832553891, -0.9983076482850037, -0.13176135320398985, -1.212787015253259, -0.1447219919079492, -0.8316345251956766, -0.14221036895817954, -0.5341158106705691, 0.07785003087033203, -0.9252491550257089, -0.005279205795029068, -1.1242164560722445, -0.03645517378656538, -0.7317334570673543, -0.045672102464010406, -0.440705210664542, 0.21570090986804866, -0.8129813489602021, 0.10810101093882661, -0.9534630001072367, 0.06565779906168948, -0.6673862992006957, 0.06017166379399362, -0.4508951032701566], "timestamp": 1767299621}