{"label": "C", "features": [0.0, 0.0, -0.24889293344222319, -0.21643047153128753, -0.41085475198062765, -0.6584271377781391, -0.4750447925063818, -1.0147059272544274, -0.576447208989969, -1.248183395579517, -0.27915528342922225, -0.9866663790134391, -0.34514209092416076, -1.2466706517948836, -0.32127319891947254, -0.9323384029174153, -0.28843195044944125, -0.6572969176997664, -0.13345112281552482, -0.9910553914198169, -0.21231907577146325, -1.231806949762775, -0.1964802452683355, -0.8399750776699774, -0.17468600381846836, -0.5318085877368295, 0.014909348615339933, -0.9487426103988127, -0.07495836314303189, -1.1517575244244846, -0.07386231126731195, -0.743123438677202, -0.06310253070069742, -0.44413137809539815, 0.16909923574566207, -0.8638946881004782, 0.0517957919525558, -0.9916015487840942, 0.03470822041810367, -0.693743178488745, 0.04781412858717864, -0.4746908312820261], "timestamp": 1767299618}