{"label": "C", "features": [0.0, 0.0, 0.2862762207565702, 0.05272610739595883, 0.5298927889304292, -0.05979156756018502, 0.7306449283599241, -0.11963091622475569, 0.9044838488037993, -0.1769105628686667, 0.565982539660114, -0.7492043038309192, 0.7391405793664936, -1.015226797025619, 0.8753315731373077, -1.0616183245076507, 0.9765947502490151, -1.0329361807789537, 0.5291035474740592, -0.848557260648009, 0.7233170134151796, -1.1861962915043347, 0.8821035208031649, -1.2083000010399365, 0.9876122196863385, -1.100880911215344, 0.47194864364195493, -0.9088102571591182, 0.6693054236644456, -1.256997649395781, 0.8282405644164305, -1.271524129009826, 0.9402703601674366, -1.1640159615549146, 0.41035538715282827, -0.9257759621520505, 0.584847202258773, -1.2077194606216508, 0.7265860941891649, -1.265743639259971, 0.8406948799213507, -1.2172337023856414], "timestamp": 1767299533}