{"label": "C", "features": [0.0, 0.0, -0.26283569288610603, -0.021954754859603628, -0.44244938741696543, -0.17921789487705866, -0.6066019372322842, -0.17357639594483673, -0.7500563548842125, -0.16915714329630277, -0.24302522562148346, -0.9297458658865316, -0.47318190021451706, -1.0829117378042763, -0.635511087436717, -1.0599693674492134, -0.7632493627377291, -1.016498392444583, -0.20685700145710062, -0.9783711836760229, -0.5024395236418083, -1.1615954610689925, -0.6867095738856736, -1.1226262656484447, -0.8121276767961134, -1.0361533417607611, -0.2117690611701229, -0.9443682025909687, -0.5016375643194733, -1.1638545329181245, -0.6859881401324045, -1.1021055487373677, -0.8166618314262385, -1.0073546198951935, -0.2665537609010775, -0.8433715975936978, -0.5122848340070808, -1.0255804758153313, -0.6544557871064406, -1.0073388444182128, -0.7674126759313664, -0.9502439791290989], "timestamp": 1767300081}