{"label": "C", "features": [0.0, 0.0, 0.24969759003416608, 0.04831448437694473, 0.49928326655832156, -0.13465668481013762, 0.6977253964676681, -0.18443531941749708, 0.8710378423494862, -0.17621493203854288, 0.514538747400814, -0.7909357475594111, 0.6701101195658715, -1.030280719610913, 0.8010888070594459, -1.081026695027176, 0.9066252564961528, -1.0556516978223178, 0.4632458797215434, -0.8862297921800804, 0.6422926563780337, -1.1902167186663832, 0.7933830054192005, -1.2300457166731196, 0.9107994449275421, -1.1549604077496098, 0.3944660623731053, -0.9294061480035005, 0.5766924811579349, -1.2511185359627643, 0.7328320771666372, -1.286305132800788, 0.8572091041829575, -1.2106574739471423, 0.32280617248527876, -0.9257902905087939, 0.4880130814549077, -1.167788261969566, 0.6223329436983146, -1.2361283086881976, 0.7425895749648529, -1.221982379192191], "timestamp": 1767299537}