{"label": "C", "features": [0.0, 0.0, -0.23239277396084787, -0.2497788990247808, -0.36489768912297615, -0.7103312187251117, -0.40716624248874983, -1.0829688027565876, -0.48957106623999297, -1.3552329247022397, -0.21214964777880696, -1.018210812992397, -0.2697942340770251, -1.2535040395585395, -0.27125789083934826, -0.9366963497149601, -0.2581271147538933, -0.6647650924953923, -0.07098919636910068, -0.9974770800186671, -0.14346443359998434, -1.2198736418454692, -0.15483318604443455, -0.8387027124152313, -0.1519848752237639, -0.5416004036819647, 0.06848586402245725, -0.9332081169920863, -0.014618397001317462, -1.1206146445703962, -0.04277048387836599, -0.7291646733258795, -0.05229689326610282, -0.44035975524883453, 0.20987700332777257, -0.8299378890938203, 0.10125671231627195, -0.9635754396886135, 0.06106566672271266, -0.6771524531364359, 0.05238458626751585, -0.4594267945110238], "timestamp": 1767299620}