{"label": "C", "features": [0.0, 0.0, -0.21008174643233551, -0.19218455411488325, -0.3627112489102761, -0.6073345415498597, -0.41557925538914986, -0.9341236475055368, -0.42889382402038234, -1.2180195786543173, -0.19904342761073318, -1.0239425876186545, -0.24748588589539042, -1.2209902957933183, -0.2741128714387868, -0.9228607430061557, -0.2744200293358207, -0.6496653107852169, -0.06777699893989321, -0.9977004908236429, -0.13264245301517033, -1.2050686505456678, -0.17259368992560764, -0.8644047221062876, -0.18239961165070456, -0.5527916907410123, 0.06952580861284785, -0.9302177394663723, -0.021128267463746356, -1.11245624115182, -0.0699163456237876, -0.7731411716035298, -0.0793373786004997, -0.47620609186428975, 0.21571682970795422, -0.8246673122782863, 0.10915805317137434, -0.9907671140550448, 0.04949706959312466, -0.7409070751324057, 0.0378912348671953, -0.5025003678467134], "timestamp": 1767299615}