{"label": "C", "features": [0.0, 0.0, 0.24856590299645676, -0.047360064717034495, 0.44505708950114603, -0.2850876973224047, 0.613842010800214, -0.41255224939261975, 0.7664956881789307, -0.5068715974192138, 0.38589433085409774, -0.8733001941217294, 0.5038283453704018, -1.1490419570747994, 0.6222570354870861, -1.2362580293749923, 0.7235256616847557, -1.255320350865906, 0.3313667324379363, -0.9435020293246322, 0.46691130911738626, -1.2874962843252433, 0.6127176347645232, -1.3644321888853945, 0.7311173810960789, -1.3245844905228472, 0.26550231039402283, -0.9606010204721553, 0.4015652439525947, -1.3220690124698498, 0.5503199580465671, -1.3982608263242777, 0.6744530665997754, -1.3685161708157456, 0.2043449233392822, -0.9294320260638721, 0.32402332023587455, -1.2248162325935203, 0.44441589464399023, -1.325528971932308, 0.5580834013505195, -1.3403448662299238], "timestamp": 1767299535}