{"label": "C", "features": [0.0, 0.0, -0.23012373065530925, -0.2521491666929949, -0.36719196077373467, -0.7197864713047017, -0.41224619233957244, -1.0887822541824692, -0.4900558202385826, -1.358106932871323, -0.20786387720762814, -1.020315948001176, -0.26371349404100786, -1.2529197353907084, -0.2631442702962844, -0.9382830984242365, -0.24896161967391553, -0.6665612699495536, -0.068465511546005, -0.9976534793408474, -0.13871127101582856, -1.2151748240834295, -0.14833907216669262, -0.8333128363772788, -0.14370237526051138, -0.5364913928136026, 0.0700264401303024, -0.9294994648277854, -0.009984592395230012, -1.1251619820647576, -0.03800104874848306, -0.731351063531144, -0.04642683158685066, -0.4406512253487162, 0.2103969096277259, -0.8197107992720963, 0.1058748218832679, -0.9531388051356432, 0.06567660656313255, -0.6670282506205388, 0.05951712356648369, -0.45136343878943497], "timestamp": 1767299621}