{"label": "C", "features": [0.0, 0.0, 0.0036966302586874966, -0.4024092301329264, -0.07061177686909867, -0.6231638426581485, -0.22154064420612565, -0.7247245281326612, -0.3740291311316474, -0.728122093039406, -0.09717259621209633, -0.9822185517780277, -0.4128858502809066, -0.8512897317012269, -0.426348353835211, -0.5877297833584808, -0.36766683723320953, -0.3933949607453819, -0.19882868394867123, -0.9800342547692477, -0.5522602593048727, -0.6633443718916313, -0.5125382831179539, -0.3889558520123844, -0.42398009637762846, -0.23859234677618674, -0.30435914050607993, -0.8669087411705803, -0.6259537366348015, -0.5102357702627054, -0.5442000125379499, -0.23289766131596223, -0.4373308133683427, -0.12322778356616444, -0.40050574760856406, -0.6846875170847153, -0.6464583789028477, -0.38606806701900664, -0.5849898718712995, -0.17116036878086482, -0.49703251198574383, -0.12057186754884218], "timestamp": 1767299522}