{"label": "C", "features": [0.0, 0.0, 0.014467199008425377, -0.3928147927725336, -0.04622570102014928, -0.6274265565236551, -0.1925935047472575, -0.7482967718054246, -0.33939961887309156, -0.7746621134967957, -0.07157211882700644, -0.9975218380312134, -0.3550544363751743, -0.9059428341448336, -0.3799864017192671, -0.6830784647025294, -0.3391310587443925, -0.5237868381783088, -0.17900081521451727, -0.9838489182713461, -0.5240005039410789, -0.6848789999050025, -0.49278904539905566, -0.4377352746766313, -0.41359231027668036, -0.3131237972246202, -0.28959016028648166, -0.8650503319068684, -0.6102762898143589, -0.5244595052931165, -0.5350323713032288, -0.2769137844004034, -0.43379998203604814, -0.19081619408421607, -0.3869149152282203, -0.6787194297834093, -0.6329358395411656, -0.38334635917847854, -0.5709852251362857, -0.17716607659942699, -0.4816374660927451, -0.13490501559241527], "timestamp": 1767299522}