{"label": "C", "features": [0.0, 0.0, 0.21570311381564333, -0.10352159890869722, 0.4010745889759352, -0.3488049376932765, 0.5728932987674098, -0.5299508374247316, 0.7195100779361235, -0.6847620532175476, 0.3461888605269748, -0.8729004938059466, 0.4400039013414179, -1.1677255958997212, 0.5261849677641303, -1.2899812786138878, 0.61322109114035, -1.3596627875384852, 0.2739797795901073, -0.9617354474726971, 0.38795808290256684, -1.2967966683431122, 0.48604587373073216, -1.426968668860041, 0.5867382649232046, -1.4731510384467608, 0.18394546491001307, -0.9894087630648346, 0.3000629596224612, -1.3214651741075256, 0.4006657895134793, -1.4581678270084888, 0.5047030700038208, -1.5127140392659297, 0.07852547621372806, -0.9753293321811759, 0.17468206627437027, -1.2456332258711054, 0.26014326261369497, -1.3845374532798311, 0.35725587732146524, -1.472085033648004], "timestamp": 1767300075}