{"label": "C", "features": [0.0, 0.0, 0.24405209711939674, -0.006904141073109897, 0.47313785395171176, -0.19194829142049594, 0.6664139242603556, -0.26646930187043577, 0.8356395754137496, -0.3372360522929791, 0.44065379755359374, -0.8426112647259888, 0.5937154796858699, -1.1279255978777198, 0.7177634155268743, -1.1862234379894103, 0.8308519973575674, -1.1908657177737811, 0.39496769286249417, -0.9186950044610479, 0.5617322386076122, -1.2663674915584473, 0.7128408955650631, -1.3285498964242757, 0.8454424170094949, -1.284875245361985, 0.3334419125271492, -0.9498803416253803, 0.49656766399917185, -1.3066855979692675, 0.6456931541190282, -1.3820465560883801, 0.7750508143589578, -1.3432253310224755, 0.2625828822447428, -0.9341089870834122, 0.3986188529459565, -1.2382856636509523, 0.5240491318133528, -1.346520201194741, 0.6443714035634341, -1.3610268424814327], "timestamp": 1767299533}