{"label": "C", "features": [0.0, 0.0, 0.2155001263892203, -0.10171785479253691, 0.3985230481413463, -0.3515629159511103, 0.568622672970507, -0.527411761899952, 0.7170100053545116, -0.6755640101433267, 0.34521015745063754, -0.8748920077367094, 0.43989419908992494, -1.1677488848636266, 0.5294454999831044, -1.2872774232012039, 0.6197470724035012, -1.352220859068469, 0.2758540051530901, -0.961199541406366, 0.3909208687833419, -1.2926918147250146, 0.49115590679416693, -1.413760569203596, 0.5932389790786701, -1.4474857878511804, 0.18878846229748816, -0.9883426854857178, 0.3050345451179022, -1.3222201272784786, 0.4068332936153237, -1.4526334411759279, 0.5121411406882899, -1.4955110439365151, 0.08661985371286349, -0.9739123740119271, 0.1827388793344527, -1.2479732119259566, 0.2695155964924404, -1.384399671448067, 0.36681496678182496, -1.4627106865339947], "timestamp": 1767300076}