{"label": "C", "features": [0.0, 0.0, 0.21500705862627612, -0.10367893423253388, 0.3993618728676771, -0.35417681168459747, 0.5672783681276221, -0.5420671731386579, 0.7101767406051118, -0.7096336724828851, 0.33798985085878513, -0.8759820515343778, 0.431436378477713, -1.166561887190228, 0.5219007951798522, -1.2867505967360897, 0.6130879016070805, -1.354836431510941, 0.2676898505690865, -0.9635051294620318, 0.3807857485691585, -1.2940797746188755, 0.4823158087587123, -1.4198423582716573, 0.5865612095593996, -1.4609000456816323, 0.18041785057616683, -0.9888015116074237, 0.29433451561958346, -1.3200329945756706, 0.39706167953367416, -1.458068693614048, 0.5037001668997979, -1.5122401591375236, 0.07991522035056765, -0.9715530739771765, 0.17359447143467058, -1.2455085239677943, 0.2606596683965256, -1.3847690686007295, 0.3585303237315086, -1.4650047215610835], "timestamp": 1767300074}